mes,ticker,setor,nome,status_liquidez
2012-01,ITUB4.SA,Bancos,Itaú Unibanco PN,Ativo
2012-01,BBDC4.SA,Bancos,Bradesco PN,Ativo
2012-01,BBAS3.SA,Bancos,Banco do Brasil ON,Ativo
2012-01,SANB11.SA,Bancos,Santander Brasil Unit,Ativo
2012-01,BPAC11.SA,Bancos,BTG Pactual Unit,Pre-IPO
2012-01,ABCB4.SA,Bancos,Banco ABC Brasil PN,Ativo
2012-01,BRSR6.SA,Bancos,Banrisul PN,Ativo
2012-01,ITSA4.SA,Bancos,Itaúsa PN,Ativo
2012-01,TAEE11.SA,Energia,Taesa Unit,Ativo
2012-01,TRPL4.SA,Energia,ISA CTEEP PN,Ativo
2012-01,EGIE3.SA,Energia,Engie Brasil ON,Ativo
2012-01,CPLE6.SA,Energia,Copel PNB,Ativo
2012-01,ELET3.SA,Energia,Eletrobras ON,Ativo
2012-01,ELET6.SA,Energia,Eletrobras PNB,Ativo
2012-01,EQTL3.SA,Energia,Equatorial Energia ON,Ativo
2012-01,CMIG4.SA,Energia,Cemig PN,Ativo
2012-01,CPFE3.SA,Energia,CPFL Energia ON,Ativo
2012-01,ALUP11.SA,Energia,Alupar Unit,Pre-IPO
2012-01,ENGI11.SA,Energia,Energisa Unit,Ativo
2012-01,ENBR3.SA,Energia,EDP Brasil ON (Deslistada),Ativo
2012-01,AESB3.SA,Energia,AES Brasil ON (Incorporada),Pre-IPO
2012-01,AURE3.SA,Energia,Auren Energia ON,Pre-IPO
2012-01,BBSE3.SA,Seguros,BB Seguridade ON,Pre-IPO
2012-01,PSSA3.SA,Seguros,Porto Seguro ON,Ativo
2012-01,CXSE3.SA,Seguros,Caixa Seguridade ON,Pre-IPO
2012-01,WIZC3.SA,Seguros,Wiz Soluções ON,Pre-IPO
2012-01,SULA11.SA,Seguros,SulAmérica Unit (Incorporada),Ativo
2012-01,SBSP3.SA,Saneamento,Sabesp ON,Ativo
2012-01,SAPR11.SA,Saneamento,Sanepar Unit,Pre-IPO
2012-01,SAPR4.SA,Saneamento,Sanepar PN,Ativo
2012-01,CSMG3.SA,Saneamento,Copasa ON,Ativo
2012-02,ITUB4.SA,Bancos,Itaú Unibanco PN,Ativo
2012-02,BBDC4.SA,Bancos,Bradesco PN,Ativo
2012-02,BBAS3.SA,Bancos,Banco do Brasil ON,Ativo
2012-02,SANB11.SA,Bancos,Santander Brasil Unit,Ativo
2012-02,BPAC11.SA,Bancos,BTG Pactual Unit,Pre-IPO
2012-02,ABCB4.SA,Bancos,Banco ABC Brasil PN,Ativo
2012-02,BRSR6.SA,Bancos,Banrisul PN,Ativo
2012-02,ITSA4.SA,Bancos,Itaúsa PN,Ativo
2012-02,TAEE11.SA,Energia,Taesa Unit,Ativo
2012-02,TRPL4.SA,Energia,ISA CTEEP PN,Ativo
2012-02,EGIE3.SA,Energia,Engie Brasil ON,Ativo
2012-02,CPLE6.SA,Energia,Copel PNB,Ativo
2012-02,ELET3.SA,Energia,Eletrobras ON,Ativo
2012-02,ELET6.SA,Energia,Eletrobras PNB,Ativo
2012-02,EQTL3.SA,Energia,Equatorial Energia ON,Ativo
2012-02,CMIG4.SA,Energia,Cemig PN,Ativo
2012-02,CPFE3.SA,Energia,CPFL Energia ON,Ativo
2012-02,ALUP11.SA,Energia,Alupar Unit,Pre-IPO
2012-02,ENGI11.SA,Energia,Energisa Unit,Ativo
2012-02,ENBR3.SA,Energia,EDP Brasil ON (Deslistada),Ativo
2012-02,AESB3.SA,Energia,AES Brasil ON (Incorporada),Pre-IPO
2012-02,AURE3.SA,Energia,Auren Energia ON,Pre-IPO
2012-02,BBSE3.SA,Seguros,BB Seguridade ON,Pre-IPO
2012-02,PSSA3.SA,Seguros,Porto Seguro ON,Ativo
2012-02,CXSE3.SA,Seguros,Caixa Seguridade ON,Pre-IPO
2012-02,WIZC3.SA,Seguros,Wiz Soluções ON,Pre-IPO
2012-02,SULA11.SA,Seguros,SulAmérica Unit (Incorporada),Ativo
2012-02,SBSP3.SA,Saneamento,Sabesp ON,Ativo
2012-02,SAPR11.SA,Saneamento,Sanepar Unit,Pre-IPO
2012-02,SAPR4.SA,Saneamento,Sanepar PN,Ativo
2012-02,CSMG3.SA,Saneamento,Copasa ON,Ativo
2012-03,ITUB4.SA,Bancos,Itaú Unibanco PN,Ativo
2012-03,BBDC4.SA,Bancos,Bradesco PN,Ativo
2012-03,BBAS3.SA,Bancos,Banco do Brasil ON,Ativo
2012-03,SANB11.SA,Bancos,Santander Brasil Unit,Ativo
2012-03,BPAC11.SA,Bancos,BTG Pactual Unit,Pre-IPO
2012-03,ABCB4.SA,Bancos,Banco ABC Brasil PN,Ativo
2012-03,BRSR6.SA,Bancos,Banrisul PN,Ativo
2012-03,ITSA4.SA,Bancos,Itaúsa PN,Ativo
2012-03,TAEE11.SA,Energia,Taesa Unit,Ativo
2012-03,TRPL4.SA,Energia,ISA CTEEP PN,Ativo
2012-03,EGIE3.SA,Energia,Engie Brasil ON,Ativo
2012-03,CPLE6.SA,Energia,Copel PNB,Ativo
2012-03,ELET3.SA,Energia,Eletrobras ON,Ativo
2012-03,ELET6.SA,Energia,Eletrobras PNB,Ativo
2012-03,EQTL3.SA,Energia,Equatorial Energia ON,Ativo
2012-03,CMIG4.SA,Energia,Cemig PN,Ativo
2012-03,CPFE3.SA,Energia,CPFL Energia ON,Ativo
2012-03,ALUP11.SA,Energia,Alupar Unit,Pre-IPO
2012-03,ENGI11.SA,Energia,Energisa Unit,Ativo
2012-03,ENBR3.SA,Energia,EDP Brasil ON (Deslistada),Ativo
2012-03,AESB3.SA,Energia,AES Brasil ON (Incorporada),Pre-IPO
2012-03,AURE3.SA,Energia,Auren Energia ON,Pre-IPO
2012-03,BBSE3.SA,Seguros,BB Seguridade ON,Pre-IPO
2012-03,PSSA3.SA,Seguros,Porto Seguro ON,Ativo
2012-03,CXSE3.SA,Seguros,Caixa Seguridade ON,Pre-IPO
2012-03,WIZC3.SA,Seguros,Wiz Soluções ON,Pre-IPO
2012-03,SULA11.SA,Seguros,SulAmérica Unit (Incorporada),Ativo
2012-03,SBSP3.SA,Saneamento,Sabesp ON,Ativo
2012-03,SAPR11.SA,Saneamento,Sanepar Unit,Pre-IPO
2012-03,SAPR4.SA,Saneamento,Sanepar PN,Ativo
2012-03,CSMG3.SA,Saneamento,Copasa ON,Ativo
2012-04,ITUB4.SA,Bancos,Itaú Unibanco PN,Ativo
2012-04,BBDC4.SA,Bancos,Bradesco PN,Ativo
2012-04,BBAS3.SA,Bancos,Banco do Brasil ON,Ativo
2012-04,SANB11.SA,Bancos,Santander Brasil Unit,Ativo
2012-04,BPAC11.SA,Bancos,BTG Pactual Unit,Pre-IPO
2012-04,ABCB4.SA,Bancos,Banco ABC Brasil PN,Ativo
2012-04,BRSR6.SA,Bancos,Banrisul PN,Ativo
2012-04,ITSA4.SA,Bancos,Itaúsa PN,Ativo
2012-04,TAEE11.SA,Energia,Taesa Unit,Ativo
2012-04,TRPL4.SA,Energia,ISA CTEEP PN,Ativo
2012-04,EGIE3.SA,Energia,Engie Brasil ON,Ativo
2012-04,CPLE6.SA,Energia,Copel PNB,Ativo
2012-04,ELET3.SA,Energia,Eletrobras ON,Ativo
2012-04,ELET6.SA,Energia,Eletrobras PNB,Ativo
2012-04,EQTL3.SA,Energia,Equatorial Energia ON,Ativo
2012-04,CMIG4.SA,Energia,Cemig PN,Ativo
2012-04,CPFE3.SA,Energia,CPFL Energia ON,Ativo
2012-04,ALUP11.SA,Energia,Alupar Unit,Pre-IPO
2012-04,ENGI11.SA,Energia,Energisa Unit,Ativo
2012-04,ENBR3.SA,Energia,EDP Brasil ON (Deslistada),Ativo
2012-04,AESB3.SA,Energia,AES Brasil ON (Incorporada),Pre-IPO
2012-04,AURE3.SA,Energia,Auren Energia ON,Pre-IPO
2012-04,BBSE3.SA,Seguros,BB Seguridade ON,Pre-IPO
2012-04,PSSA3.SA,Seguros,Porto Seguro ON,Ativo
2012-04,CXSE3.SA,Seguros,Caixa Seguridade ON,Pre-IPO
2012-04,WIZC3.SA,Seguros,Wiz Soluções ON,Pre-IPO
2012-04,SULA11.SA,Seguros,SulAmérica Unit (Incorporada),Ativo
2012-04,SBSP3.SA,Saneamento,Sabesp ON,Ativo
2012-04,SAPR11.SA,Saneamento,Sanepar Unit,Pre-IPO
2012-04,SAPR4.SA,Saneamento,Sanepar PN,Ativo
2012-04,CSMG3.SA,Saneamento,Copasa ON,Ativo
2012-05,ITUB4.SA,Bancos,Itaú Unibanco PN,Ativo
2012-05,BBDC4.SA,Bancos,Bradesco PN,Ativo
2012-05,BBAS3.SA,Bancos,Banco do Brasil ON,Ativo
2012-05,SANB11.SA,Bancos,Santander Brasil Unit,Ativo
2012-05,BPAC11.SA,Bancos,BTG Pactual Unit,Ativo
2012-05,ABCB4.SA,Bancos,Banco ABC Brasil PN,Ativo
2012-05,BRSR6.SA,Bancos,Banrisul PN,Ativo
2012-05,ITSA4.SA,Bancos,Itaúsa PN,Ativo
2012-05,TAEE11.SA,Energia,Taesa Unit,Ativo
2012-05,TRPL4.SA,Energia,ISA CTEEP PN,Ativo
2012-05,EGIE3.SA,Energia,Engie Brasil ON,Ativo
2012-05,CPLE6.SA,Energia,Copel PNB,Ativo
2012-05,ELET3.SA,Energia,Eletrobras ON,Ativo
2012-05,ELET6.SA,Energia,Eletrobras PNB,Ativo
2012-05,EQTL3.SA,Energia,Equatorial Energia ON,Ativo
2012-05,CMIG4.SA,Energia,Cemig PN,Ativo
2012-05,CPFE3.SA,Energia,CPFL Energia ON,Ativo
2012-05,ALUP11.SA,Energia,Alupar Unit,Pre-IPO
2012-05,ENGI11.SA,Energia,Energisa Unit,Ativo
2012-05,ENBR3.SA,Energia,EDP Brasil ON (Deslistada),Ativo
2012-05,AESB3.SA,Energia,AES Brasil ON (Incorporada),Pre-IPO
2012-05,AURE3.SA,Energia,Auren Energia ON,Pre-IPO
2012-05,BBSE3.SA,Seguros,BB Seguridade ON,Pre-IPO
2012-05,PSSA3.SA,Seguros,Porto Seguro ON,Ativo
2012-05,CXSE3.SA,Seguros,Caixa Seguridade ON,Pre-IPO
2012-05,WIZC3.SA,Seguros,Wiz Soluções ON,Pre-IPO
2012-05,SULA11.SA,Seguros,SulAmérica Unit (Incorporada),Ativo
2012-05,SBSP3.SA,Saneamento,Sabesp ON,Ativo
2012-05,SAPR11.SA,Saneamento,Sanepar Unit,Pre-IPO
2012-05,SAPR4.SA,Saneamento,Sanepar PN,Ativo
2012-05,CSMG3.SA,Saneamento,Copasa ON,Ativo
2012-06,ITUB4.SA,Bancos,Itaú Unibanco PN,Ativo
2012-06,BBDC4.SA,Bancos,Bradesco PN,Ativo
2012-06,BBAS3.SA,Bancos,Banco do Brasil ON,Ativo
2012-06,SANB11.SA,Bancos,Santander Brasil Unit,Ativo
2012-06,BPAC11.SA,Bancos,BTG Pactual Unit,Ativo
2012-06,ABCB4.SA,Bancos,Banco ABC Brasil PN,Ativo
2012-06,BRSR6.SA,Bancos,Banrisul PN,Ativo
2012-06,ITSA4.SA,Bancos,Itaúsa PN,Ativo
2012-06,TAEE11.SA,Energia,Taesa Unit,Ativo
2012-06,TRPL4.SA,Energia,ISA CTEEP PN,Ativo
2012-06,EGIE3.SA,Energia,Engie Brasil ON,Ativo
2012-06,CPLE6.SA,Energia,Copel PNB,Ativo
2012-06,ELET3.SA,Energia,Eletrobras ON,Ativo
2012-06,ELET6.SA,Energia,Eletrobras PNB,Ativo
2012-06,EQTL3.SA,Energia,Equatorial Energia ON,Ativo
2012-06,CMIG4.SA,Energia,Cemig PN,Ativo
2012-06,CPFE3.SA,Energia,CPFL Energia ON,Ativo
2012-06,ALUP11.SA,Energia,Alupar Unit,Pre-IPO
2012-06,ENGI11.SA,Energia,Energisa Unit,Ativo
2012-06,ENBR3.SA,Energia,EDP Brasil ON (Deslistada),Ativo
2012-06,AESB3.SA,Energia,AES Brasil ON (Incorporada),Pre-IPO
2012-06,AURE3.SA,Energia,Auren Energia ON,Pre-IPO
2012-06,BBSE3.SA,Seguros,BB Seguridade ON,Pre-IPO
2012-06,PSSA3.SA,Seguros,Porto Seguro ON,Ativo
2012-06,CXSE3.SA,Seguros,Caixa Seguridade ON,Pre-IPO
2012-06,WIZC3.SA,Seguros,Wiz Soluções ON,Pre-IPO
2012-06,SULA11.SA,Seguros,SulAmérica Unit (Incorporada),Ativo
2012-06,SBSP3.SA,Saneamento,Sabesp ON,Ativo
2012-06,SAPR11.SA,Saneamento,Sanepar Unit,Pre-IPO
2012-06,SAPR4.SA,Saneamento,Sanepar PN,Ativo
2012-06,CSMG3.SA,Saneamento,Copasa ON,Ativo
2012-07,ITUB4.SA,Bancos,Itaú Unibanco PN,Ativo
2012-07,BBDC4.SA,Bancos,Bradesco PN,Ativo
2012-07,BBAS3.SA,Bancos,Banco do Brasil ON,Ativo
2012-07,SANB11.SA,Bancos,Santander Brasil Unit,Ativo
2012-07,BPAC11.SA,Bancos,BTG Pactual Unit,Ativo
2012-07,ABCB4.SA,Bancos,Banco ABC Brasil PN,Ativo
2012-07,BRSR6.SA,Bancos,Banrisul PN,Ativo
2012-07,ITSA4.SA,Bancos,Itaúsa PN,Ativo
2012-07,TAEE11.SA,Energia,Taesa Unit,Ativo
2012-07,TRPL4.SA,Energia,ISA CTEEP PN,Ativo
2012-07,EGIE3.SA,Energia,Engie Brasil ON,Ativo
2012-07,CPLE6.SA,Energia,Copel PNB,Ativo
2012-07,ELET3.SA,Energia,Eletrobras ON,Ativo
2012-07,ELET6.SA,Energia,Eletrobras PNB,Ativo
2012-07,EQTL3.SA,Energia,Equatorial Energia ON,Ativo
2012-07,CMIG4.SA,Energia,Cemig PN,Ativo
2012-07,CPFE3.SA,Energia,CPFL Energia ON,Ativo
2012-07,ALUP11.SA,Energia,Alupar Unit,Pre-IPO
2012-07,ENGI11.SA,Energia,Energisa Unit,Ativo
2012-07,ENBR3.SA,Energia,EDP Brasil ON (Deslistada),Ativo
2012-07,AESB3.SA,Energia,AES Brasil ON (Incorporada),Pre-IPO
2012-07,AURE3.SA,Energia,Auren Energia ON,Pre-IPO
2012-07,BBSE3.SA,Seguros,BB Seguridade ON,Pre-IPO
2012-07,PSSA3.SA,Seguros,Porto Seguro ON,Ativo
2012-07,CXSE3.SA,Seguros,Caixa Seguridade ON,Pre-IPO
2012-07,WIZC3.SA,Seguros,Wiz Soluções ON,Pre-IPO
2012-07,SULA11.SA,Seguros,SulAmérica Unit (Incorporada),Ativo
2012-07,SBSP3.SA,Saneamento,Sabesp ON,Ativo
2012-07,SAPR11.SA,Saneamento,Sanepar Unit,Pre-IPO
2012-07,SAPR4.SA,Saneamento,Sanepar PN,Ativo
2012-07,CSMG3.SA,Saneamento,Copasa ON,Ativo
2012-08,ITUB4.SA,Bancos,Itaú Unibanco PN,Ativo
2012-08,BBDC4.SA,Bancos,Bradesco PN,Ativo
2012-08,BBAS3.SA,Bancos,Banco do Brasil ON,Ativo
2012-08,SANB11.SA,Bancos,Santander Brasil Unit,Ativo
2012-08,BPAC11.SA,Bancos,BTG Pactual Unit,Ativo
2012-08,ABCB4.SA,Bancos,Banco ABC Brasil PN,Ativo
2012-08,BRSR6.SA,Bancos,Banrisul PN,Ativo
2012-08,ITSA4.SA,Bancos,Itaúsa PN,Ativo
2012-08,TAEE11.SA,Energia,Taesa Unit,Ativo
2012-08,TRPL4.SA,Energia,ISA CTEEP PN,Ativo
2012-08,EGIE3.SA,Energia,Engie Brasil ON,Ativo
2012-08,CPLE6.SA,Energia,Copel PNB,Ativo
2012-08,ELET3.SA,Energia,Eletrobras ON,Ativo
2012-08,ELET6.SA,Energia,Eletrobras PNB,Ativo
2012-08,EQTL3.SA,Energia,Equatorial Energia ON,Ativo
2012-08,CMIG4.SA,Energia,Cemig PN,Ativo
2012-08,CPFE3.SA,Energia,CPFL Energia ON,Ativo
2012-08,ALUP11.SA,Energia,Alupar Unit,Pre-IPO
2012-08,ENGI11.SA,Energia,Energisa Unit,Ativo
2012-08,ENBR3.SA,Energia,EDP Brasil ON (Deslistada),Ativo
2012-08,AESB3.SA,Energia,AES Brasil ON (Incorporada),Pre-IPO
2012-08,AURE3.SA,Energia,Auren Energia ON,Pre-IPO
2012-08,BBSE3.SA,Seguros,BB Seguridade ON,Pre-IPO
2012-08,PSSA3.SA,Seguros,Porto Seguro ON,Ativo
2012-08,CXSE3.SA,Seguros,Caixa Seguridade ON,Pre-IPO
2012-08,WIZC3.SA,Seguros,Wiz Soluções ON,Pre-IPO
2012-08,SULA11.SA,Seguros,SulAmérica Unit (Incorporada),Ativo
2012-08,SBSP3.SA,Saneamento,Sabesp ON,Ativo
2012-08,SAPR11.SA,Saneamento,Sanepar Unit,Pre-IPO
2012-08,SAPR4.SA,Saneamento,Sanepar PN,Ativo
2012-08,CSMG3.SA,Saneamento,Copasa ON,Ativo
2012-09,ITUB4.SA,Bancos,Itaú Unibanco PN,Ativo
2012-09,BBDC4.SA,Bancos,Bradesco PN,Ativo
2012-09,BBAS3.SA,Bancos,Banco do Brasil ON,Ativo
2012-09,SANB11.SA,Bancos,Santander Brasil Unit,Ativo
2012-09,BPAC11.SA,Bancos,BTG Pactual Unit,Ativo
2012-09,ABCB4.SA,Bancos,Banco ABC Brasil PN,Ativo
2012-09,BRSR6.SA,Bancos,Banrisul PN,Ativo
2012-09,ITSA4.SA,Bancos,Itaúsa PN,Ativo
2012-09,TAEE11.SA,Energia,Taesa Unit,Ativo
2012-09,TRPL4.SA,Energia,ISA CTEEP PN,Ativo
2012-09,EGIE3.SA,Energia,Engie Brasil ON,Ativo
2012-09,CPLE6.SA,Energia,Copel PNB,Ativo
2012-09,ELET3.SA,Energia,Eletrobras ON,Ativo
2012-09,ELET6.SA,Energia,Eletrobras PNB,Ativo
2012-09,EQTL3.SA,Energia,Equatorial Energia ON,Ativo
2012-09,CMIG4.SA,Energia,Cemig PN,Ativo
2012-09,CPFE3.SA,Energia,CPFL Energia ON,Ativo
2012-09,ALUP11.SA,Energia,Alupar Unit,Pre-IPO
2012-09,ENGI11.SA,Energia,Energisa Unit,Ativo
2012-09,ENBR3.SA,Energia,EDP Brasil ON (Deslistada),Ativo
2012-09,AESB3.SA,Energia,AES Brasil ON (Incorporada),Pre-IPO
2012-09,AURE3.SA,Energia,Auren Energia ON,Pre-IPO
2012-09,BBSE3.SA,Seguros,BB Seguridade ON,Pre-IPO
2012-09,PSSA3.SA,Seguros,Porto Seguro ON,Ativo
2012-09,CXSE3.SA,Seguros,Caixa Seguridade ON,Pre-IPO
2012-09,WIZC3.SA,Seguros,Wiz Soluções ON,Pre-IPO
2012-09,SULA11.SA,Seguros,SulAmérica Unit (Incorporada),Ativo
2012-09,SBSP3.SA,Saneamento,Sabesp ON,Ativo
2012-09,SAPR11.SA,Saneamento,Sanepar Unit,Pre-IPO
2012-09,SAPR4.SA,Saneamento,Sanepar PN,Ativo
2012-09,CSMG3.SA,Saneamento,Copasa ON,Ativo
2012-10,ITUB4.SA,Bancos,Itaú Unibanco PN,Ativo
2012-10,BBDC4.SA,Bancos,Bradesco PN,Ativo
2012-10,BBAS3.SA,Bancos,Banco do Brasil ON,Ativo
2012-10,SANB11.SA,Bancos,Santander Brasil Unit,Ativo
2012-10,BPAC11.SA,Bancos,BTG Pactual Unit,Ativo
2012-10,ABCB4.SA,Bancos,Banco ABC Brasil PN,Ativo
2012-10,BRSR6.SA,Bancos,Banrisul PN,Ativo
2012-10,ITSA4.SA,Bancos,Itaúsa PN,Ativo
2012-10,TAEE11.SA,Energia,Taesa Unit,Ativo
2012-10,TRPL4.SA,Energia,ISA CTEEP PN,Ativo
2012-10,EGIE3.SA,Energia,Engie Brasil ON,Ativo
2012-10,CPLE6.SA,Energia,Copel PNB,Ativo
2012-10,ELET3.SA,Energia,Eletrobras ON,Ativo
2012-10,ELET6.SA,Energia,Eletrobras PNB,Ativo
2012-10,EQTL3.SA,Energia,Equatorial Energia ON,Ativo
2012-10,CMIG4.SA,Energia,Cemig PN,Ativo
2012-10,CPFE3.SA,Energia,CPFL Energia ON,Ativo
2012-10,ALUP11.SA,Energia,Alupar Unit,Pre-IPO
2012-10,ENGI11.SA,Energia,Energisa Unit,Ativo
2012-10,ENBR3.SA,Energia,EDP Brasil ON (Deslistada),Ativo
2012-10,AESB3.SA,Energia,AES Brasil ON (Incorporada),Pre-IPO
2012-10,AURE3.SA,Energia,Auren Energia ON,Pre-IPO
2012-10,BBSE3.SA,Seguros,BB Seguridade ON,Pre-IPO
2012-10,PSSA3.SA,Seguros,Porto Seguro ON,Ativo
2012-10,CXSE3.SA,Seguros,Caixa Seguridade ON,Pre-IPO
2012-10,WIZC3.SA,Seguros,Wiz Soluções ON,Pre-IPO
2012-10,SULA11.SA,Seguros,SulAmérica Unit (Incorporada),Ativo
2012-10,SBSP3.SA,Saneamento,Sabesp ON,Ativo
2012-10,SAPR11.SA,Saneamento,Sanepar Unit,Pre-IPO
2012-10,SAPR4.SA,Saneamento,Sanepar PN,Ativo
2012-10,CSMG3.SA,Saneamento,Copasa ON,Ativo
2012-11,ITUB4.SA,Bancos,Itaú Unibanco PN,Ativo
2012-11,BBDC4.SA,Bancos,Bradesco PN,Ativo
2012-11,BBAS3.SA,Bancos,Banco do Brasil ON,Ativo
2012-11,SANB11.SA,Bancos,Santander Brasil Unit,Ativo
2012-11,BPAC11.SA,Bancos,BTG Pactual Unit,Ativo
2012-11,ABCB4.SA,Bancos,Banco ABC Brasil PN,Ativo
2012-11,BRSR6.SA,Bancos,Banrisul PN,Ativo
2012-11,ITSA4.SA,Bancos,Itaúsa PN,Ativo
2012-11,TAEE11.SA,Energia,Taesa Unit,Ativo
2012-11,TRPL4.SA,Energia,ISA CTEEP PN,Ativo
2012-11,EGIE3.SA,Energia,Engie Brasil ON,Ativo
2012-11,CPLE6.SA,Energia,Copel PNB,Ativo
2012-11,ELET3.SA,Energia,Eletrobras ON,Ativo
2012-11,ELET6.SA,Energia,Eletrobras PNB,Ativo
2012-11,EQTL3.SA,Energia,Equatorial Energia ON,Ativo
2012-11,CMIG4.SA,Energia,Cemig PN,Ativo
2012-11,CPFE3.SA,Energia,CPFL Energia ON,Ativo
2012-11,ALUP11.SA,Energia,Alupar Unit,Pre-IPO
2012-11,ENGI11.SA,Energia,Energisa Unit,Ativo
2012-11,ENBR3.SA,Energia,EDP Brasil ON (Deslistada),Ativo
2012-11,AESB3.SA,Energia,AES Brasil ON (Incorporada),Pre-IPO
2012-11,AURE3.SA,Energia,Auren Energia ON,Pre-IPO
2012-11,BBSE3.SA,Seguros,BB Seguridade ON,Pre-IPO
2012-11,PSSA3.SA,Seguros,Porto Seguro ON,Ativo
2012-11,CXSE3.SA,Seguros,Caixa Seguridade ON,Pre-IPO
2012-11,WIZC3.SA,Seguros,Wiz Soluções ON,Pre-IPO
2012-11,SULA11.SA,Seguros,SulAmérica Unit (Incorporada),Ativo
2012-11,SBSP3.SA,Saneamento,Sabesp ON,Ativo
2012-11,SAPR11.SA,Saneamento,Sanepar Unit,Pre-IPO
2012-11,SAPR4.SA,Saneamento,Sanepar PN,Ativo
2012-11,CSMG3.SA,Saneamento,Copasa ON,Ativo
2012-12,ITUB4.SA,Bancos,Itaú Unibanco PN,Ativo
2012-12,BBDC4.SA,Bancos,Bradesco PN,Ativo
2012-12,BBAS3.SA,Bancos,Banco do Brasil ON,Ativo
2012-12,SANB11.SA,Bancos,Santander Brasil Unit,Ativo
2012-12,BPAC11.SA,Bancos,BTG Pactual Unit,Ativo
2012-12,ABCB4.SA,Bancos,Banco ABC Brasil PN,Ativo
2012-12,BRSR6.SA,Bancos,Banrisul PN,Ativo
2012-12,ITSA4.SA,Bancos,Itaúsa PN,Ativo
2012-12,TAEE11.SA,Energia,Taesa Unit,Ativo
2012-12,TRPL4.SA,Energia,ISA CTEEP PN,Ativo
2012-12,EGIE3.SA,Energia,Engie Brasil ON,Ativo
2012-12,CPLE6.SA,Energia,Copel PNB,Ativo
2012-12,ELET3.SA,Energia,Eletrobras ON,Ativo
2012-12,ELET6.SA,Energia,Eletrobras PNB,Ativo
2012-12,EQTL3.SA,Energia,Equatorial Energia ON,Ativo
2012-12,CMIG4.SA,Energia,Cemig PN,Ativo
2012-12,CPFE3.SA,Energia,CPFL Energia ON,Ativo
2012-12,ALUP11.SA,Energia,Alupar Unit,Pre-IPO
2012-12,ENGI11.SA,Energia,Energisa Unit,Ativo
2012-12,ENBR3.SA,Energia,EDP Brasil ON (Deslistada),Ativo
2012-12,AESB3.SA,Energia,AES Brasil ON (Incorporada),Pre-IPO
2012-12,AURE3.SA,Energia,Auren Energia ON,Pre-IPO
2012-12,BBSE3.SA,Seguros,BB Seguridade ON,Pre-IPO
2012-12,PSSA3.SA,Seguros,Porto Seguro ON,Ativo
2012-12,CXSE3.SA,Seguros,Caixa Seguridade ON,Pre-IPO
2012-12,WIZC3.SA,Seguros,Wiz Soluções ON,Pre-IPO
2012-12,SULA11.SA,Seguros,SulAmérica Unit (Incorporada),Ativo
2012-12,SBSP3.SA,Saneamento,Sabesp ON,Ativo
2012-12,SAPR11.SA,Saneamento,Sanepar Unit,Pre-IPO
2012-12,SAPR4.SA,Saneamento,Sanepar PN,Ativo
2012-12,CSMG3.SA,Saneamento,Copasa ON,Ativo
2013-01,ITUB4.SA,Bancos,Itaú Unibanco PN,Ativo
2013-01,BBDC4.SA,Bancos,Bradesco PN,Ativo
2013-01,BBAS3.SA,Bancos,Banco do Brasil ON,Ativo
2013-01,SANB11.SA,Bancos,Santander Brasil Unit,Ativo
2013-01,BPAC11.SA,Bancos,BTG Pactual Unit,Ativo
2013-01,ABCB4.SA,Bancos,Banco ABC Brasil PN,Ativo
2013-01,BRSR6.SA,Bancos,Banrisul PN,Ativo
2013-01,ITSA4.SA,Bancos,Itaúsa PN,Ativo
2013-01,TAEE11.SA,Energia,Taesa Unit,Ativo
2013-01,TRPL4.SA,Energia,ISA CTEEP PN,Ativo
2013-01,EGIE3.SA,Energia,Engie Brasil ON,Ativo
2013-01,CPLE6.SA,Energia,Copel PNB,Ativo
2013-01,ELET3.SA,Energia,Eletrobras ON,Ativo
2013-01,ELET6.SA,Energia,Eletrobras PNB,Ativo
2013-01,EQTL3.SA,Energia,Equatorial Energia ON,Ativo
2013-01,CMIG4.SA,Energia,Cemig PN,Ativo
2013-01,CPFE3.SA,Energia,CPFL Energia ON,Ativo
2013-01,ALUP11.SA,Energia,Alupar Unit,Pre-IPO
2013-01,ENGI11.SA,Energia,Energisa Unit,Ativo
2013-01,ENBR3.SA,Energia,EDP Brasil ON (Deslistada),Ativo
2013-01,AESB3.SA,Energia,AES Brasil ON (Incorporada),Pre-IPO
2013-01,AURE3.SA,Energia,Auren Energia ON,Pre-IPO
2013-01,BBSE3.SA,Seguros,BB Seguridade ON,Pre-IPO
2013-01,PSSA3.SA,Seguros,Porto Seguro ON,Ativo
2013-01,CXSE3.SA,Seguros,Caixa Seguridade ON,Pre-IPO
2013-01,WIZC3.SA,Seguros,Wiz Soluções ON,Pre-IPO
2013-01,SULA11.SA,Seguros,SulAmérica Unit (Incorporada),Ativo
2013-01,SBSP3.SA,Saneamento,Sabesp ON,Ativo
2013-01,SAPR11.SA,Saneamento,Sanepar Unit,Pre-IPO
2013-01,SAPR4.SA,Saneamento,Sanepar PN,Ativo
2013-01,CSMG3.SA,Saneamento,Copasa ON,Ativo
2013-02,ITUB4.SA,Bancos,Itaú Unibanco PN,Ativo
2013-02,BBDC4.SA,Bancos,Bradesco PN,Ativo
2013-02,BBAS3.SA,Bancos,Banco do Brasil ON,Ativo
2013-02,SANB11.SA,Bancos,Santander Brasil Unit,Ativo
2013-02,BPAC11.SA,Bancos,BTG Pactual Unit,Ativo
2013-02,ABCB4.SA,Bancos,Banco ABC Brasil PN,Ativo
2013-02,BRSR6.SA,Bancos,Banrisul PN,Ativo
2013-02,ITSA4.SA,Bancos,Itaúsa PN,Ativo
2013-02,TAEE11.SA,Energia,Taesa Unit,Ativo
2013-02,TRPL4.SA,Energia,ISA CTEEP PN,Ativo
2013-02,EGIE3.SA,Energia,Engie Brasil ON,Ativo
2013-02,CPLE6.SA,Energia,Copel PNB,Ativo
2013-02,ELET3.SA,Energia,Eletrobras ON,Ativo
2013-02,ELET6.SA,Energia,Eletrobras PNB,Ativo
2013-02,EQTL3.SA,Energia,Equatorial Energia ON,Ativo
2013-02,CMIG4.SA,Energia,Cemig PN,Ativo
2013-02,CPFE3.SA,Energia,CPFL Energia ON,Ativo
2013-02,ALUP11.SA,Energia,Alupar Unit,Pre-IPO
2013-02,ENGI11.SA,Energia,Energisa Unit,Ativo
2013-02,ENBR3.SA,Energia,EDP Brasil ON (Deslistada),Ativo
2013-02,AESB3.SA,Energia,AES Brasil ON (Incorporada),Pre-IPO
2013-02,AURE3.SA,Energia,Auren Energia ON,Pre-IPO
2013-02,BBSE3.SA,Seguros,BB Seguridade ON,Pre-IPO
2013-02,PSSA3.SA,Seguros,Porto Seguro ON,Ativo
2013-02,CXSE3.SA,Seguros,Caixa Seguridade ON,Pre-IPO
2013-02,WIZC3.SA,Seguros,Wiz Soluções ON,Pre-IPO
2013-02,SULA11.SA,Seguros,SulAmérica Unit (Incorporada),Ativo
2013-02,SBSP3.SA,Saneamento,Sabesp ON,Ativo
2013-02,SAPR11.SA,Saneamento,Sanepar Unit,Pre-IPO
2013-02,SAPR4.SA,Saneamento,Sanepar PN,Ativo
2013-02,CSMG3.SA,Saneamento,Copasa ON,Ativo
2013-03,ITUB4.SA,Bancos,Itaú Unibanco PN,Ativo
2013-03,BBDC4.SA,Bancos,Bradesco PN,Ativo
2013-03,BBAS3.SA,Bancos,Banco do Brasil ON,Ativo
2013-03,SANB11.SA,Bancos,Santander Brasil Unit,Ativo
2013-03,BPAC11.SA,Bancos,BTG Pactual Unit,Ativo
2013-03,ABCB4.SA,Bancos,Banco ABC Brasil PN,Ativo
2013-03,BRSR6.SA,Bancos,Banrisul PN,Ativo
2013-03,ITSA4.SA,Bancos,Itaúsa PN,Ativo
2013-03,TAEE11.SA,Energia,Taesa Unit,Ativo
2013-03,TRPL4.SA,Energia,ISA CTEEP PN,Ativo
2013-03,EGIE3.SA,Energia,Engie Brasil ON,Ativo
2013-03,CPLE6.SA,Energia,Copel PNB,Ativo
2013-03,ELET3.SA,Energia,Eletrobras ON,Ativo
2013-03,ELET6.SA,Energia,Eletrobras PNB,Ativo
2013-03,EQTL3.SA,Energia,Equatorial Energia ON,Ativo
2013-03,CMIG4.SA,Energia,Cemig PN,Ativo
2013-03,CPFE3.SA,Energia,CPFL Energia ON,Ativo
2013-03,ALUP11.SA,Energia,Alupar Unit,Pre-IPO
2013-03,ENGI11.SA,Energia,Energisa Unit,Ativo
2013-03,ENBR3.SA,Energia,EDP Brasil ON (Deslistada),Ativo
2013-03,AESB3.SA,Energia,AES Brasil ON (Incorporada),Pre-IPO
2013-03,AURE3.SA,Energia,Auren Energia ON,Pre-IPO
2013-03,BBSE3.SA,Seguros,BB Seguridade ON,Pre-IPO
2013-03,PSSA3.SA,Seguros,Porto Seguro ON,Ativo
2013-03,CXSE3.SA,Seguros,Caixa Seguridade ON,Pre-IPO
2013-03,WIZC3.SA,Seguros,Wiz Soluções ON,Pre-IPO
2013-03,SULA11.SA,Seguros,SulAmérica Unit (Incorporada),Ativo
2013-03,SBSP3.SA,Saneamento,Sabesp ON,Ativo
2013-03,SAPR11.SA,Saneamento,Sanepar Unit,Pre-IPO
2013-03,SAPR4.SA,Saneamento,Sanepar PN,Ativo
2013-03,CSMG3.SA,Saneamento,Copasa ON,Ativo
2013-04,ITUB4.SA,Bancos,Itaú Unibanco PN,Ativo
2013-04,BBDC4.SA,Bancos,Bradesco PN,Ativo
2013-04,BBAS3.SA,Bancos,Banco do Brasil ON,Ativo
2013-04,SANB11.SA,Bancos,Santander Brasil Unit,Ativo
2013-04,BPAC11.SA,Bancos,BTG Pactual Unit,Ativo
2013-04,ABCB4.SA,Bancos,Banco ABC Brasil PN,Ativo
2013-04,BRSR6.SA,Bancos,Banrisul PN,Ativo
2013-04,ITSA4.SA,Bancos,Itaúsa PN,Ativo
2013-04,TAEE11.SA,Energia,Taesa Unit,Ativo
2013-04,TRPL4.SA,Energia,ISA CTEEP PN,Ativo
2013-04,EGIE3.SA,Energia,Engie Brasil ON,Ativo
2013-04,CPLE6.SA,Energia,Copel PNB,Ativo
2013-04,ELET3.SA,Energia,Eletrobras ON,Ativo
2013-04,ELET6.SA,Energia,Eletrobras PNB,Ativo
2013-04,EQTL3.SA,Energia,Equatorial Energia ON,Ativo
2013-04,CMIG4.SA,Energia,Cemig PN,Ativo
2013-04,CPFE3.SA,Energia,CPFL Energia ON,Ativo
2013-04,ALUP11.SA,Energia,Alupar Unit,Ativo
2013-04,ENGI11.SA,Energia,Energisa Unit,Ativo
2013-04,ENBR3.SA,Energia,EDP Brasil ON (Deslistada),Ativo
2013-04,AESB3.SA,Energia,AES Brasil ON (Incorporada),Pre-IPO
2013-04,AURE3.SA,Energia,Auren Energia ON,Pre-IPO
2013-04,BBSE3.SA,Seguros,BB Seguridade ON,Ativo
2013-04,PSSA3.SA,Seguros,Porto Seguro ON,Ativo
2013-04,CXSE3.SA,Seguros,Caixa Seguridade ON,Pre-IPO
2013-04,WIZC3.SA,Seguros,Wiz Soluções ON,Pre-IPO
2013-04,SULA11.SA,Seguros,SulAmérica Unit (Incorporada),Ativo
2013-04,SBSP3.SA,Saneamento,Sabesp ON,Ativo
2013-04,SAPR11.SA,Saneamento,Sanepar Unit,Pre-IPO
2013-04,SAPR4.SA,Saneamento,Sanepar PN,Ativo
2013-04,CSMG3.SA,Saneamento,Copasa ON,Ativo
2013-05,ITUB4.SA,Bancos,Itaú Unibanco PN,Ativo
2013-05,BBDC4.SA,Bancos,Bradesco PN,Ativo
2013-05,BBAS3.SA,Bancos,Banco do Brasil ON,Ativo
2013-05,SANB11.SA,Bancos,Santander Brasil Unit,Ativo
2013-05,BPAC11.SA,Bancos,BTG Pactual Unit,Ativo
2013-05,ABCB4.SA,Bancos,Banco ABC Brasil PN,Ativo
2013-05,BRSR6.SA,Bancos,Banrisul PN,Ativo
2013-05,ITSA4.SA,Bancos,Itaúsa PN,Ativo
2013-05,TAEE11.SA,Energia,Taesa Unit,Ativo
2013-05,TRPL4.SA,Energia,ISA CTEEP PN,Ativo
2013-05,EGIE3.SA,Energia,Engie Brasil ON,Ativo
2013-05,CPLE6.SA,Energia,Copel PNB,Ativo
2013-05,ELET3.SA,Energia,Eletrobras ON,Ativo
2013-05,ELET6.SA,Energia,Eletrobras PNB,Ativo
2013-05,EQTL3.SA,Energia,Equatorial Energia ON,Ativo
2013-05,CMIG4.SA,Energia,Cemig PN,Ativo
2013-05,CPFE3.SA,Energia,CPFL Energia ON,Ativo
2013-05,ALUP11.SA,Energia,Alupar Unit,Ativo
2013-05,ENGI11.SA,Energia,Energisa Unit,Ativo
2013-05,ENBR3.SA,Energia,EDP Brasil ON (Deslistada),Ativo
2013-05,AESB3.SA,Energia,AES Brasil ON (Incorporada),Pre-IPO
2013-05,AURE3.SA,Energia,Auren Energia ON,Pre-IPO
2013-05,BBSE3.SA,Seguros,BB Seguridade ON,Ativo
2013-05,PSSA3.SA,Seguros,Porto Seguro ON,Ativo
2013-05,CXSE3.SA,Seguros,Caixa Seguridade ON,Pre-IPO
2013-05,WIZC3.SA,Seguros,Wiz Soluções ON,Pre-IPO
2013-05,SULA11.SA,Seguros,SulAmérica Unit (Incorporada),Ativo
2013-05,SBSP3.SA,Saneamento,Sabesp ON,Ativo
2013-05,SAPR11.SA,Saneamento,Sanepar Unit,Pre-IPO
2013-05,SAPR4.SA,Saneamento,Sanepar PN,Ativo
2013-05,CSMG3.SA,Saneamento,Copasa ON,Ativo
2013-06,ITUB4.SA,Bancos,Itaú Unibanco PN,Ativo
2013-06,BBDC4.SA,Bancos,Bradesco PN,Ativo
2013-06,BBAS3.SA,Bancos,Banco do Brasil ON,Ativo
2013-06,SANB11.SA,Bancos,Santander Brasil Unit,Ativo
2013-06,BPAC11.SA,Bancos,BTG Pactual Unit,Ativo
2013-06,ABCB4.SA,Bancos,Banco ABC Brasil PN,Ativo
2013-06,BRSR6.SA,Bancos,Banrisul PN,Ativo
2013-06,ITSA4.SA,Bancos,Itaúsa PN,Ativo
2013-06,TAEE11.SA,Energia,Taesa Unit,Ativo
2013-06,TRPL4.SA,Energia,ISA CTEEP PN,Ativo
2013-06,EGIE3.SA,Energia,Engie Brasil ON,Ativo
2013-06,CPLE6.SA,Energia,Copel PNB,Ativo
2013-06,ELET3.SA,Energia,Eletrobras ON,Ativo
2013-06,ELET6.SA,Energia,Eletrobras PNB,Ativo
2013-06,EQTL3.SA,Energia,Equatorial Energia ON,Ativo
2013-06,CMIG4.SA,Energia,Cemig PN,Ativo
2013-06,CPFE3.SA,Energia,CPFL Energia ON,Ativo
2013-06,ALUP11.SA,Energia,Alupar Unit,Ativo
2013-06,ENGI11.SA,Energia,Energisa Unit,Ativo
2013-06,ENBR3.SA,Energia,EDP Brasil ON (Deslistada),Ativo
2013-06,AESB3.SA,Energia,AES Brasil ON (Incorporada),Pre-IPO
2013-06,AURE3.SA,Energia,Auren Energia ON,Pre-IPO
2013-06,BBSE3.SA,Seguros,BB Seguridade ON,Ativo
2013-06,PSSA3.SA,Seguros,Porto Seguro ON,Ativo
2013-06,CXSE3.SA,Seguros,Caixa Seguridade ON,Pre-IPO
2013-06,WIZC3.SA,Seguros,Wiz Soluções ON,Pre-IPO
2013-06,SULA11.SA,Seguros,SulAmérica Unit (Incorporada),Ativo
2013-06,SBSP3.SA,Saneamento,Sabesp ON,Ativo
2013-06,SAPR11.SA,Saneamento,Sanepar Unit,Pre-IPO
2013-06,SAPR4.SA,Saneamento,Sanepar PN,Ativo
2013-06,CSMG3.SA,Saneamento,Copasa ON,Ativo
2013-07,ITUB4.SA,Bancos,Itaú Unibanco PN,Ativo
2013-07,BBDC4.SA,Bancos,Bradesco PN,Ativo
2013-07,BBAS3.SA,Bancos,Banco do Brasil ON,Ativo
2013-07,SANB11.SA,Bancos,Santander Brasil Unit,Ativo
2013-07,BPAC11.SA,Bancos,BTG Pactual Unit,Ativo
2013-07,ABCB4.SA,Bancos,Banco ABC Brasil PN,Ativo
2013-07,BRSR6.SA,Bancos,Banrisul PN,Ativo
2013-07,ITSA4.SA,Bancos,Itaúsa PN,Ativo
2013-07,TAEE11.SA,Energia,Taesa Unit,Ativo
2013-07,TRPL4.SA,Energia,ISA CTEEP PN,Ativo
2013-07,EGIE3.SA,Energia,Engie Brasil ON,Ativo
2013-07,CPLE6.SA,Energia,Copel PNB,Ativo
2013-07,ELET3.SA,Energia,Eletrobras ON,Ativo
2013-07,ELET6.SA,Energia,Eletrobras PNB,Ativo
2013-07,EQTL3.SA,Energia,Equatorial Energia ON,Ativo
2013-07,CMIG4.SA,Energia,Cemig PN,Ativo
2013-07,CPFE3.SA,Energia,CPFL Energia ON,Ativo
2013-07,ALUP11.SA,Energia,Alupar Unit,Ativo
2013-07,ENGI11.SA,Energia,Energisa Unit,Ativo
2013-07,ENBR3.SA,Energia,EDP Brasil ON (Deslistada),Ativo
2013-07,AESB3.SA,Energia,AES Brasil ON (Incorporada),Pre-IPO
2013-07,AURE3.SA,Energia,Auren Energia ON,Pre-IPO
2013-07,BBSE3.SA,Seguros,BB Seguridade ON,Ativo
2013-07,PSSA3.SA,Seguros,Porto Seguro ON,Ativo
2013-07,CXSE3.SA,Seguros,Caixa Seguridade ON,Pre-IPO
2013-07,WIZC3.SA,Seguros,Wiz Soluções ON,Pre-IPO
2013-07,SULA11.SA,Seguros,SulAmérica Unit (Incorporada),Ativo
2013-07,SBSP3.SA,Saneamento,Sabesp ON,Ativo
2013-07,SAPR11.SA,Saneamento,Sanepar Unit,Pre-IPO
2013-07,SAPR4.SA,Saneamento,Sanepar PN,Ativo
2013-07,CSMG3.SA,Saneamento,Copasa ON,Ativo
2013-08,ITUB4.SA,Bancos,Itaú Unibanco PN,Ativo
2013-08,BBDC4.SA,Bancos,Bradesco PN,Ativo
2013-08,BBAS3.SA,Bancos,Banco do Brasil ON,Ativo
2013-08,SANB11.SA,Bancos,Santander Brasil Unit,Ativo
2013-08,BPAC11.SA,Bancos,BTG Pactual Unit,Ativo
2013-08,ABCB4.SA,Bancos,Banco ABC Brasil PN,Ativo
2013-08,BRSR6.SA,Bancos,Banrisul PN,Ativo
2013-08,ITSA4.SA,Bancos,Itaúsa PN,Ativo
2013-08,TAEE11.SA,Energia,Taesa Unit,Ativo
2013-08,TRPL4.SA,Energia,ISA CTEEP PN,Ativo
2013-08,EGIE3.SA,Energia,Engie Brasil ON,Ativo
2013-08,CPLE6.SA,Energia,Copel PNB,Ativo
2013-08,ELET3.SA,Energia,Eletrobras ON,Ativo
2013-08,ELET6.SA,Energia,Eletrobras PNB,Ativo
2013-08,EQTL3.SA,Energia,Equatorial Energia ON,Ativo
2013-08,CMIG4.SA,Energia,Cemig PN,Ativo
2013-08,CPFE3.SA,Energia,CPFL Energia ON,Ativo
2013-08,ALUP11.SA,Energia,Alupar Unit,Ativo
2013-08,ENGI11.SA,Energia,Energisa Unit,Ativo
2013-08,ENBR3.SA,Energia,EDP Brasil ON (Deslistada),Ativo
2013-08,AESB3.SA,Energia,AES Brasil ON (Incorporada),Pre-IPO
2013-08,AURE3.SA,Energia,Auren Energia ON,Pre-IPO
2013-08,BBSE3.SA,Seguros,BB Seguridade ON,Ativo
2013-08,PSSA3.SA,Seguros,Porto Seguro ON,Ativo
2013-08,CXSE3.SA,Seguros,Caixa Seguridade ON,Pre-IPO
2013-08,WIZC3.SA,Seguros,Wiz Soluções ON,Pre-IPO
2013-08,SULA11.SA,Seguros,SulAmérica Unit (Incorporada),Ativo
2013-08,SBSP3.SA,Saneamento,Sabesp ON,Ativo
2013-08,SAPR11.SA,Saneamento,Sanepar Unit,Pre-IPO
2013-08,SAPR4.SA,Saneamento,Sanepar PN,Ativo
2013-08,CSMG3.SA,Saneamento,Copasa ON,Ativo
2013-09,ITUB4.SA,Bancos,Itaú Unibanco PN,Ativo
2013-09,BBDC4.SA,Bancos,Bradesco PN,Ativo
2013-09,BBAS3.SA,Bancos,Banco do Brasil ON,Ativo
2013-09,SANB11.SA,Bancos,Santander Brasil Unit,Ativo
2013-09,BPAC11.SA,Bancos,BTG Pactual Unit,Ativo
2013-09,ABCB4.SA,Bancos,Banco ABC Brasil PN,Ativo
2013-09,BRSR6.SA,Bancos,Banrisul PN,Ativo
2013-09,ITSA4.SA,Bancos,Itaúsa PN,Ativo
2013-09,TAEE11.SA,Energia,Taesa Unit,Ativo
2013-09,TRPL4.SA,Energia,ISA CTEEP PN,Ativo
2013-09,EGIE3.SA,Energia,Engie Brasil ON,Ativo
2013-09,CPLE6.SA,Energia,Copel PNB,Ativo
2013-09,ELET3.SA,Energia,Eletrobras ON,Ativo
2013-09,ELET6.SA,Energia,Eletrobras PNB,Ativo
2013-09,EQTL3.SA,Energia,Equatorial Energia ON,Ativo
2013-09,CMIG4.SA,Energia,Cemig PN,Ativo
2013-09,CPFE3.SA,Energia,CPFL Energia ON,Ativo
2013-09,ALUP11.SA,Energia,Alupar Unit,Ativo
2013-09,ENGI11.SA,Energia,Energisa Unit,Ativo
2013-09,ENBR3.SA,Energia,EDP Brasil ON (Deslistada),Ativo
2013-09,AESB3.SA,Energia,AES Brasil ON (Incorporada),Pre-IPO
2013-09,AURE3.SA,Energia,Auren Energia ON,Pre-IPO
2013-09,BBSE3.SA,Seguros,BB Seguridade ON,Ativo
2013-09,PSSA3.SA,Seguros,Porto Seguro ON,Ativo
2013-09,CXSE3.SA,Seguros,Caixa Seguridade ON,Pre-IPO
2013-09,WIZC3.SA,Seguros,Wiz Soluções ON,Pre-IPO
2013-09,SULA11.SA,Seguros,SulAmérica Unit (Incorporada),Ativo
2013-09,SBSP3.SA,Saneamento,Sabesp ON,Ativo
2013-09,SAPR11.SA,Saneamento,Sanepar Unit,Pre-IPO
2013-09,SAPR4.SA,Saneamento,Sanepar PN,Ativo
2013-09,CSMG3.SA,Saneamento,Copasa ON,Ativo
2013-10,ITUB4.SA,Bancos,Itaú Unibanco PN,Ativo
2013-10,BBDC4.SA,Bancos,Bradesco PN,Ativo
2013-10,BBAS3.SA,Bancos,Banco do Brasil ON,Ativo
2013-10,SANB11.SA,Bancos,Santander Brasil Unit,Ativo
2013-10,BPAC11.SA,Bancos,BTG Pactual Unit,Ativo
2013-10,ABCB4.SA,Bancos,Banco ABC Brasil PN,Ativo
2013-10,BRSR6.SA,Bancos,Banrisul PN,Ativo
2013-10,ITSA4.SA,Bancos,Itaúsa PN,Ativo
2013-10,TAEE11.SA,Energia,Taesa Unit,Ativo
2013-10,TRPL4.SA,Energia,ISA CTEEP PN,Ativo
2013-10,EGIE3.SA,Energia,Engie Brasil ON,Ativo
2013-10,CPLE6.SA,Energia,Copel PNB,Ativo
2013-10,ELET3.SA,Energia,Eletrobras ON,Ativo
2013-10,ELET6.SA,Energia,Eletrobras PNB,Ativo
2013-10,EQTL3.SA,Energia,Equatorial Energia ON,Ativo
2013-10,CMIG4.SA,Energia,Cemig PN,Ativo
2013-10,CPFE3.SA,Energia,CPFL Energia ON,Ativo
2013-10,ALUP11.SA,Energia,Alupar Unit,Ativo
2013-10,ENGI11.SA,Energia,Energisa Unit,Ativo
2013-10,ENBR3.SA,Energia,EDP Brasil ON (Deslistada),Ativo
2013-10,AESB3.SA,Energia,AES Brasil ON (Incorporada),Pre-IPO
2013-10,AURE3.SA,Energia,Auren Energia ON,Pre-IPO
2013-10,BBSE3.SA,Seguros,BB Seguridade ON,Ativo
2013-10,PSSA3.SA,Seguros,Porto Seguro ON,Ativo
2013-10,CXSE3.SA,Seguros,Caixa Seguridade ON,Pre-IPO
2013-10,WIZC3.SA,Seguros,Wiz Soluções ON,Pre-IPO
2013-10,SULA11.SA,Seguros,SulAmérica Unit (Incorporada),Ativo
2013-10,SBSP3.SA,Saneamento,Sabesp ON,Ativo
2013-10,SAPR11.SA,Saneamento,Sanepar Unit,Pre-IPO
2013-10,SAPR4.SA,Saneamento,Sanepar PN,Ativo
2013-10,CSMG3.SA,Saneamento,Copasa ON,Ativo
2013-11,ITUB4.SA,Bancos,Itaú Unibanco PN,Ativo
2013-11,BBDC4.SA,Bancos,Bradesco PN,Ativo
2013-11,BBAS3.SA,Bancos,Banco do Brasil ON,Ativo
2013-11,SANB11.SA,Bancos,Santander Brasil Unit,Ativo
2013-11,BPAC11.SA,Bancos,BTG Pactual Unit,Ativo
2013-11,ABCB4.SA,Bancos,Banco ABC Brasil PN,Ativo
2013-11,BRSR6.SA,Bancos,Banrisul PN,Ativo
2013-11,ITSA4.SA,Bancos,Itaúsa PN,Ativo
2013-11,TAEE11.SA,Energia,Taesa Unit,Ativo
2013-11,TRPL4.SA,Energia,ISA CTEEP PN,Ativo
2013-11,EGIE3.SA,Energia,Engie Brasil ON,Ativo
2013-11,CPLE6.SA,Energia,Copel PNB,Ativo
2013-11,ELET3.SA,Energia,Eletrobras ON,Ativo
2013-11,ELET6.SA,Energia,Eletrobras PNB,Ativo
2013-11,EQTL3.SA,Energia,Equatorial Energia ON,Ativo
2013-11,CMIG4.SA,Energia,Cemig PN,Ativo
2013-11,CPFE3.SA,Energia,CPFL Energia ON,Ativo
2013-11,ALUP11.SA,Energia,Alupar Unit,Ativo
2013-11,ENGI11.SA,Energia,Energisa Unit,Ativo
2013-11,ENBR3.SA,Energia,EDP Brasil ON (Deslistada),Ativo
2013-11,AESB3.SA,Energia,AES Brasil ON (Incorporada),Pre-IPO
2013-11,AURE3.SA,Energia,Auren Energia ON,Pre-IPO
2013-11,BBSE3.SA,Seguros,BB Seguridade ON,Ativo
2013-11,PSSA3.SA,Seguros,Porto Seguro ON,Ativo
2013-11,CXSE3.SA,Seguros,Caixa Seguridade ON,Pre-IPO
2013-11,WIZC3.SA,Seguros,Wiz Soluções ON,Pre-IPO
2013-11,SULA11.SA,Seguros,SulAmérica Unit (Incorporada),Ativo
2013-11,SBSP3.SA,Saneamento,Sabesp ON,Ativo
2013-11,SAPR11.SA,Saneamento,Sanepar Unit,Pre-IPO
2013-11,SAPR4.SA,Saneamento,Sanepar PN,Ativo
2013-11,CSMG3.SA,Saneamento,Copasa ON,Ativo
2013-12,ITUB4.SA,Bancos,Itaú Unibanco PN,Ativo
2013-12,BBDC4.SA,Bancos,Bradesco PN,Ativo
2013-12,BBAS3.SA,Bancos,Banco do Brasil ON,Ativo
2013-12,SANB11.SA,Bancos,Santander Brasil Unit,Ativo
2013-12,BPAC11.SA,Bancos,BTG Pactual Unit,Ativo
2013-12,ABCB4.SA,Bancos,Banco ABC Brasil PN,Ativo
2013-12,BRSR6.SA,Bancos,Banrisul PN,Ativo
2013-12,ITSA4.SA,Bancos,Itaúsa PN,Ativo
2013-12,TAEE11.SA,Energia,Taesa Unit,Ativo
2013-12,TRPL4.SA,Energia,ISA CTEEP PN,Ativo
2013-12,EGIE3.SA,Energia,Engie Brasil ON,Ativo
2013-12,CPLE6.SA,Energia,Copel PNB,Ativo
2013-12,ELET3.SA,Energia,Eletrobras ON,Ativo
2013-12,ELET6.SA,Energia,Eletrobras PNB,Ativo
2013-12,EQTL3.SA,Energia,Equatorial Energia ON,Ativo
2013-12,CMIG4.SA,Energia,Cemig PN,Ativo
2013-12,CPFE3.SA,Energia,CPFL Energia ON,Ativo
2013-12,ALUP11.SA,Energia,Alupar Unit,Ativo
2013-12,ENGI11.SA,Energia,Energisa Unit,Ativo
2013-12,ENBR3.SA,Energia,EDP Brasil ON (Deslistada),Ativo
2013-12,AESB3.SA,Energia,AES Brasil ON (Incorporada),Pre-IPO
2013-12,AURE3.SA,Energia,Auren Energia ON,Pre-IPO
2013-12,BBSE3.SA,Seguros,BB Seguridade ON,Ativo
2013-12,PSSA3.SA,Seguros,Porto Seguro ON,Ativo
2013-12,CXSE3.SA,Seguros,Caixa Seguridade ON,Pre-IPO
2013-12,WIZC3.SA,Seguros,Wiz Soluções ON,Pre-IPO
2013-12,SULA11.SA,Seguros,SulAmérica Unit (Incorporada),Ativo
2013-12,SBSP3.SA,Saneamento,Sabesp ON,Ativo
2013-12,SAPR11.SA,Saneamento,Sanepar Unit,Pre-IPO
2013-12,SAPR4.SA,Saneamento,Sanepar PN,Ativo
2013-12,CSMG3.SA,Saneamento,Copasa ON,Ativo
2014-01,ITUB4.SA,Bancos,Itaú Unibanco PN,Ativo
2014-01,BBDC4.SA,Bancos,Bradesco PN,Ativo
2014-01,BBAS3.SA,Bancos,Banco do Brasil ON,Ativo
2014-01,SANB11.SA,Bancos,Santander Brasil Unit,Ativo
2014-01,BPAC11.SA,Bancos,BTG Pactual Unit,Ativo
2014-01,ABCB4.SA,Bancos,Banco ABC Brasil PN,Ativo
2014-01,BRSR6.SA,Bancos,Banrisul PN,Ativo
2014-01,ITSA4.SA,Bancos,Itaúsa PN,Ativo
2014-01,TAEE11.SA,Energia,Taesa Unit,Ativo
2014-01,TRPL4.SA,Energia,ISA CTEEP PN,Ativo
2014-01,EGIE3.SA,Energia,Engie Brasil ON,Ativo
2014-01,CPLE6.SA,Energia,Copel PNB,Ativo
2014-01,ELET3.SA,Energia,Eletrobras ON,Ativo
2014-01,ELET6.SA,Energia,Eletrobras PNB,Ativo
2014-01,EQTL3.SA,Energia,Equatorial Energia ON,Ativo
2014-01,CMIG4.SA,Energia,Cemig PN,Ativo
2014-01,CPFE3.SA,Energia,CPFL Energia ON,Ativo
2014-01,ALUP11.SA,Energia,Alupar Unit,Ativo
2014-01,ENGI11.SA,Energia,Energisa Unit,Ativo
2014-01,ENBR3.SA,Energia,EDP Brasil ON (Deslistada),Ativo
2014-01,AESB3.SA,Energia,AES Brasil ON (Incorporada),Pre-IPO
2014-01,AURE3.SA,Energia,Auren Energia ON,Pre-IPO
2014-01,BBSE3.SA,Seguros,BB Seguridade ON,Ativo
2014-01,PSSA3.SA,Seguros,Porto Seguro ON,Ativo
2014-01,CXSE3.SA,Seguros,Caixa Seguridade ON,Pre-IPO
2014-01,WIZC3.SA,Seguros,Wiz Soluções ON,Pre-IPO
2014-01,SULA11.SA,Seguros,SulAmérica Unit (Incorporada),Ativo
2014-01,SBSP3.SA,Saneamento,Sabesp ON,Ativo
2014-01,SAPR11.SA,Saneamento,Sanepar Unit,Pre-IPO
2014-01,SAPR4.SA,Saneamento,Sanepar PN,Ativo
2014-01,CSMG3.SA,Saneamento,Copasa ON,Ativo
2014-02,ITUB4.SA,Bancos,Itaú Unibanco PN,Ativo
2014-02,BBDC4.SA,Bancos,Bradesco PN,Ativo
2014-02,BBAS3.SA,Bancos,Banco do Brasil ON,Ativo
2014-02,SANB11.SA,Bancos,Santander Brasil Unit,Ativo
2014-02,BPAC11.SA,Bancos,BTG Pactual Unit,Ativo
2014-02,ABCB4.SA,Bancos,Banco ABC Brasil PN,Ativo
2014-02,BRSR6.SA,Bancos,Banrisul PN,Ativo
2014-02,ITSA4.SA,Bancos,Itaúsa PN,Ativo
2014-02,TAEE11.SA,Energia,Taesa Unit,Ativo
2014-02,TRPL4.SA,Energia,ISA CTEEP PN,Ativo
2014-02,EGIE3.SA,Energia,Engie Brasil ON,Ativo
2014-02,CPLE6.SA,Energia,Copel PNB,Ativo
2014-02,ELET3.SA,Energia,Eletrobras ON,Ativo
2014-02,ELET6.SA,Energia,Eletrobras PNB,Ativo
2014-02,EQTL3.SA,Energia,Equatorial Energia ON,Ativo
2014-02,CMIG4.SA,Energia,Cemig PN,Ativo
2014-02,CPFE3.SA,Energia,CPFL Energia ON,Ativo
2014-02,ALUP11.SA,Energia,Alupar Unit,Ativo
2014-02,ENGI11.SA,Energia,Energisa Unit,Ativo
2014-02,ENBR3.SA,Energia,EDP Brasil ON (Deslistada),Ativo
2014-02,AESB3.SA,Energia,AES Brasil ON (Incorporada),Pre-IPO
2014-02,AURE3.SA,Energia,Auren Energia ON,Pre-IPO
2014-02,BBSE3.SA,Seguros,BB Seguridade ON,Ativo
2014-02,PSSA3.SA,Seguros,Porto Seguro ON,Ativo
2014-02,CXSE3.SA,Seguros,Caixa Seguridade ON,Pre-IPO
2014-02,WIZC3.SA,Seguros,Wiz Soluções ON,Pre-IPO
2014-02,SULA11.SA,Seguros,SulAmérica Unit (Incorporada),Ativo
2014-02,SBSP3.SA,Saneamento,Sabesp ON,Ativo
2014-02,SAPR11.SA,Saneamento,Sanepar Unit,Pre-IPO
2014-02,SAPR4.SA,Saneamento,Sanepar PN,Ativo
2014-02,CSMG3.SA,Saneamento,Copasa ON,Ativo
2014-03,ITUB4.SA,Bancos,Itaú Unibanco PN,Ativo
2014-03,BBDC4.SA,Bancos,Bradesco PN,Ativo
2014-03,BBAS3.SA,Bancos,Banco do Brasil ON,Ativo
2014-03,SANB11.SA,Bancos,Santander Brasil Unit,Ativo
2014-03,BPAC11.SA,Bancos,BTG Pactual Unit,Ativo
2014-03,ABCB4.SA,Bancos,Banco ABC Brasil PN,Ativo
2014-03,BRSR6.SA,Bancos,Banrisul PN,Ativo
2014-03,ITSA4.SA,Bancos,Itaúsa PN,Ativo
2014-03,TAEE11.SA,Energia,Taesa Unit,Ativo
2014-03,TRPL4.SA,Energia,ISA CTEEP PN,Ativo
2014-03,EGIE3.SA,Energia,Engie Brasil ON,Ativo
2014-03,CPLE6.SA,Energia,Copel PNB,Ativo
2014-03,ELET3.SA,Energia,Eletrobras ON,Ativo
2014-03,ELET6.SA,Energia,Eletrobras PNB,Ativo
2014-03,EQTL3.SA,Energia,Equatorial Energia ON,Ativo
2014-03,CMIG4.SA,Energia,Cemig PN,Ativo
2014-03,CPFE3.SA,Energia,CPFL Energia ON,Ativo
2014-03,ALUP11.SA,Energia,Alupar Unit,Ativo
2014-03,ENGI11.SA,Energia,Energisa Unit,Ativo
2014-03,ENBR3.SA,Energia,EDP Brasil ON (Deslistada),Ativo
2014-03,AESB3.SA,Energia,AES Brasil ON (Incorporada),Pre-IPO
2014-03,AURE3.SA,Energia,Auren Energia ON,Pre-IPO
2014-03,BBSE3.SA,Seguros,BB Seguridade ON,Ativo
2014-03,PSSA3.SA,Seguros,Porto Seguro ON,Ativo
2014-03,CXSE3.SA,Seguros,Caixa Seguridade ON,Pre-IPO
2014-03,WIZC3.SA,Seguros,Wiz Soluções ON,Pre-IPO
2014-03,SULA11.SA,Seguros,SulAmérica Unit (Incorporada),Ativo
2014-03,SBSP3.SA,Saneamento,Sabesp ON,Ativo
2014-03,SAPR11.SA,Saneamento,Sanepar Unit,Pre-IPO
2014-03,SAPR4.SA,Saneamento,Sanepar PN,Ativo
2014-03,CSMG3.SA,Saneamento,Copasa ON,Ativo
2014-04,ITUB4.SA,Bancos,Itaú Unibanco PN,Ativo
2014-04,BBDC4.SA,Bancos,Bradesco PN,Ativo
2014-04,BBAS3.SA,Bancos,Banco do Brasil ON,Ativo
2014-04,SANB11.SA,Bancos,Santander Brasil Unit,Ativo
2014-04,BPAC11.SA,Bancos,BTG Pactual Unit,Ativo
2014-04,ABCB4.SA,Bancos,Banco ABC Brasil PN,Ativo
2014-04,BRSR6.SA,Bancos,Banrisul PN,Ativo
2014-04,ITSA4.SA,Bancos,Itaúsa PN,Ativo
2014-04,TAEE11.SA,Energia,Taesa Unit,Ativo
2014-04,TRPL4.SA,Energia,ISA CTEEP PN,Ativo
2014-04,EGIE3.SA,Energia,Engie Brasil ON,Ativo
2014-04,CPLE6.SA,Energia,Copel PNB,Ativo
2014-04,ELET3.SA,Energia,Eletrobras ON,Ativo
2014-04,ELET6.SA,Energia,Eletrobras PNB,Ativo
2014-04,EQTL3.SA,Energia,Equatorial Energia ON,Ativo
2014-04,CMIG4.SA,Energia,Cemig PN,Ativo
2014-04,CPFE3.SA,Energia,CPFL Energia ON,Ativo
2014-04,ALUP11.SA,Energia,Alupar Unit,Ativo
2014-04,ENGI11.SA,Energia,Energisa Unit,Ativo
2014-04,ENBR3.SA,Energia,EDP Brasil ON (Deslistada),Ativo
2014-04,AESB3.SA,Energia,AES Brasil ON (Incorporada),Pre-IPO
2014-04,AURE3.SA,Energia,Auren Energia ON,Pre-IPO
2014-04,BBSE3.SA,Seguros,BB Seguridade ON,Ativo
2014-04,PSSA3.SA,Seguros,Porto Seguro ON,Ativo
2014-04,CXSE3.SA,Seguros,Caixa Seguridade ON,Pre-IPO
2014-04,WIZC3.SA,Seguros,Wiz Soluções ON,Pre-IPO
2014-04,SULA11.SA,Seguros,SulAmérica Unit (Incorporada),Ativo
2014-04,SBSP3.SA,Saneamento,Sabesp ON,Ativo
2014-04,SAPR11.SA,Saneamento,Sanepar Unit,Pre-IPO
2014-04,SAPR4.SA,Saneamento,Sanepar PN,Ativo
2014-04,CSMG3.SA,Saneamento,Copasa ON,Ativo
2014-05,ITUB4.SA,Bancos,Itaú Unibanco PN,Ativo
2014-05,BBDC4.SA,Bancos,Bradesco PN,Ativo
2014-05,BBAS3.SA,Bancos,Banco do Brasil ON,Ativo
2014-05,SANB11.SA,Bancos,Santander Brasil Unit,Ativo
2014-05,BPAC11.SA,Bancos,BTG Pactual Unit,Ativo
2014-05,ABCB4.SA,Bancos,Banco ABC Brasil PN,Ativo
2014-05,BRSR6.SA,Bancos,Banrisul PN,Ativo
2014-05,ITSA4.SA,Bancos,Itaúsa PN,Ativo
2014-05,TAEE11.SA,Energia,Taesa Unit,Ativo
2014-05,TRPL4.SA,Energia,ISA CTEEP PN,Ativo
2014-05,EGIE3.SA,Energia,Engie Brasil ON,Ativo
2014-05,CPLE6.SA,Energia,Copel PNB,Ativo
2014-05,ELET3.SA,Energia,Eletrobras ON,Ativo
2014-05,ELET6.SA,Energia,Eletrobras PNB,Ativo
2014-05,EQTL3.SA,Energia,Equatorial Energia ON,Ativo
2014-05,CMIG4.SA,Energia,Cemig PN,Ativo
2014-05,CPFE3.SA,Energia,CPFL Energia ON,Ativo
2014-05,ALUP11.SA,Energia,Alupar Unit,Ativo
2014-05,ENGI11.SA,Energia,Energisa Unit,Ativo
2014-05,ENBR3.SA,Energia,EDP Brasil ON (Deslistada),Ativo
2014-05,AESB3.SA,Energia,AES Brasil ON (Incorporada),Pre-IPO
2014-05,AURE3.SA,Energia,Auren Energia ON,Pre-IPO
2014-05,BBSE3.SA,Seguros,BB Seguridade ON,Ativo
2014-05,PSSA3.SA,Seguros,Porto Seguro ON,Ativo
2014-05,CXSE3.SA,Seguros,Caixa Seguridade ON,Pre-IPO
2014-05,WIZC3.SA,Seguros,Wiz Soluções ON,Pre-IPO
2014-05,SULA11.SA,Seguros,SulAmérica Unit (Incorporada),Ativo
2014-05,SBSP3.SA,Saneamento,Sabesp ON,Ativo
2014-05,SAPR11.SA,Saneamento,Sanepar Unit,Pre-IPO
2014-05,SAPR4.SA,Saneamento,Sanepar PN,Ativo
2014-05,CSMG3.SA,Saneamento,Copasa ON,Ativo
2014-06,ITUB4.SA,Bancos,Itaú Unibanco PN,Ativo
2014-06,BBDC4.SA,Bancos,Bradesco PN,Ativo
2014-06,BBAS3.SA,Bancos,Banco do Brasil ON,Ativo
2014-06,SANB11.SA,Bancos,Santander Brasil Unit,Ativo
2014-06,BPAC11.SA,Bancos,BTG Pactual Unit,Ativo
2014-06,ABCB4.SA,Bancos,Banco ABC Brasil PN,Ativo
2014-06,BRSR6.SA,Bancos,Banrisul PN,Ativo
2014-06,ITSA4.SA,Bancos,Itaúsa PN,Ativo
2014-06,TAEE11.SA,Energia,Taesa Unit,Ativo
2014-06,TRPL4.SA,Energia,ISA CTEEP PN,Ativo
2014-06,EGIE3.SA,Energia,Engie Brasil ON,Ativo
2014-06,CPLE6.SA,Energia,Copel PNB,Ativo
2014-06,ELET3.SA,Energia,Eletrobras ON,Ativo
2014-06,ELET6.SA,Energia,Eletrobras PNB,Ativo
2014-06,EQTL3.SA,Energia,Equatorial Energia ON,Ativo
2014-06,CMIG4.SA,Energia,Cemig PN,Ativo
2014-06,CPFE3.SA,Energia,CPFL Energia ON,Ativo
2014-06,ALUP11.SA,Energia,Alupar Unit,Ativo
2014-06,ENGI11.SA,Energia,Energisa Unit,Ativo
2014-06,ENBR3.SA,Energia,EDP Brasil ON (Deslistada),Ativo
2014-06,AESB3.SA,Energia,AES Brasil ON (Incorporada),Pre-IPO
2014-06,AURE3.SA,Energia,Auren Energia ON,Pre-IPO
2014-06,BBSE3.SA,Seguros,BB Seguridade ON,Ativo
2014-06,PSSA3.SA,Seguros,Porto Seguro ON,Ativo
2014-06,CXSE3.SA,Seguros,Caixa Seguridade ON,Pre-IPO
2014-06,WIZC3.SA,Seguros,Wiz Soluções ON,Pre-IPO
2014-06,SULA11.SA,Seguros,SulAmérica Unit (Incorporada),Ativo
2014-06,SBSP3.SA,Saneamento,Sabesp ON,Ativo
2014-06,SAPR11.SA,Saneamento,Sanepar Unit,Pre-IPO
2014-06,SAPR4.SA,Saneamento,Sanepar PN,Ativo
2014-06,CSMG3.SA,Saneamento,Copasa ON,Ativo
2014-07,ITUB4.SA,Bancos,Itaú Unibanco PN,Ativo
2014-07,BBDC4.SA,Bancos,Bradesco PN,Ativo
2014-07,BBAS3.SA,Bancos,Banco do Brasil ON,Ativo
2014-07,SANB11.SA,Bancos,Santander Brasil Unit,Ativo
2014-07,BPAC11.SA,Bancos,BTG Pactual Unit,Ativo
2014-07,ABCB4.SA,Bancos,Banco ABC Brasil PN,Ativo
2014-07,BRSR6.SA,Bancos,Banrisul PN,Ativo
2014-07,ITSA4.SA,Bancos,Itaúsa PN,Ativo
2014-07,TAEE11.SA,Energia,Taesa Unit,Ativo
2014-07,TRPL4.SA,Energia,ISA CTEEP PN,Ativo
2014-07,EGIE3.SA,Energia,Engie Brasil ON,Ativo
2014-07,CPLE6.SA,Energia,Copel PNB,Ativo
2014-07,ELET3.SA,Energia,Eletrobras ON,Ativo
2014-07,ELET6.SA,Energia,Eletrobras PNB,Ativo
2014-07,EQTL3.SA,Energia,Equatorial Energia ON,Ativo
2014-07,CMIG4.SA,Energia,Cemig PN,Ativo
2014-07,CPFE3.SA,Energia,CPFL Energia ON,Ativo
2014-07,ALUP11.SA,Energia,Alupar Unit,Ativo
2014-07,ENGI11.SA,Energia,Energisa Unit,Ativo
2014-07,ENBR3.SA,Energia,EDP Brasil ON (Deslistada),Ativo
2014-07,AESB3.SA,Energia,AES Brasil ON (Incorporada),Pre-IPO
2014-07,AURE3.SA,Energia,Auren Energia ON,Pre-IPO
2014-07,BBSE3.SA,Seguros,BB Seguridade ON,Ativo
2014-07,PSSA3.SA,Seguros,Porto Seguro ON,Ativo
2014-07,CXSE3.SA,Seguros,Caixa Seguridade ON,Pre-IPO
2014-07,WIZC3.SA,Seguros,Wiz Soluções ON,Pre-IPO
2014-07,SULA11.SA,Seguros,SulAmérica Unit (Incorporada),Ativo
2014-07,SBSP3.SA,Saneamento,Sabesp ON,Ativo
2014-07,SAPR11.SA,Saneamento,Sanepar Unit,Pre-IPO
2014-07,SAPR4.SA,Saneamento,Sanepar PN,Ativo
2014-07,CSMG3.SA,Saneamento,Copasa ON,Ativo
2014-08,ITUB4.SA,Bancos,Itaú Unibanco PN,Ativo
2014-08,BBDC4.SA,Bancos,Bradesco PN,Ativo
2014-08,BBAS3.SA,Bancos,Banco do Brasil ON,Ativo
2014-08,SANB11.SA,Bancos,Santander Brasil Unit,Ativo
2014-08,BPAC11.SA,Bancos,BTG Pactual Unit,Ativo
2014-08,ABCB4.SA,Bancos,Banco ABC Brasil PN,Ativo
2014-08,BRSR6.SA,Bancos,Banrisul PN,Ativo
2014-08,ITSA4.SA,Bancos,Itaúsa PN,Ativo
2014-08,TAEE11.SA,Energia,Taesa Unit,Ativo
2014-08,TRPL4.SA,Energia,ISA CTEEP PN,Ativo
2014-08,EGIE3.SA,Energia,Engie Brasil ON,Ativo
2014-08,CPLE6.SA,Energia,Copel PNB,Ativo
2014-08,ELET3.SA,Energia,Eletrobras ON,Ativo
2014-08,ELET6.SA,Energia,Eletrobras PNB,Ativo
2014-08,EQTL3.SA,Energia,Equatorial Energia ON,Ativo
2014-08,CMIG4.SA,Energia,Cemig PN,Ativo
2014-08,CPFE3.SA,Energia,CPFL Energia ON,Ativo
2014-08,ALUP11.SA,Energia,Alupar Unit,Ativo
2014-08,ENGI11.SA,Energia,Energisa Unit,Ativo
2014-08,ENBR3.SA,Energia,EDP Brasil ON (Deslistada),Ativo
2014-08,AESB3.SA,Energia,AES Brasil ON (Incorporada),Pre-IPO
2014-08,AURE3.SA,Energia,Auren Energia ON,Pre-IPO
2014-08,BBSE3.SA,Seguros,BB Seguridade ON,Ativo
2014-08,PSSA3.SA,Seguros,Porto Seguro ON,Ativo
2014-08,CXSE3.SA,Seguros,Caixa Seguridade ON,Pre-IPO
2014-08,WIZC3.SA,Seguros,Wiz Soluções ON,Pre-IPO
2014-08,SULA11.SA,Seguros,SulAmérica Unit (Incorporada),Ativo
2014-08,SBSP3.SA,Saneamento,Sabesp ON,Ativo
2014-08,SAPR11.SA,Saneamento,Sanepar Unit,Pre-IPO
2014-08,SAPR4.SA,Saneamento,Sanepar PN,Ativo
2014-08,CSMG3.SA,Saneamento,Copasa ON,Ativo
2014-09,ITUB4.SA,Bancos,Itaú Unibanco PN,Ativo
2014-09,BBDC4.SA,Bancos,Bradesco PN,Ativo
2014-09,BBAS3.SA,Bancos,Banco do Brasil ON,Ativo
2014-09,SANB11.SA,Bancos,Santander Brasil Unit,Ativo
2014-09,BPAC11.SA,Bancos,BTG Pactual Unit,Ativo
2014-09,ABCB4.SA,Bancos,Banco ABC Brasil PN,Ativo
2014-09,BRSR6.SA,Bancos,Banrisul PN,Ativo
2014-09,ITSA4.SA,Bancos,Itaúsa PN,Ativo
2014-09,TAEE11.SA,Energia,Taesa Unit,Ativo
2014-09,TRPL4.SA,Energia,ISA CTEEP PN,Ativo
2014-09,EGIE3.SA,Energia,Engie Brasil ON,Ativo
2014-09,CPLE6.SA,Energia,Copel PNB,Ativo
2014-09,ELET3.SA,Energia,Eletrobras ON,Ativo
2014-09,ELET6.SA,Energia,Eletrobras PNB,Ativo
2014-09,EQTL3.SA,Energia,Equatorial Energia ON,Ativo
2014-09,CMIG4.SA,Energia,Cemig PN,Ativo
2014-09,CPFE3.SA,Energia,CPFL Energia ON,Ativo
2014-09,ALUP11.SA,Energia,Alupar Unit,Ativo
2014-09,ENGI11.SA,Energia,Energisa Unit,Ativo
2014-09,ENBR3.SA,Energia,EDP Brasil ON (Deslistada),Ativo
2014-09,AESB3.SA,Energia,AES Brasil ON (Incorporada),Pre-IPO
2014-09,AURE3.SA,Energia,Auren Energia ON,Pre-IPO
2014-09,BBSE3.SA,Seguros,BB Seguridade ON,Ativo
2014-09,PSSA3.SA,Seguros,Porto Seguro ON,Ativo
2014-09,CXSE3.SA,Seguros,Caixa Seguridade ON,Pre-IPO
2014-09,WIZC3.SA,Seguros,Wiz Soluções ON,Pre-IPO
2014-09,SULA11.SA,Seguros,SulAmérica Unit (Incorporada),Ativo
2014-09,SBSP3.SA,Saneamento,Sabesp ON,Ativo
2014-09,SAPR11.SA,Saneamento,Sanepar Unit,Pre-IPO
2014-09,SAPR4.SA,Saneamento,Sanepar PN,Ativo
2014-09,CSMG3.SA,Saneamento,Copasa ON,Ativo
2014-10,ITUB4.SA,Bancos,Itaú Unibanco PN,Ativo
2014-10,BBDC4.SA,Bancos,Bradesco PN,Ativo
2014-10,BBAS3.SA,Bancos,Banco do Brasil ON,Ativo
2014-10,SANB11.SA,Bancos,Santander Brasil Unit,Ativo
2014-10,BPAC11.SA,Bancos,BTG Pactual Unit,Ativo
2014-10,ABCB4.SA,Bancos,Banco ABC Brasil PN,Ativo
2014-10,BRSR6.SA,Bancos,Banrisul PN,Ativo
2014-10,ITSA4.SA,Bancos,Itaúsa PN,Ativo
2014-10,TAEE11.SA,Energia,Taesa Unit,Ativo
2014-10,TRPL4.SA,Energia,ISA CTEEP PN,Ativo
2014-10,EGIE3.SA,Energia,Engie Brasil ON,Ativo
2014-10,CPLE6.SA,Energia,Copel PNB,Ativo
2014-10,ELET3.SA,Energia,Eletrobras ON,Ativo
2014-10,ELET6.SA,Energia,Eletrobras PNB,Ativo
2014-10,EQTL3.SA,Energia,Equatorial Energia ON,Ativo
2014-10,CMIG4.SA,Energia,Cemig PN,Ativo
2014-10,CPFE3.SA,Energia,CPFL Energia ON,Ativo
2014-10,ALUP11.SA,Energia,Alupar Unit,Ativo
2014-10,ENGI11.SA,Energia,Energisa Unit,Ativo
2014-10,ENBR3.SA,Energia,EDP Brasil ON (Deslistada),Ativo
2014-10,AESB3.SA,Energia,AES Brasil ON (Incorporada),Pre-IPO
2014-10,AURE3.SA,Energia,Auren Energia ON,Pre-IPO
2014-10,BBSE3.SA,Seguros,BB Seguridade ON,Ativo
2014-10,PSSA3.SA,Seguros,Porto Seguro ON,Ativo
2014-10,CXSE3.SA,Seguros,Caixa Seguridade ON,Pre-IPO
2014-10,WIZC3.SA,Seguros,Wiz Soluções ON,Pre-IPO
2014-10,SULA11.SA,Seguros,SulAmérica Unit (Incorporada),Ativo
2014-10,SBSP3.SA,Saneamento,Sabesp ON,Ativo
2014-10,SAPR11.SA,Saneamento,Sanepar Unit,Pre-IPO
2014-10,SAPR4.SA,Saneamento,Sanepar PN,Ativo
2014-10,CSMG3.SA,Saneamento,Copasa ON,Ativo
2014-11,ITUB4.SA,Bancos,Itaú Unibanco PN,Ativo
2014-11,BBDC4.SA,Bancos,Bradesco PN,Ativo
2014-11,BBAS3.SA,Bancos,Banco do Brasil ON,Ativo
2014-11,SANB11.SA,Bancos,Santander Brasil Unit,Ativo
2014-11,BPAC11.SA,Bancos,BTG Pactual Unit,Ativo
2014-11,ABCB4.SA,Bancos,Banco ABC Brasil PN,Ativo
2014-11,BRSR6.SA,Bancos,Banrisul PN,Ativo
2014-11,ITSA4.SA,Bancos,Itaúsa PN,Ativo
2014-11,TAEE11.SA,Energia,Taesa Unit,Ativo
2014-11,TRPL4.SA,Energia,ISA CTEEP PN,Ativo
2014-11,EGIE3.SA,Energia,Engie Brasil ON,Ativo
2014-11,CPLE6.SA,Energia,Copel PNB,Ativo
2014-11,ELET3.SA,Energia,Eletrobras ON,Ativo
2014-11,ELET6.SA,Energia,Eletrobras PNB,Ativo
2014-11,EQTL3.SA,Energia,Equatorial Energia ON,Ativo
2014-11,CMIG4.SA,Energia,Cemig PN,Ativo
2014-11,CPFE3.SA,Energia,CPFL Energia ON,Ativo
2014-11,ALUP11.SA,Energia,Alupar Unit,Ativo
2014-11,ENGI11.SA,Energia,Energisa Unit,Ativo
2014-11,ENBR3.SA,Energia,EDP Brasil ON (Deslistada),Ativo
2014-11,AESB3.SA,Energia,AES Brasil ON (Incorporada),Pre-IPO
2014-11,AURE3.SA,Energia,Auren Energia ON,Pre-IPO
2014-11,BBSE3.SA,Seguros,BB Seguridade ON,Ativo
2014-11,PSSA3.SA,Seguros,Porto Seguro ON,Ativo
2014-11,CXSE3.SA,Seguros,Caixa Seguridade ON,Pre-IPO
2014-11,WIZC3.SA,Seguros,Wiz Soluções ON,Pre-IPO
2014-11,SULA11.SA,Seguros,SulAmérica Unit (Incorporada),Ativo
2014-11,SBSP3.SA,Saneamento,Sabesp ON,Ativo
2014-11,SAPR11.SA,Saneamento,Sanepar Unit,Pre-IPO
2014-11,SAPR4.SA,Saneamento,Sanepar PN,Ativo
2014-11,CSMG3.SA,Saneamento,Copasa ON,Ativo
2014-12,ITUB4.SA,Bancos,Itaú Unibanco PN,Ativo
2014-12,BBDC4.SA,Bancos,Bradesco PN,Ativo
2014-12,BBAS3.SA,Bancos,Banco do Brasil ON,Ativo
2014-12,SANB11.SA,Bancos,Santander Brasil Unit,Ativo
2014-12,BPAC11.SA,Bancos,BTG Pactual Unit,Ativo
2014-12,ABCB4.SA,Bancos,Banco ABC Brasil PN,Ativo
2014-12,BRSR6.SA,Bancos,Banrisul PN,Ativo
2014-12,ITSA4.SA,Bancos,Itaúsa PN,Ativo
2014-12,TAEE11.SA,Energia,Taesa Unit,Ativo
2014-12,TRPL4.SA,Energia,ISA CTEEP PN,Ativo
2014-12,EGIE3.SA,Energia,Engie Brasil ON,Ativo
2014-12,CPLE6.SA,Energia,Copel PNB,Ativo
2014-12,ELET3.SA,Energia,Eletrobras ON,Ativo
2014-12,ELET6.SA,Energia,Eletrobras PNB,Ativo
2014-12,EQTL3.SA,Energia,Equatorial Energia ON,Ativo
2014-12,CMIG4.SA,Energia,Cemig PN,Ativo
2014-12,CPFE3.SA,Energia,CPFL Energia ON,Ativo
2014-12,ALUP11.SA,Energia,Alupar Unit,Ativo
2014-12,ENGI11.SA,Energia,Energisa Unit,Ativo
2014-12,ENBR3.SA,Energia,EDP Brasil ON (Deslistada),Ativo
2014-12,AESB3.SA,Energia,AES Brasil ON (Incorporada),Pre-IPO
2014-12,AURE3.SA,Energia,Auren Energia ON,Pre-IPO
2014-12,BBSE3.SA,Seguros,BB Seguridade ON,Ativo
2014-12,PSSA3.SA,Seguros,Porto Seguro ON,Ativo
2014-12,CXSE3.SA,Seguros,Caixa Seguridade ON,Pre-IPO
2014-12,WIZC3.SA,Seguros,Wiz Soluções ON,Pre-IPO
2014-12,SULA11.SA,Seguros,SulAmérica Unit (Incorporada),Ativo
2014-12,SBSP3.SA,Saneamento,Sabesp ON,Ativo
2014-12,SAPR11.SA,Saneamento,Sanepar Unit,Pre-IPO
2014-12,SAPR4.SA,Saneamento,Sanepar PN,Ativo
2014-12,CSMG3.SA,Saneamento,Copasa ON,Ativo
2015-01,ITUB4.SA,Bancos,Itaú Unibanco PN,Ativo
2015-01,BBDC4.SA,Bancos,Bradesco PN,Ativo
2015-01,BBAS3.SA,Bancos,Banco do Brasil ON,Ativo
2015-01,SANB11.SA,Bancos,Santander Brasil Unit,Ativo
2015-01,BPAC11.SA,Bancos,BTG Pactual Unit,Ativo
2015-01,ABCB4.SA,Bancos,Banco ABC Brasil PN,Ativo
2015-01,BRSR6.SA,Bancos,Banrisul PN,Ativo
2015-01,ITSA4.SA,Bancos,Itaúsa PN,Ativo
2015-01,TAEE11.SA,Energia,Taesa Unit,Ativo
2015-01,TRPL4.SA,Energia,ISA CTEEP PN,Ativo
2015-01,EGIE3.SA,Energia,Engie Brasil ON,Ativo
2015-01,CPLE6.SA,Energia,Copel PNB,Ativo
2015-01,ELET3.SA,Energia,Eletrobras ON,Ativo
2015-01,ELET6.SA,Energia,Eletrobras PNB,Ativo
2015-01,EQTL3.SA,Energia,Equatorial Energia ON,Ativo
2015-01,CMIG4.SA,Energia,Cemig PN,Ativo
2015-01,CPFE3.SA,Energia,CPFL Energia ON,Ativo
2015-01,ALUP11.SA,Energia,Alupar Unit,Ativo
2015-01,ENGI11.SA,Energia,Energisa Unit,Ativo
2015-01,ENBR3.SA,Energia,EDP Brasil ON (Deslistada),Ativo
2015-01,AESB3.SA,Energia,AES Brasil ON (Incorporada),Pre-IPO
2015-01,AURE3.SA,Energia,Auren Energia ON,Pre-IPO
2015-01,BBSE3.SA,Seguros,BB Seguridade ON,Ativo
2015-01,PSSA3.SA,Seguros,Porto Seguro ON,Ativo
2015-01,CXSE3.SA,Seguros,Caixa Seguridade ON,Pre-IPO
2015-01,WIZC3.SA,Seguros,Wiz Soluções ON,Pre-IPO
2015-01,SULA11.SA,Seguros,SulAmérica Unit (Incorporada),Ativo
2015-01,SBSP3.SA,Saneamento,Sabesp ON,Ativo
2015-01,SAPR11.SA,Saneamento,Sanepar Unit,Pre-IPO
2015-01,SAPR4.SA,Saneamento,Sanepar PN,Ativo
2015-01,CSMG3.SA,Saneamento,Copasa ON,Ativo
2015-02,ITUB4.SA,Bancos,Itaú Unibanco PN,Ativo
2015-02,BBDC4.SA,Bancos,Bradesco PN,Ativo
2015-02,BBAS3.SA,Bancos,Banco do Brasil ON,Ativo
2015-02,SANB11.SA,Bancos,Santander Brasil Unit,Ativo
2015-02,BPAC11.SA,Bancos,BTG Pactual Unit,Ativo
2015-02,ABCB4.SA,Bancos,Banco ABC Brasil PN,Ativo
2015-02,BRSR6.SA,Bancos,Banrisul PN,Ativo
2015-02,ITSA4.SA,Bancos,Itaúsa PN,Ativo
2015-02,TAEE11.SA,Energia,Taesa Unit,Ativo
2015-02,TRPL4.SA,Energia,ISA CTEEP PN,Ativo
2015-02,EGIE3.SA,Energia,Engie Brasil ON,Ativo
2015-02,CPLE6.SA,Energia,Copel PNB,Ativo
2015-02,ELET3.SA,Energia,Eletrobras ON,Ativo
2015-02,ELET6.SA,Energia,Eletrobras PNB,Ativo
2015-02,EQTL3.SA,Energia,Equatorial Energia ON,Ativo
2015-02,CMIG4.SA,Energia,Cemig PN,Ativo
2015-02,CPFE3.SA,Energia,CPFL Energia ON,Ativo
2015-02,ALUP11.SA,Energia,Alupar Unit,Ativo
2015-02,ENGI11.SA,Energia,Energisa Unit,Ativo
2015-02,ENBR3.SA,Energia,EDP Brasil ON (Deslistada),Ativo
2015-02,AESB3.SA,Energia,AES Brasil ON (Incorporada),Pre-IPO
2015-02,AURE3.SA,Energia,Auren Energia ON,Pre-IPO
2015-02,BBSE3.SA,Seguros,BB Seguridade ON,Ativo
2015-02,PSSA3.SA,Seguros,Porto Seguro ON,Ativo
2015-02,CXSE3.SA,Seguros,Caixa Seguridade ON,Pre-IPO
2015-02,WIZC3.SA,Seguros,Wiz Soluções ON,Pre-IPO
2015-02,SULA11.SA,Seguros,SulAmérica Unit (Incorporada),Ativo
2015-02,SBSP3.SA,Saneamento,Sabesp ON,Ativo
2015-02,SAPR11.SA,Saneamento,Sanepar Unit,Pre-IPO
2015-02,SAPR4.SA,Saneamento,Sanepar PN,Ativo
2015-02,CSMG3.SA,Saneamento,Copasa ON,Ativo
2015-03,ITUB4.SA,Bancos,Itaú Unibanco PN,Ativo
2015-03,BBDC4.SA,Bancos,Bradesco PN,Ativo
2015-03,BBAS3.SA,Bancos,Banco do Brasil ON,Ativo
2015-03,SANB11.SA,Bancos,Santander Brasil Unit,Ativo
2015-03,BPAC11.SA,Bancos,BTG Pactual Unit,Ativo
2015-03,ABCB4.SA,Bancos,Banco ABC Brasil PN,Ativo
2015-03,BRSR6.SA,Bancos,Banrisul PN,Ativo
2015-03,ITSA4.SA,Bancos,Itaúsa PN,Ativo
2015-03,TAEE11.SA,Energia,Taesa Unit,Ativo
2015-03,TRPL4.SA,Energia,ISA CTEEP PN,Ativo
2015-03,EGIE3.SA,Energia,Engie Brasil ON,Ativo
2015-03,CPLE6.SA,Energia,Copel PNB,Ativo
2015-03,ELET3.SA,Energia,Eletrobras ON,Ativo
2015-03,ELET6.SA,Energia,Eletrobras PNB,Ativo
2015-03,EQTL3.SA,Energia,Equatorial Energia ON,Ativo
2015-03,CMIG4.SA,Energia,Cemig PN,Ativo
2015-03,CPFE3.SA,Energia,CPFL Energia ON,Ativo
2015-03,ALUP11.SA,Energia,Alupar Unit,Ativo
2015-03,ENGI11.SA,Energia,Energisa Unit,Ativo
2015-03,ENBR3.SA,Energia,EDP Brasil ON (Deslistada),Ativo
2015-03,AESB3.SA,Energia,AES Brasil ON (Incorporada),Pre-IPO
2015-03,AURE3.SA,Energia,Auren Energia ON,Pre-IPO
2015-03,BBSE3.SA,Seguros,BB Seguridade ON,Ativo
2015-03,PSSA3.SA,Seguros,Porto Seguro ON,Ativo
2015-03,CXSE3.SA,Seguros,Caixa Seguridade ON,Pre-IPO
2015-03,WIZC3.SA,Seguros,Wiz Soluções ON,Pre-IPO
2015-03,SULA11.SA,Seguros,SulAmérica Unit (Incorporada),Ativo
2015-03,SBSP3.SA,Saneamento,Sabesp ON,Ativo
2015-03,SAPR11.SA,Saneamento,Sanepar Unit,Pre-IPO
2015-03,SAPR4.SA,Saneamento,Sanepar PN,Ativo
2015-03,CSMG3.SA,Saneamento,Copasa ON,Ativo
2015-04,ITUB4.SA,Bancos,Itaú Unibanco PN,Ativo
2015-04,BBDC4.SA,Bancos,Bradesco PN,Ativo
2015-04,BBAS3.SA,Bancos,Banco do Brasil ON,Ativo
2015-04,SANB11.SA,Bancos,Santander Brasil Unit,Ativo
2015-04,BPAC11.SA,Bancos,BTG Pactual Unit,Ativo
2015-04,ABCB4.SA,Bancos,Banco ABC Brasil PN,Ativo
2015-04,BRSR6.SA,Bancos,Banrisul PN,Ativo
2015-04,ITSA4.SA,Bancos,Itaúsa PN,Ativo
2015-04,TAEE11.SA,Energia,Taesa Unit,Ativo
2015-04,TRPL4.SA,Energia,ISA CTEEP PN,Ativo
2015-04,EGIE3.SA,Energia,Engie Brasil ON,Ativo
2015-04,CPLE6.SA,Energia,Copel PNB,Ativo
2015-04,ELET3.SA,Energia,Eletrobras ON,Ativo
2015-04,ELET6.SA,Energia,Eletrobras PNB,Ativo
2015-04,EQTL3.SA,Energia,Equatorial Energia ON,Ativo
2015-04,CMIG4.SA,Energia,Cemig PN,Ativo
2015-04,CPFE3.SA,Energia,CPFL Energia ON,Ativo
2015-04,ALUP11.SA,Energia,Alupar Unit,Ativo
2015-04,ENGI11.SA,Energia,Energisa Unit,Ativo
2015-04,ENBR3.SA,Energia,EDP Brasil ON (Deslistada),Ativo
2015-04,AESB3.SA,Energia,AES Brasil ON (Incorporada),Pre-IPO
2015-04,AURE3.SA,Energia,Auren Energia ON,Pre-IPO
2015-04,BBSE3.SA,Seguros,BB Seguridade ON,Ativo
2015-04,PSSA3.SA,Seguros,Porto Seguro ON,Ativo
2015-04,CXSE3.SA,Seguros,Caixa Seguridade ON,Pre-IPO
2015-04,WIZC3.SA,Seguros,Wiz Soluções ON,Pre-IPO
2015-04,SULA11.SA,Seguros,SulAmérica Unit (Incorporada),Ativo
2015-04,SBSP3.SA,Saneamento,Sabesp ON,Ativo
2015-04,SAPR11.SA,Saneamento,Sanepar Unit,Pre-IPO
2015-04,SAPR4.SA,Saneamento,Sanepar PN,Ativo
2015-04,CSMG3.SA,Saneamento,Copasa ON,Ativo
2015-05,ITUB4.SA,Bancos,Itaú Unibanco PN,Ativo
2015-05,BBDC4.SA,Bancos,Bradesco PN,Ativo
2015-05,BBAS3.SA,Bancos,Banco do Brasil ON,Ativo
2015-05,SANB11.SA,Bancos,Santander Brasil Unit,Ativo
2015-05,BPAC11.SA,Bancos,BTG Pactual Unit,Ativo
2015-05,ABCB4.SA,Bancos,Banco ABC Brasil PN,Ativo
2015-05,BRSR6.SA,Bancos,Banrisul PN,Ativo
2015-05,ITSA4.SA,Bancos,Itaúsa PN,Ativo
2015-05,TAEE11.SA,Energia,Taesa Unit,Ativo
2015-05,TRPL4.SA,Energia,ISA CTEEP PN,Ativo
2015-05,EGIE3.SA,Energia,Engie Brasil ON,Ativo
2015-05,CPLE6.SA,Energia,Copel PNB,Ativo
2015-05,ELET3.SA,Energia,Eletrobras ON,Ativo
2015-05,ELET6.SA,Energia,Eletrobras PNB,Ativo
2015-05,EQTL3.SA,Energia,Equatorial Energia ON,Ativo
2015-05,CMIG4.SA,Energia,Cemig PN,Ativo
2015-05,CPFE3.SA,Energia,CPFL Energia ON,Ativo
2015-05,ALUP11.SA,Energia,Alupar Unit,Ativo
2015-05,ENGI11.SA,Energia,Energisa Unit,Ativo
2015-05,ENBR3.SA,Energia,EDP Brasil ON (Deslistada),Ativo
2015-05,AESB3.SA,Energia,AES Brasil ON (Incorporada),Pre-IPO
2015-05,AURE3.SA,Energia,Auren Energia ON,Pre-IPO
2015-05,BBSE3.SA,Seguros,BB Seguridade ON,Ativo
2015-05,PSSA3.SA,Seguros,Porto Seguro ON,Ativo
2015-05,CXSE3.SA,Seguros,Caixa Seguridade ON,Pre-IPO
2015-05,WIZC3.SA,Seguros,Wiz Soluções ON,Pre-IPO
2015-05,SULA11.SA,Seguros,SulAmérica Unit (Incorporada),Ativo
2015-05,SBSP3.SA,Saneamento,Sabesp ON,Ativo
2015-05,SAPR11.SA,Saneamento,Sanepar Unit,Pre-IPO
2015-05,SAPR4.SA,Saneamento,Sanepar PN,Ativo
2015-05,CSMG3.SA,Saneamento,Copasa ON,Ativo
2015-06,ITUB4.SA,Bancos,Itaú Unibanco PN,Ativo
2015-06,BBDC4.SA,Bancos,Bradesco PN,Ativo
2015-06,BBAS3.SA,Bancos,Banco do Brasil ON,Ativo
2015-06,SANB11.SA,Bancos,Santander Brasil Unit,Ativo
2015-06,BPAC11.SA,Bancos,BTG Pactual Unit,Ativo
2015-06,ABCB4.SA,Bancos,Banco ABC Brasil PN,Ativo
2015-06,BRSR6.SA,Bancos,Banrisul PN,Ativo
2015-06,ITSA4.SA,Bancos,Itaúsa PN,Ativo
2015-06,TAEE11.SA,Energia,Taesa Unit,Ativo
2015-06,TRPL4.SA,Energia,ISA CTEEP PN,Ativo
2015-06,EGIE3.SA,Energia,Engie Brasil ON,Ativo
2015-06,CPLE6.SA,Energia,Copel PNB,Ativo
2015-06,ELET3.SA,Energia,Eletrobras ON,Ativo
2015-06,ELET6.SA,Energia,Eletrobras PNB,Ativo
2015-06,EQTL3.SA,Energia,Equatorial Energia ON,Ativo
2015-06,CMIG4.SA,Energia,Cemig PN,Ativo
2015-06,CPFE3.SA,Energia,CPFL Energia ON,Ativo
2015-06,ALUP11.SA,Energia,Alupar Unit,Ativo
2015-06,ENGI11.SA,Energia,Energisa Unit,Ativo
2015-06,ENBR3.SA,Energia,EDP Brasil ON (Deslistada),Ativo
2015-06,AESB3.SA,Energia,AES Brasil ON (Incorporada),Pre-IPO
2015-06,AURE3.SA,Energia,Auren Energia ON,Pre-IPO
2015-06,BBSE3.SA,Seguros,BB Seguridade ON,Ativo
2015-06,PSSA3.SA,Seguros,Porto Seguro ON,Ativo
2015-06,CXSE3.SA,Seguros,Caixa Seguridade ON,Pre-IPO
2015-06,WIZC3.SA,Seguros,Wiz Soluções ON,Ativo
2015-06,SULA11.SA,Seguros,SulAmérica Unit (Incorporada),Ativo
2015-06,SBSP3.SA,Saneamento,Sabesp ON,Ativo
2015-06,SAPR11.SA,Saneamento,Sanepar Unit,Pre-IPO
2015-06,SAPR4.SA,Saneamento,Sanepar PN,Ativo
2015-06,CSMG3.SA,Saneamento,Copasa ON,Ativo
2015-07,ITUB4.SA,Bancos,Itaú Unibanco PN,Ativo
2015-07,BBDC4.SA,Bancos,Bradesco PN,Ativo
2015-07,BBAS3.SA,Bancos,Banco do Brasil ON,Ativo
2015-07,SANB11.SA,Bancos,Santander Brasil Unit,Ativo
2015-07,BPAC11.SA,Bancos,BTG Pactual Unit,Ativo
2015-07,ABCB4.SA,Bancos,Banco ABC Brasil PN,Ativo
2015-07,BRSR6.SA,Bancos,Banrisul PN,Ativo
2015-07,ITSA4.SA,Bancos,Itaúsa PN,Ativo
2015-07,TAEE11.SA,Energia,Taesa Unit,Ativo
2015-07,TRPL4.SA,Energia,ISA CTEEP PN,Ativo
2015-07,EGIE3.SA,Energia,Engie Brasil ON,Ativo
2015-07,CPLE6.SA,Energia,Copel PNB,Ativo
2015-07,ELET3.SA,Energia,Eletrobras ON,Ativo
2015-07,ELET6.SA,Energia,Eletrobras PNB,Ativo
2015-07,EQTL3.SA,Energia,Equatorial Energia ON,Ativo
2015-07,CMIG4.SA,Energia,Cemig PN,Ativo
2015-07,CPFE3.SA,Energia,CPFL Energia ON,Ativo
2015-07,ALUP11.SA,Energia,Alupar Unit,Ativo
2015-07,ENGI11.SA,Energia,Energisa Unit,Ativo
2015-07,ENBR3.SA,Energia,EDP Brasil ON (Deslistada),Ativo
2015-07,AESB3.SA,Energia,AES Brasil ON (Incorporada),Pre-IPO
2015-07,AURE3.SA,Energia,Auren Energia ON,Pre-IPO
2015-07,BBSE3.SA,Seguros,BB Seguridade ON,Ativo
2015-07,PSSA3.SA,Seguros,Porto Seguro ON,Ativo
2015-07,CXSE3.SA,Seguros,Caixa Seguridade ON,Pre-IPO
2015-07,WIZC3.SA,Seguros,Wiz Soluções ON,Ativo
2015-07,SULA11.SA,Seguros,SulAmérica Unit (Incorporada),Ativo
2015-07,SBSP3.SA,Saneamento,Sabesp ON,Ativo
2015-07,SAPR11.SA,Saneamento,Sanepar Unit,Pre-IPO
2015-07,SAPR4.SA,Saneamento,Sanepar PN,Ativo
2015-07,CSMG3.SA,Saneamento,Copasa ON,Ativo
2015-08,ITUB4.SA,Bancos,Itaú Unibanco PN,Ativo
2015-08,BBDC4.SA,Bancos,Bradesco PN,Ativo
2015-08,BBAS3.SA,Bancos,Banco do Brasil ON,Ativo
2015-08,SANB11.SA,Bancos,Santander Brasil Unit,Ativo
2015-08,BPAC11.SA,Bancos,BTG Pactual Unit,Ativo
2015-08,ABCB4.SA,Bancos,Banco ABC Brasil PN,Ativo
2015-08,BRSR6.SA,Bancos,Banrisul PN,Ativo
2015-08,ITSA4.SA,Bancos,Itaúsa PN,Ativo
2015-08,TAEE11.SA,Energia,Taesa Unit,Ativo
2015-08,TRPL4.SA,Energia,ISA CTEEP PN,Ativo
2015-08,EGIE3.SA,Energia,Engie Brasil ON,Ativo
2015-08,CPLE6.SA,Energia,Copel PNB,Ativo
2015-08,ELET3.SA,Energia,Eletrobras ON,Ativo
2015-08,ELET6.SA,Energia,Eletrobras PNB,Ativo
2015-08,EQTL3.SA,Energia,Equatorial Energia ON,Ativo
2015-08,CMIG4.SA,Energia,Cemig PN,Ativo
2015-08,CPFE3.SA,Energia,CPFL Energia ON,Ativo
2015-08,ALUP11.SA,Energia,Alupar Unit,Ativo
2015-08,ENGI11.SA,Energia,Energisa Unit,Ativo
2015-08,ENBR3.SA,Energia,EDP Brasil ON (Deslistada),Ativo
2015-08,AESB3.SA,Energia,AES Brasil ON (Incorporada),Pre-IPO
2015-08,AURE3.SA,Energia,Auren Energia ON,Pre-IPO
2015-08,BBSE3.SA,Seguros,BB Seguridade ON,Ativo
2015-08,PSSA3.SA,Seguros,Porto Seguro ON,Ativo
2015-08,CXSE3.SA,Seguros,Caixa Seguridade ON,Pre-IPO
2015-08,WIZC3.SA,Seguros,Wiz Soluções ON,Ativo
2015-08,SULA11.SA,Seguros,SulAmérica Unit (Incorporada),Ativo
2015-08,SBSP3.SA,Saneamento,Sabesp ON,Ativo
2015-08,SAPR11.SA,Saneamento,Sanepar Unit,Pre-IPO
2015-08,SAPR4.SA,Saneamento,Sanepar PN,Ativo
2015-08,CSMG3.SA,Saneamento,Copasa ON,Ativo
2015-09,ITUB4.SA,Bancos,Itaú Unibanco PN,Ativo
2015-09,BBDC4.SA,Bancos,Bradesco PN,Ativo
2015-09,BBAS3.SA,Bancos,Banco do Brasil ON,Ativo
2015-09,SANB11.SA,Bancos,Santander Brasil Unit,Ativo
2015-09,BPAC11.SA,Bancos,BTG Pactual Unit,Ativo
2015-09,ABCB4.SA,Bancos,Banco ABC Brasil PN,Ativo
2015-09,BRSR6.SA,Bancos,Banrisul PN,Ativo
2015-09,ITSA4.SA,Bancos,Itaúsa PN,Ativo
2015-09,TAEE11.SA,Energia,Taesa Unit,Ativo
2015-09,TRPL4.SA,Energia,ISA CTEEP PN,Ativo
2015-09,EGIE3.SA,Energia,Engie Brasil ON,Ativo
2015-09,CPLE6.SA,Energia,Copel PNB,Ativo
2015-09,ELET3.SA,Energia,Eletrobras ON,Ativo
2015-09,ELET6.SA,Energia,Eletrobras PNB,Ativo
2015-09,EQTL3.SA,Energia,Equatorial Energia ON,Ativo
2015-09,CMIG4.SA,Energia,Cemig PN,Ativo
2015-09,CPFE3.SA,Energia,CPFL Energia ON,Ativo
2015-09,ALUP11.SA,Energia,Alupar Unit,Ativo
2015-09,ENGI11.SA,Energia,Energisa Unit,Ativo
2015-09,ENBR3.SA,Energia,EDP Brasil ON (Deslistada),Ativo
2015-09,AESB3.SA,Energia,AES Brasil ON (Incorporada),Pre-IPO
2015-09,AURE3.SA,Energia,Auren Energia ON,Pre-IPO
2015-09,BBSE3.SA,Seguros,BB Seguridade ON,Ativo
2015-09,PSSA3.SA,Seguros,Porto Seguro ON,Ativo
2015-09,CXSE3.SA,Seguros,Caixa Seguridade ON,Pre-IPO
2015-09,WIZC3.SA,Seguros,Wiz Soluções ON,Ativo
2015-09,SULA11.SA,Seguros,SulAmérica Unit (Incorporada),Ativo
2015-09,SBSP3.SA,Saneamento,Sabesp ON,Ativo
2015-09,SAPR11.SA,Saneamento,Sanepar Unit,Pre-IPO
2015-09,SAPR4.SA,Saneamento,Sanepar PN,Ativo
2015-09,CSMG3.SA,Saneamento,Copasa ON,Ativo
2015-10,ITUB4.SA,Bancos,Itaú Unibanco PN,Ativo
2015-10,BBDC4.SA,Bancos,Bradesco PN,Ativo
2015-10,BBAS3.SA,Bancos,Banco do Brasil ON,Ativo
2015-10,SANB11.SA,Bancos,Santander Brasil Unit,Ativo
2015-10,BPAC11.SA,Bancos,BTG Pactual Unit,Ativo
2015-10,ABCB4.SA,Bancos,Banco ABC Brasil PN,Ativo
2015-10,BRSR6.SA,Bancos,Banrisul PN,Ativo
2015-10,ITSA4.SA,Bancos,Itaúsa PN,Ativo
2015-10,TAEE11.SA,Energia,Taesa Unit,Ativo
2015-10,TRPL4.SA,Energia,ISA CTEEP PN,Ativo
2015-10,EGIE3.SA,Energia,Engie Brasil ON,Ativo
2015-10,CPLE6.SA,Energia,Copel PNB,Ativo
2015-10,ELET3.SA,Energia,Eletrobras ON,Ativo
2015-10,ELET6.SA,Energia,Eletrobras PNB,Ativo
2015-10,EQTL3.SA,Energia,Equatorial Energia ON,Ativo
2015-10,CMIG4.SA,Energia,Cemig PN,Ativo
2015-10,CPFE3.SA,Energia,CPFL Energia ON,Ativo
2015-10,ALUP11.SA,Energia,Alupar Unit,Ativo
2015-10,ENGI11.SA,Energia,Energisa Unit,Ativo
2015-10,ENBR3.SA,Energia,EDP Brasil ON (Deslistada),Ativo
2015-10,AESB3.SA,Energia,AES Brasil ON (Incorporada),Pre-IPO
2015-10,AURE3.SA,Energia,Auren Energia ON,Pre-IPO
2015-10,BBSE3.SA,Seguros,BB Seguridade ON,Ativo
2015-10,PSSA3.SA,Seguros,Porto Seguro ON,Ativo
2015-10,CXSE3.SA,Seguros,Caixa Seguridade ON,Pre-IPO
2015-10,WIZC3.SA,Seguros,Wiz Soluções ON,Ativo
2015-10,SULA11.SA,Seguros,SulAmérica Unit (Incorporada),Ativo
2015-10,SBSP3.SA,Saneamento,Sabesp ON,Ativo
2015-10,SAPR11.SA,Saneamento,Sanepar Unit,Pre-IPO
2015-10,SAPR4.SA,Saneamento,Sanepar PN,Ativo
2015-10,CSMG3.SA,Saneamento,Copasa ON,Ativo
2015-11,ITUB4.SA,Bancos,Itaú Unibanco PN,Ativo
2015-11,BBDC4.SA,Bancos,Bradesco PN,Ativo
2015-11,BBAS3.SA,Bancos,Banco do Brasil ON,Ativo
2015-11,SANB11.SA,Bancos,Santander Brasil Unit,Ativo
2015-11,BPAC11.SA,Bancos,BTG Pactual Unit,Ativo
2015-11,ABCB4.SA,Bancos,Banco ABC Brasil PN,Ativo
2015-11,BRSR6.SA,Bancos,Banrisul PN,Ativo
2015-11,ITSA4.SA,Bancos,Itaúsa PN,Ativo
2015-11,TAEE11.SA,Energia,Taesa Unit,Ativo
2015-11,TRPL4.SA,Energia,ISA CTEEP PN,Ativo
2015-11,EGIE3.SA,Energia,Engie Brasil ON,Ativo
2015-11,CPLE6.SA,Energia,Copel PNB,Ativo
2015-11,ELET3.SA,Energia,Eletrobras ON,Ativo
2015-11,ELET6.SA,Energia,Eletrobras PNB,Ativo
2015-11,EQTL3.SA,Energia,Equatorial Energia ON,Ativo
2015-11,CMIG4.SA,Energia,Cemig PN,Ativo
2015-11,CPFE3.SA,Energia,CPFL Energia ON,Ativo
2015-11,ALUP11.SA,Energia,Alupar Unit,Ativo
2015-11,ENGI11.SA,Energia,Energisa Unit,Ativo
2015-11,ENBR3.SA,Energia,EDP Brasil ON (Deslistada),Ativo
2015-11,AESB3.SA,Energia,AES Brasil ON (Incorporada),Pre-IPO
2015-11,AURE3.SA,Energia,Auren Energia ON,Pre-IPO
2015-11,BBSE3.SA,Seguros,BB Seguridade ON,Ativo
2015-11,PSSA3.SA,Seguros,Porto Seguro ON,Ativo
2015-11,CXSE3.SA,Seguros,Caixa Seguridade ON,Pre-IPO
2015-11,WIZC3.SA,Seguros,Wiz Soluções ON,Ativo
2015-11,SULA11.SA,Seguros,SulAmérica Unit (Incorporada),Ativo
2015-11,SBSP3.SA,Saneamento,Sabesp ON,Ativo
2015-11,SAPR11.SA,Saneamento,Sanepar Unit,Pre-IPO
2015-11,SAPR4.SA,Saneamento,Sanepar PN,Ativo
2015-11,CSMG3.SA,Saneamento,Copasa ON,Ativo
2015-12,ITUB4.SA,Bancos,Itaú Unibanco PN,Ativo
2015-12,BBDC4.SA,Bancos,Bradesco PN,Ativo
2015-12,BBAS3.SA,Bancos,Banco do Brasil ON,Ativo
2015-12,SANB11.SA,Bancos,Santander Brasil Unit,Ativo
2015-12,BPAC11.SA,Bancos,BTG Pactual Unit,Ativo
2015-12,ABCB4.SA,Bancos,Banco ABC Brasil PN,Ativo
2015-12,BRSR6.SA,Bancos,Banrisul PN,Ativo
2015-12,ITSA4.SA,Bancos,Itaúsa PN,Ativo
2015-12,TAEE11.SA,Energia,Taesa Unit,Ativo
2015-12,TRPL4.SA,Energia,ISA CTEEP PN,Ativo
2015-12,EGIE3.SA,Energia,Engie Brasil ON,Ativo
2015-12,CPLE6.SA,Energia,Copel PNB,Ativo
2015-12,ELET3.SA,Energia,Eletrobras ON,Ativo
2015-12,ELET6.SA,Energia,Eletrobras PNB,Ativo
2015-12,EQTL3.SA,Energia,Equatorial Energia ON,Ativo
2015-12,CMIG4.SA,Energia,Cemig PN,Ativo
2015-12,CPFE3.SA,Energia,CPFL Energia ON,Ativo
2015-12,ALUP11.SA,Energia,Alupar Unit,Ativo
2015-12,ENGI11.SA,Energia,Energisa Unit,Ativo
2015-12,ENBR3.SA,Energia,EDP Brasil ON (Deslistada),Ativo
2015-12,AESB3.SA,Energia,AES Brasil ON (Incorporada),Pre-IPO
2015-12,AURE3.SA,Energia,Auren Energia ON,Pre-IPO
2015-12,BBSE3.SA,Seguros,BB Seguridade ON,Ativo
2015-12,PSSA3.SA,Seguros,Porto Seguro ON,Ativo
2015-12,CXSE3.SA,Seguros,Caixa Seguridade ON,Pre-IPO
2015-12,WIZC3.SA,Seguros,Wiz Soluções ON,Ativo
2015-12,SULA11.SA,Seguros,SulAmérica Unit (Incorporada),Ativo
2015-12,SBSP3.SA,Saneamento,Sabesp ON,Ativo
2015-12,SAPR11.SA,Saneamento,Sanepar Unit,Pre-IPO
2015-12,SAPR4.SA,Saneamento,Sanepar PN,Ativo
2015-12,CSMG3.SA,Saneamento,Copasa ON,Ativo
2016-01,ITUB4.SA,Bancos,Itaú Unibanco PN,Ativo
2016-01,BBDC4.SA,Bancos,Bradesco PN,Ativo
2016-01,BBAS3.SA,Bancos,Banco do Brasil ON,Ativo
2016-01,SANB11.SA,Bancos,Santander Brasil Unit,Ativo
2016-01,BPAC11.SA,Bancos,BTG Pactual Unit,Ativo
2016-01,ABCB4.SA,Bancos,Banco ABC Brasil PN,Ativo
2016-01,BRSR6.SA,Bancos,Banrisul PN,Ativo
2016-01,ITSA4.SA,Bancos,Itaúsa PN,Ativo
2016-01,TAEE11.SA,Energia,Taesa Unit,Ativo
2016-01,TRPL4.SA,Energia,ISA CTEEP PN,Ativo
2016-01,EGIE3.SA,Energia,Engie Brasil ON,Ativo
2016-01,CPLE6.SA,Energia,Copel PNB,Ativo
2016-01,ELET3.SA,Energia,Eletrobras ON,Ativo
2016-01,ELET6.SA,Energia,Eletrobras PNB,Ativo
2016-01,EQTL3.SA,Energia,Equatorial Energia ON,Ativo
2016-01,CMIG4.SA,Energia,Cemig PN,Ativo
2016-01,CPFE3.SA,Energia,CPFL Energia ON,Ativo
2016-01,ALUP11.SA,Energia,Alupar Unit,Ativo
2016-01,ENGI11.SA,Energia,Energisa Unit,Ativo
2016-01,ENBR3.SA,Energia,EDP Brasil ON (Deslistada),Ativo
2016-01,AESB3.SA,Energia,AES Brasil ON (Incorporada),Pre-IPO
2016-01,AURE3.SA,Energia,Auren Energia ON,Pre-IPO
2016-01,BBSE3.SA,Seguros,BB Seguridade ON,Ativo
2016-01,PSSA3.SA,Seguros,Porto Seguro ON,Ativo
2016-01,CXSE3.SA,Seguros,Caixa Seguridade ON,Pre-IPO
2016-01,WIZC3.SA,Seguros,Wiz Soluções ON,Ativo
2016-01,SULA11.SA,Seguros,SulAmérica Unit (Incorporada),Ativo
2016-01,SBSP3.SA,Saneamento,Sabesp ON,Ativo
2016-01,SAPR11.SA,Saneamento,Sanepar Unit,Pre-IPO
2016-01,SAPR4.SA,Saneamento,Sanepar PN,Ativo
2016-01,CSMG3.SA,Saneamento,Copasa ON,Ativo
2016-02,ITUB4.SA,Bancos,Itaú Unibanco PN,Ativo
2016-02,BBDC4.SA,Bancos,Bradesco PN,Ativo
2016-02,BBAS3.SA,Bancos,Banco do Brasil ON,Ativo
2016-02,SANB11.SA,Bancos,Santander Brasil Unit,Ativo
2016-02,BPAC11.SA,Bancos,BTG Pactual Unit,Ativo
2016-02,ABCB4.SA,Bancos,Banco ABC Brasil PN,Ativo
2016-02,BRSR6.SA,Bancos,Banrisul PN,Ativo
2016-02,ITSA4.SA,Bancos,Itaúsa PN,Ativo
2016-02,TAEE11.SA,Energia,Taesa Unit,Ativo
2016-02,TRPL4.SA,Energia,ISA CTEEP PN,Ativo
2016-02,EGIE3.SA,Energia,Engie Brasil ON,Ativo
2016-02,CPLE6.SA,Energia,Copel PNB,Ativo
2016-02,ELET3.SA,Energia,Eletrobras ON,Ativo
2016-02,ELET6.SA,Energia,Eletrobras PNB,Ativo
2016-02,EQTL3.SA,Energia,Equatorial Energia ON,Ativo
2016-02,CMIG4.SA,Energia,Cemig PN,Ativo
2016-02,CPFE3.SA,Energia,CPFL Energia ON,Ativo
2016-02,ALUP11.SA,Energia,Alupar Unit,Ativo
2016-02,ENGI11.SA,Energia,Energisa Unit,Ativo
2016-02,ENBR3.SA,Energia,EDP Brasil ON (Deslistada),Ativo
2016-02,AESB3.SA,Energia,AES Brasil ON (Incorporada),Pre-IPO
2016-02,AURE3.SA,Energia,Auren Energia ON,Pre-IPO
2016-02,BBSE3.SA,Seguros,BB Seguridade ON,Ativo
2016-02,PSSA3.SA,Seguros,Porto Seguro ON,Ativo
2016-02,CXSE3.SA,Seguros,Caixa Seguridade ON,Pre-IPO
2016-02,WIZC3.SA,Seguros,Wiz Soluções ON,Ativo
2016-02,SULA11.SA,Seguros,SulAmérica Unit (Incorporada),Ativo
2016-02,SBSP3.SA,Saneamento,Sabesp ON,Ativo
2016-02,SAPR11.SA,Saneamento,Sanepar Unit,Pre-IPO
2016-02,SAPR4.SA,Saneamento,Sanepar PN,Ativo
2016-02,CSMG3.SA,Saneamento,Copasa ON,Ativo
2016-03,ITUB4.SA,Bancos,Itaú Unibanco PN,Ativo
2016-03,BBDC4.SA,Bancos,Bradesco PN,Ativo
2016-03,BBAS3.SA,Bancos,Banco do Brasil ON,Ativo
2016-03,SANB11.SA,Bancos,Santander Brasil Unit,Ativo
2016-03,BPAC11.SA,Bancos,BTG Pactual Unit,Ativo
2016-03,ABCB4.SA,Bancos,Banco ABC Brasil PN,Ativo
2016-03,BRSR6.SA,Bancos,Banrisul PN,Ativo
2016-03,ITSA4.SA,Bancos,Itaúsa PN,Ativo
2016-03,TAEE11.SA,Energia,Taesa Unit,Ativo
2016-03,TRPL4.SA,Energia,ISA CTEEP PN,Ativo
2016-03,EGIE3.SA,Energia,Engie Brasil ON,Ativo
2016-03,CPLE6.SA,Energia,Copel PNB,Ativo
2016-03,ELET3.SA,Energia,Eletrobras ON,Ativo
2016-03,ELET6.SA,Energia,Eletrobras PNB,Ativo
2016-03,EQTL3.SA,Energia,Equatorial Energia ON,Ativo
2016-03,CMIG4.SA,Energia,Cemig PN,Ativo
2016-03,CPFE3.SA,Energia,CPFL Energia ON,Ativo
2016-03,ALUP11.SA,Energia,Alupar Unit,Ativo
2016-03,ENGI11.SA,Energia,Energisa Unit,Ativo
2016-03,ENBR3.SA,Energia,EDP Brasil ON (Deslistada),Ativo
2016-03,AESB3.SA,Energia,AES Brasil ON (Incorporada),Pre-IPO
2016-03,AURE3.SA,Energia,Auren Energia ON,Pre-IPO
2016-03,BBSE3.SA,Seguros,BB Seguridade ON,Ativo
2016-03,PSSA3.SA,Seguros,Porto Seguro ON,Ativo
2016-03,CXSE3.SA,Seguros,Caixa Seguridade ON,Pre-IPO
2016-03,WIZC3.SA,Seguros,Wiz Soluções ON,Ativo
2016-03,SULA11.SA,Seguros,SulAmérica Unit (Incorporada),Ativo
2016-03,SBSP3.SA,Saneamento,Sabesp ON,Ativo
2016-03,SAPR11.SA,Saneamento,Sanepar Unit,Pre-IPO
2016-03,SAPR4.SA,Saneamento,Sanepar PN,Ativo
2016-03,CSMG3.SA,Saneamento,Copasa ON,Ativo
2016-04,ITUB4.SA,Bancos,Itaú Unibanco PN,Ativo
2016-04,BBDC4.SA,Bancos,Bradesco PN,Ativo
2016-04,BBAS3.SA,Bancos,Banco do Brasil ON,Ativo
2016-04,SANB11.SA,Bancos,Santander Brasil Unit,Ativo
2016-04,BPAC11.SA,Bancos,BTG Pactual Unit,Ativo
2016-04,ABCB4.SA,Bancos,Banco ABC Brasil PN,Ativo
2016-04,BRSR6.SA,Bancos,Banrisul PN,Ativo
2016-04,ITSA4.SA,Bancos,Itaúsa PN,Ativo
2016-04,TAEE11.SA,Energia,Taesa Unit,Ativo
2016-04,TRPL4.SA,Energia,ISA CTEEP PN,Ativo
2016-04,EGIE3.SA,Energia,Engie Brasil ON,Ativo
2016-04,CPLE6.SA,Energia,Copel PNB,Ativo
2016-04,ELET3.SA,Energia,Eletrobras ON,Ativo
2016-04,ELET6.SA,Energia,Eletrobras PNB,Ativo
2016-04,EQTL3.SA,Energia,Equatorial Energia ON,Ativo
2016-04,CMIG4.SA,Energia,Cemig PN,Ativo
2016-04,CPFE3.SA,Energia,CPFL Energia ON,Ativo
2016-04,ALUP11.SA,Energia,Alupar Unit,Ativo
2016-04,ENGI11.SA,Energia,Energisa Unit,Ativo
2016-04,ENBR3.SA,Energia,EDP Brasil ON (Deslistada),Ativo
2016-04,AESB3.SA,Energia,AES Brasil ON (Incorporada),Pre-IPO
2016-04,AURE3.SA,Energia,Auren Energia ON,Pre-IPO
2016-04,BBSE3.SA,Seguros,BB Seguridade ON,Ativo
2016-04,PSSA3.SA,Seguros,Porto Seguro ON,Ativo
2016-04,CXSE3.SA,Seguros,Caixa Seguridade ON,Pre-IPO
2016-04,WIZC3.SA,Seguros,Wiz Soluções ON,Ativo
2016-04,SULA11.SA,Seguros,SulAmérica Unit (Incorporada),Ativo
2016-04,SBSP3.SA,Saneamento,Sabesp ON,Ativo
2016-04,SAPR11.SA,Saneamento,Sanepar Unit,Pre-IPO
2016-04,SAPR4.SA,Saneamento,Sanepar PN,Ativo
2016-04,CSMG3.SA,Saneamento,Copasa ON,Ativo
2016-05,ITUB4.SA,Bancos,Itaú Unibanco PN,Ativo
2016-05,BBDC4.SA,Bancos,Bradesco PN,Ativo
2016-05,BBAS3.SA,Bancos,Banco do Brasil ON,Ativo
2016-05,SANB11.SA,Bancos,Santander Brasil Unit,Ativo
2016-05,BPAC11.SA,Bancos,BTG Pactual Unit,Ativo
2016-05,ABCB4.SA,Bancos,Banco ABC Brasil PN,Ativo
2016-05,BRSR6.SA,Bancos,Banrisul PN,Ativo
2016-05,ITSA4.SA,Bancos,Itaúsa PN,Ativo
2016-05,TAEE11.SA,Energia,Taesa Unit,Ativo
2016-05,TRPL4.SA,Energia,ISA CTEEP PN,Ativo
2016-05,EGIE3.SA,Energia,Engie Brasil ON,Ativo
2016-05,CPLE6.SA,Energia,Copel PNB,Ativo
2016-05,ELET3.SA,Energia,Eletrobras ON,Ativo
2016-05,ELET6.SA,Energia,Eletrobras PNB,Ativo
2016-05,EQTL3.SA,Energia,Equatorial Energia ON,Ativo
2016-05,CMIG4.SA,Energia,Cemig PN,Ativo
2016-05,CPFE3.SA,Energia,CPFL Energia ON,Ativo
2016-05,ALUP11.SA,Energia,Alupar Unit,Ativo
2016-05,ENGI11.SA,Energia,Energisa Unit,Ativo
2016-05,ENBR3.SA,Energia,EDP Brasil ON (Deslistada),Ativo
2016-05,AESB3.SA,Energia,AES Brasil ON (Incorporada),Pre-IPO
2016-05,AURE3.SA,Energia,Auren Energia ON,Pre-IPO
2016-05,BBSE3.SA,Seguros,BB Seguridade ON,Ativo
2016-05,PSSA3.SA,Seguros,Porto Seguro ON,Ativo
2016-05,CXSE3.SA,Seguros,Caixa Seguridade ON,Pre-IPO
2016-05,WIZC3.SA,Seguros,Wiz Soluções ON,Ativo
2016-05,SULA11.SA,Seguros,SulAmérica Unit (Incorporada),Ativo
2016-05,SBSP3.SA,Saneamento,Sabesp ON,Ativo
2016-05,SAPR11.SA,Saneamento,Sanepar Unit,Pre-IPO
2016-05,SAPR4.SA,Saneamento,Sanepar PN,Ativo
2016-05,CSMG3.SA,Saneamento,Copasa ON,Ativo
2016-06,ITUB4.SA,Bancos,Itaú Unibanco PN,Ativo
2016-06,BBDC4.SA,Bancos,Bradesco PN,Ativo
2016-06,BBAS3.SA,Bancos,Banco do Brasil ON,Ativo
2016-06,SANB11.SA,Bancos,Santander Brasil Unit,Ativo
2016-06,BPAC11.SA,Bancos,BTG Pactual Unit,Ativo
2016-06,ABCB4.SA,Bancos,Banco ABC Brasil PN,Ativo
2016-06,BRSR6.SA,Bancos,Banrisul PN,Ativo
2016-06,ITSA4.SA,Bancos,Itaúsa PN,Ativo
2016-06,TAEE11.SA,Energia,Taesa Unit,Ativo
2016-06,TRPL4.SA,Energia,ISA CTEEP PN,Ativo
2016-06,EGIE3.SA,Energia,Engie Brasil ON,Ativo
2016-06,CPLE6.SA,Energia,Copel PNB,Ativo
2016-06,ELET3.SA,Energia,Eletrobras ON,Ativo
2016-06,ELET6.SA,Energia,Eletrobras PNB,Ativo
2016-06,EQTL3.SA,Energia,Equatorial Energia ON,Ativo
2016-06,CMIG4.SA,Energia,Cemig PN,Ativo
2016-06,CPFE3.SA,Energia,CPFL Energia ON,Ativo
2016-06,ALUP11.SA,Energia,Alupar Unit,Ativo
2016-06,ENGI11.SA,Energia,Energisa Unit,Ativo
2016-06,ENBR3.SA,Energia,EDP Brasil ON (Deslistada),Ativo
2016-06,AESB3.SA,Energia,AES Brasil ON (Incorporada),Pre-IPO
2016-06,AURE3.SA,Energia,Auren Energia ON,Pre-IPO
2016-06,BBSE3.SA,Seguros,BB Seguridade ON,Ativo
2016-06,PSSA3.SA,Seguros,Porto Seguro ON,Ativo
2016-06,CXSE3.SA,Seguros,Caixa Seguridade ON,Pre-IPO
2016-06,WIZC3.SA,Seguros,Wiz Soluções ON,Ativo
2016-06,SULA11.SA,Seguros,SulAmérica Unit (Incorporada),Ativo
2016-06,SBSP3.SA,Saneamento,Sabesp ON,Ativo
2016-06,SAPR11.SA,Saneamento,Sanepar Unit,Pre-IPO
2016-06,SAPR4.SA,Saneamento,Sanepar PN,Ativo
2016-06,CSMG3.SA,Saneamento,Copasa ON,Ativo
2016-07,ITUB4.SA,Bancos,Itaú Unibanco PN,Ativo
2016-07,BBDC4.SA,Bancos,Bradesco PN,Ativo
2016-07,BBAS3.SA,Bancos,Banco do Brasil ON,Ativo
2016-07,SANB11.SA,Bancos,Santander Brasil Unit,Ativo
2016-07,BPAC11.SA,Bancos,BTG Pactual Unit,Ativo
2016-07,ABCB4.SA,Bancos,Banco ABC Brasil PN,Ativo
2016-07,BRSR6.SA,Bancos,Banrisul PN,Ativo
2016-07,ITSA4.SA,Bancos,Itaúsa PN,Ativo
2016-07,TAEE11.SA,Energia,Taesa Unit,Ativo
2016-07,TRPL4.SA,Energia,ISA CTEEP PN,Ativo
2016-07,EGIE3.SA,Energia,Engie Brasil ON,Ativo
2016-07,CPLE6.SA,Energia,Copel PNB,Ativo
2016-07,ELET3.SA,Energia,Eletrobras ON,Ativo
2016-07,ELET6.SA,Energia,Eletrobras PNB,Ativo
2016-07,EQTL3.SA,Energia,Equatorial Energia ON,Ativo
2016-07,CMIG4.SA,Energia,Cemig PN,Ativo
2016-07,CPFE3.SA,Energia,CPFL Energia ON,Ativo
2016-07,ALUP11.SA,Energia,Alupar Unit,Ativo
2016-07,ENGI11.SA,Energia,Energisa Unit,Ativo
2016-07,ENBR3.SA,Energia,EDP Brasil ON (Deslistada),Ativo
2016-07,AESB3.SA,Energia,AES Brasil ON (Incorporada),Pre-IPO
2016-07,AURE3.SA,Energia,Auren Energia ON,Pre-IPO
2016-07,BBSE3.SA,Seguros,BB Seguridade ON,Ativo
2016-07,PSSA3.SA,Seguros,Porto Seguro ON,Ativo
2016-07,CXSE3.SA,Seguros,Caixa Seguridade ON,Pre-IPO
2016-07,WIZC3.SA,Seguros,Wiz Soluções ON,Ativo
2016-07,SULA11.SA,Seguros,SulAmérica Unit (Incorporada),Ativo
2016-07,SBSP3.SA,Saneamento,Sabesp ON,Ativo
2016-07,SAPR11.SA,Saneamento,Sanepar Unit,Pre-IPO
2016-07,SAPR4.SA,Saneamento,Sanepar PN,Ativo
2016-07,CSMG3.SA,Saneamento,Copasa ON,Ativo
2016-08,ITUB4.SA,Bancos,Itaú Unibanco PN,Ativo
2016-08,BBDC4.SA,Bancos,Bradesco PN,Ativo
2016-08,BBAS3.SA,Bancos,Banco do Brasil ON,Ativo
2016-08,SANB11.SA,Bancos,Santander Brasil Unit,Ativo
2016-08,BPAC11.SA,Bancos,BTG Pactual Unit,Ativo
2016-08,ABCB4.SA,Bancos,Banco ABC Brasil PN,Ativo
2016-08,BRSR6.SA,Bancos,Banrisul PN,Ativo
2016-08,ITSA4.SA,Bancos,Itaúsa PN,Ativo
2016-08,TAEE11.SA,Energia,Taesa Unit,Ativo
2016-08,TRPL4.SA,Energia,ISA CTEEP PN,Ativo
2016-08,EGIE3.SA,Energia,Engie Brasil ON,Ativo
2016-08,CPLE6.SA,Energia,Copel PNB,Ativo
2016-08,ELET3.SA,Energia,Eletrobras ON,Ativo
2016-08,ELET6.SA,Energia,Eletrobras PNB,Ativo
2016-08,EQTL3.SA,Energia,Equatorial Energia ON,Ativo
2016-08,CMIG4.SA,Energia,Cemig PN,Ativo
2016-08,CPFE3.SA,Energia,CPFL Energia ON,Ativo
2016-08,ALUP11.SA,Energia,Alupar Unit,Ativo
2016-08,ENGI11.SA,Energia,Energisa Unit,Ativo
2016-08,ENBR3.SA,Energia,EDP Brasil ON (Deslistada),Ativo
2016-08,AESB3.SA,Energia,AES Brasil ON (Incorporada),Pre-IPO
2016-08,AURE3.SA,Energia,Auren Energia ON,Pre-IPO
2016-08,BBSE3.SA,Seguros,BB Seguridade ON,Ativo
2016-08,PSSA3.SA,Seguros,Porto Seguro ON,Ativo
2016-08,CXSE3.SA,Seguros,Caixa Seguridade ON,Pre-IPO
2016-08,WIZC3.SA,Seguros,Wiz Soluções ON,Ativo
2016-08,SULA11.SA,Seguros,SulAmérica Unit (Incorporada),Ativo
2016-08,SBSP3.SA,Saneamento,Sabesp ON,Ativo
2016-08,SAPR11.SA,Saneamento,Sanepar Unit,Pre-IPO
2016-08,SAPR4.SA,Saneamento,Sanepar PN,Ativo
2016-08,CSMG3.SA,Saneamento,Copasa ON,Ativo
2016-09,ITUB4.SA,Bancos,Itaú Unibanco PN,Ativo
2016-09,BBDC4.SA,Bancos,Bradesco PN,Ativo
2016-09,BBAS3.SA,Bancos,Banco do Brasil ON,Ativo
2016-09,SANB11.SA,Bancos,Santander Brasil Unit,Ativo
2016-09,BPAC11.SA,Bancos,BTG Pactual Unit,Ativo
2016-09,ABCB4.SA,Bancos,Banco ABC Brasil PN,Ativo
2016-09,BRSR6.SA,Bancos,Banrisul PN,Ativo
2016-09,ITSA4.SA,Bancos,Itaúsa PN,Ativo
2016-09,TAEE11.SA,Energia,Taesa Unit,Ativo
2016-09,TRPL4.SA,Energia,ISA CTEEP PN,Ativo
2016-09,EGIE3.SA,Energia,Engie Brasil ON,Ativo
2016-09,CPLE6.SA,Energia,Copel PNB,Ativo
2016-09,ELET3.SA,Energia,Eletrobras ON,Ativo
2016-09,ELET6.SA,Energia,Eletrobras PNB,Ativo
2016-09,EQTL3.SA,Energia,Equatorial Energia ON,Ativo
2016-09,CMIG4.SA,Energia,Cemig PN,Ativo
2016-09,CPFE3.SA,Energia,CPFL Energia ON,Ativo
2016-09,ALUP11.SA,Energia,Alupar Unit,Ativo
2016-09,ENGI11.SA,Energia,Energisa Unit,Ativo
2016-09,ENBR3.SA,Energia,EDP Brasil ON (Deslistada),Ativo
2016-09,AESB3.SA,Energia,AES Brasil ON (Incorporada),Pre-IPO
2016-09,AURE3.SA,Energia,Auren Energia ON,Pre-IPO
2016-09,BBSE3.SA,Seguros,BB Seguridade ON,Ativo
2016-09,PSSA3.SA,Seguros,Porto Seguro ON,Ativo
2016-09,CXSE3.SA,Seguros,Caixa Seguridade ON,Pre-IPO
2016-09,WIZC3.SA,Seguros,Wiz Soluções ON,Ativo
2016-09,SULA11.SA,Seguros,SulAmérica Unit (Incorporada),Ativo
2016-09,SBSP3.SA,Saneamento,Sabesp ON,Ativo
2016-09,SAPR11.SA,Saneamento,Sanepar Unit,Pre-IPO
2016-09,SAPR4.SA,Saneamento,Sanepar PN,Ativo
2016-09,CSMG3.SA,Saneamento,Copasa ON,Ativo
2016-10,ITUB4.SA,Bancos,Itaú Unibanco PN,Ativo
2016-10,BBDC4.SA,Bancos,Bradesco PN,Ativo
2016-10,BBAS3.SA,Bancos,Banco do Brasil ON,Ativo
2016-10,SANB11.SA,Bancos,Santander Brasil Unit,Ativo
2016-10,BPAC11.SA,Bancos,BTG Pactual Unit,Ativo
2016-10,ABCB4.SA,Bancos,Banco ABC Brasil PN,Ativo
2016-10,BRSR6.SA,Bancos,Banrisul PN,Ativo
2016-10,ITSA4.SA,Bancos,Itaúsa PN,Ativo
2016-10,TAEE11.SA,Energia,Taesa Unit,Ativo
2016-10,TRPL4.SA,Energia,ISA CTEEP PN,Ativo
2016-10,EGIE3.SA,Energia,Engie Brasil ON,Ativo
2016-10,CPLE6.SA,Energia,Copel PNB,Ativo
2016-10,ELET3.SA,Energia,Eletrobras ON,Ativo
2016-10,ELET6.SA,Energia,Eletrobras PNB,Ativo
2016-10,EQTL3.SA,Energia,Equatorial Energia ON,Ativo
2016-10,CMIG4.SA,Energia,Cemig PN,Ativo
2016-10,CPFE3.SA,Energia,CPFL Energia ON,Ativo
2016-10,ALUP11.SA,Energia,Alupar Unit,Ativo
2016-10,ENGI11.SA,Energia,Energisa Unit,Ativo
2016-10,ENBR3.SA,Energia,EDP Brasil ON (Deslistada),Ativo
2016-10,AESB3.SA,Energia,AES Brasil ON (Incorporada),Pre-IPO
2016-10,AURE3.SA,Energia,Auren Energia ON,Pre-IPO
2016-10,BBSE3.SA,Seguros,BB Seguridade ON,Ativo
2016-10,PSSA3.SA,Seguros,Porto Seguro ON,Ativo
2016-10,CXSE3.SA,Seguros,Caixa Seguridade ON,Pre-IPO
2016-10,WIZC3.SA,Seguros,Wiz Soluções ON,Ativo
2016-10,SULA11.SA,Seguros,SulAmérica Unit (Incorporada),Ativo
2016-10,SBSP3.SA,Saneamento,Sabesp ON,Ativo
2016-10,SAPR11.SA,Saneamento,Sanepar Unit,Pre-IPO
2016-10,SAPR4.SA,Saneamento,Sanepar PN,Ativo
2016-10,CSMG3.SA,Saneamento,Copasa ON,Ativo
2016-11,ITUB4.SA,Bancos,Itaú Unibanco PN,Ativo
2016-11,BBDC4.SA,Bancos,Bradesco PN,Ativo
2016-11,BBAS3.SA,Bancos,Banco do Brasil ON,Ativo
2016-11,SANB11.SA,Bancos,Santander Brasil Unit,Ativo
2016-11,BPAC11.SA,Bancos,BTG Pactual Unit,Ativo
2016-11,ABCB4.SA,Bancos,Banco ABC Brasil PN,Ativo
2016-11,BRSR6.SA,Bancos,Banrisul PN,Ativo
2016-11,ITSA4.SA,Bancos,Itaúsa PN,Ativo
2016-11,TAEE11.SA,Energia,Taesa Unit,Ativo
2016-11,TRPL4.SA,Energia,ISA CTEEP PN,Ativo
2016-11,EGIE3.SA,Energia,Engie Brasil ON,Ativo
2016-11,CPLE6.SA,Energia,Copel PNB,Ativo
2016-11,ELET3.SA,Energia,Eletrobras ON,Ativo
2016-11,ELET6.SA,Energia,Eletrobras PNB,Ativo
2016-11,EQTL3.SA,Energia,Equatorial Energia ON,Ativo
2016-11,CMIG4.SA,Energia,Cemig PN,Ativo
2016-11,CPFE3.SA,Energia,CPFL Energia ON,Ativo
2016-11,ALUP11.SA,Energia,Alupar Unit,Ativo
2016-11,ENGI11.SA,Energia,Energisa Unit,Ativo
2016-11,ENBR3.SA,Energia,EDP Brasil ON (Deslistada),Ativo
2016-11,AESB3.SA,Energia,AES Brasil ON (Incorporada),Pre-IPO
2016-11,AURE3.SA,Energia,Auren Energia ON,Pre-IPO
2016-11,BBSE3.SA,Seguros,BB Seguridade ON,Ativo
2016-11,PSSA3.SA,Seguros,Porto Seguro ON,Ativo
2016-11,CXSE3.SA,Seguros,Caixa Seguridade ON,Pre-IPO
2016-11,WIZC3.SA,Seguros,Wiz Soluções ON,Ativo
2016-11,SULA11.SA,Seguros,SulAmérica Unit (Incorporada),Ativo
2016-11,SBSP3.SA,Saneamento,Sabesp ON,Ativo
2016-11,SAPR11.SA,Saneamento,Sanepar Unit,Pre-IPO
2016-11,SAPR4.SA,Saneamento,Sanepar PN,Ativo
2016-11,CSMG3.SA,Saneamento,Copasa ON,Ativo
2016-12,ITUB4.SA,Bancos,Itaú Unibanco PN,Ativo
2016-12,BBDC4.SA,Bancos,Bradesco PN,Ativo
2016-12,BBAS3.SA,Bancos,Banco do Brasil ON,Ativo
2016-12,SANB11.SA,Bancos,Santander Brasil Unit,Ativo
2016-12,BPAC11.SA,Bancos,BTG Pactual Unit,Ativo
2016-12,ABCB4.SA,Bancos,Banco ABC Brasil PN,Ativo
2016-12,BRSR6.SA,Bancos,Banrisul PN,Ativo
2016-12,ITSA4.SA,Bancos,Itaúsa PN,Ativo
2016-12,TAEE11.SA,Energia,Taesa Unit,Ativo
2016-12,TRPL4.SA,Energia,ISA CTEEP PN,Ativo
2016-12,EGIE3.SA,Energia,Engie Brasil ON,Ativo
2016-12,CPLE6.SA,Energia,Copel PNB,Ativo
2016-12,ELET3.SA,Energia,Eletrobras ON,Ativo
2016-12,ELET6.SA,Energia,Eletrobras PNB,Ativo
2016-12,EQTL3.SA,Energia,Equatorial Energia ON,Ativo
2016-12,CMIG4.SA,Energia,Cemig PN,Ativo
2016-12,CPFE3.SA,Energia,CPFL Energia ON,Ativo
2016-12,ALUP11.SA,Energia,Alupar Unit,Ativo
2016-12,ENGI11.SA,Energia,Energisa Unit,Ativo
2016-12,ENBR3.SA,Energia,EDP Brasil ON (Deslistada),Ativo
2016-12,AESB3.SA,Energia,AES Brasil ON (Incorporada),Pre-IPO
2016-12,AURE3.SA,Energia,Auren Energia ON,Pre-IPO
2016-12,BBSE3.SA,Seguros,BB Seguridade ON,Ativo
2016-12,PSSA3.SA,Seguros,Porto Seguro ON,Ativo
2016-12,CXSE3.SA,Seguros,Caixa Seguridade ON,Pre-IPO
2016-12,WIZC3.SA,Seguros,Wiz Soluções ON,Ativo
2016-12,SULA11.SA,Seguros,SulAmérica Unit (Incorporada),Ativo
2016-12,SBSP3.SA,Saneamento,Sabesp ON,Ativo
2016-12,SAPR11.SA,Saneamento,Sanepar Unit,Ativo
2016-12,SAPR4.SA,Saneamento,Sanepar PN,Ativo
2016-12,CSMG3.SA,Saneamento,Copasa ON,Ativo
2017-01,ITUB4.SA,Bancos,Itaú Unibanco PN,Ativo
2017-01,BBDC4.SA,Bancos,Bradesco PN,Ativo
2017-01,BBAS3.SA,Bancos,Banco do Brasil ON,Ativo
2017-01,SANB11.SA,Bancos,Santander Brasil Unit,Ativo
2017-01,BPAC11.SA,Bancos,BTG Pactual Unit,Ativo
2017-01,ABCB4.SA,Bancos,Banco ABC Brasil PN,Ativo
2017-01,BRSR6.SA,Bancos,Banrisul PN,Ativo
2017-01,ITSA4.SA,Bancos,Itaúsa PN,Ativo
2017-01,TAEE11.SA,Energia,Taesa Unit,Ativo
2017-01,TRPL4.SA,Energia,ISA CTEEP PN,Ativo
2017-01,EGIE3.SA,Energia,Engie Brasil ON,Ativo
2017-01,CPLE6.SA,Energia,Copel PNB,Ativo
2017-01,ELET3.SA,Energia,Eletrobras ON,Ativo
2017-01,ELET6.SA,Energia,Eletrobras PNB,Ativo
2017-01,EQTL3.SA,Energia,Equatorial Energia ON,Ativo
2017-01,CMIG4.SA,Energia,Cemig PN,Ativo
2017-01,CPFE3.SA,Energia,CPFL Energia ON,Ativo
2017-01,ALUP11.SA,Energia,Alupar Unit,Ativo
2017-01,ENGI11.SA,Energia,Energisa Unit,Ativo
2017-01,ENBR3.SA,Energia,EDP Brasil ON (Deslistada),Ativo
2017-01,AESB3.SA,Energia,AES Brasil ON (Incorporada),Pre-IPO
2017-01,AURE3.SA,Energia,Auren Energia ON,Pre-IPO
2017-01,BBSE3.SA,Seguros,BB Seguridade ON,Ativo
2017-01,PSSA3.SA,Seguros,Porto Seguro ON,Ativo
2017-01,CXSE3.SA,Seguros,Caixa Seguridade ON,Pre-IPO
2017-01,WIZC3.SA,Seguros,Wiz Soluções ON,Ativo
2017-01,SULA11.SA,Seguros,SulAmérica Unit (Incorporada),Ativo
2017-01,SBSP3.SA,Saneamento,Sabesp ON,Ativo
2017-01,SAPR11.SA,Saneamento,Sanepar Unit,Ativo
2017-01,SAPR4.SA,Saneamento,Sanepar PN,Ativo
2017-01,CSMG3.SA,Saneamento,Copasa ON,Ativo
2017-02,ITUB4.SA,Bancos,Itaú Unibanco PN,Ativo
2017-02,BBDC4.SA,Bancos,Bradesco PN,Ativo
2017-02,BBAS3.SA,Bancos,Banco do Brasil ON,Ativo
2017-02,SANB11.SA,Bancos,Santander Brasil Unit,Ativo
2017-02,BPAC11.SA,Bancos,BTG Pactual Unit,Ativo
2017-02,ABCB4.SA,Bancos,Banco ABC Brasil PN,Ativo
2017-02,BRSR6.SA,Bancos,Banrisul PN,Ativo
2017-02,ITSA4.SA,Bancos,Itaúsa PN,Ativo
2017-02,TAEE11.SA,Energia,Taesa Unit,Ativo
2017-02,TRPL4.SA,Energia,ISA CTEEP PN,Ativo
2017-02,EGIE3.SA,Energia,Engie Brasil ON,Ativo
2017-02,CPLE6.SA,Energia,Copel PNB,Ativo
2017-02,ELET3.SA,Energia,Eletrobras ON,Ativo
2017-02,ELET6.SA,Energia,Eletrobras PNB,Ativo
2017-02,EQTL3.SA,Energia,Equatorial Energia ON,Ativo
2017-02,CMIG4.SA,Energia,Cemig PN,Ativo
2017-02,CPFE3.SA,Energia,CPFL Energia ON,Ativo
2017-02,ALUP11.SA,Energia,Alupar Unit,Ativo
2017-02,ENGI11.SA,Energia,Energisa Unit,Ativo
2017-02,ENBR3.SA,Energia,EDP Brasil ON (Deslistada),Ativo
2017-02,AESB3.SA,Energia,AES Brasil ON (Incorporada),Pre-IPO
2017-02,AURE3.SA,Energia,Auren Energia ON,Pre-IPO
2017-02,BBSE3.SA,Seguros,BB Seguridade ON,Ativo
2017-02,PSSA3.SA,Seguros,Porto Seguro ON,Ativo
2017-02,CXSE3.SA,Seguros,Caixa Seguridade ON,Pre-IPO
2017-02,WIZC3.SA,Seguros,Wiz Soluções ON,Ativo
2017-02,SULA11.SA,Seguros,SulAmérica Unit (Incorporada),Ativo
2017-02,SBSP3.SA,Saneamento,Sabesp ON,Ativo
2017-02,SAPR11.SA,Saneamento,Sanepar Unit,Ativo
2017-02,SAPR4.SA,Saneamento,Sanepar PN,Ativo
2017-02,CSMG3.SA,Saneamento,Copasa ON,Ativo
2017-03,ITUB4.SA,Bancos,Itaú Unibanco PN,Ativo
2017-03,BBDC4.SA,Bancos,Bradesco PN,Ativo
2017-03,BBAS3.SA,Bancos,Banco do Brasil ON,Ativo
2017-03,SANB11.SA,Bancos,Santander Brasil Unit,Ativo
2017-03,BPAC11.SA,Bancos,BTG Pactual Unit,Ativo
2017-03,ABCB4.SA,Bancos,Banco ABC Brasil PN,Ativo
2017-03,BRSR6.SA,Bancos,Banrisul PN,Ativo
2017-03,ITSA4.SA,Bancos,Itaúsa PN,Ativo
2017-03,TAEE11.SA,Energia,Taesa Unit,Ativo
2017-03,TRPL4.SA,Energia,ISA CTEEP PN,Ativo
2017-03,EGIE3.SA,Energia,Engie Brasil ON,Ativo
2017-03,CPLE6.SA,Energia,Copel PNB,Ativo
2017-03,ELET3.SA,Energia,Eletrobras ON,Ativo
2017-03,ELET6.SA,Energia,Eletrobras PNB,Ativo
2017-03,EQTL3.SA,Energia,Equatorial Energia ON,Ativo
2017-03,CMIG4.SA,Energia,Cemig PN,Ativo
2017-03,CPFE3.SA,Energia,CPFL Energia ON,Ativo
2017-03,ALUP11.SA,Energia,Alupar Unit,Ativo
2017-03,ENGI11.SA,Energia,Energisa Unit,Ativo
2017-03,ENBR3.SA,Energia,EDP Brasil ON (Deslistada),Ativo
2017-03,AESB3.SA,Energia,AES Brasil ON (Incorporada),Pre-IPO
2017-03,AURE3.SA,Energia,Auren Energia ON,Pre-IPO
2017-03,BBSE3.SA,Seguros,BB Seguridade ON,Ativo
2017-03,PSSA3.SA,Seguros,Porto Seguro ON,Ativo
2017-03,CXSE3.SA,Seguros,Caixa Seguridade ON,Pre-IPO
2017-03,WIZC3.SA,Seguros,Wiz Soluções ON,Ativo
2017-03,SULA11.SA,Seguros,SulAmérica Unit (Incorporada),Ativo
2017-03,SBSP3.SA,Saneamento,Sabesp ON,Ativo
2017-03,SAPR11.SA,Saneamento,Sanepar Unit,Ativo
2017-03,SAPR4.SA,Saneamento,Sanepar PN,Ativo
2017-03,CSMG3.SA,Saneamento,Copasa ON,Ativo
2017-04,ITUB4.SA,Bancos,Itaú Unibanco PN,Ativo
2017-04,BBDC4.SA,Bancos,Bradesco PN,Ativo
2017-04,BBAS3.SA,Bancos,Banco do Brasil ON,Ativo
2017-04,SANB11.SA,Bancos,Santander Brasil Unit,Ativo
2017-04,BPAC11.SA,Bancos,BTG Pactual Unit,Ativo
2017-04,ABCB4.SA,Bancos,Banco ABC Brasil PN,Ativo
2017-04,BRSR6.SA,Bancos,Banrisul PN,Ativo
2017-04,ITSA4.SA,Bancos,Itaúsa PN,Ativo
2017-04,TAEE11.SA,Energia,Taesa Unit,Ativo
2017-04,TRPL4.SA,Energia,ISA CTEEP PN,Ativo
2017-04,EGIE3.SA,Energia,Engie Brasil ON,Ativo
2017-04,CPLE6.SA,Energia,Copel PNB,Ativo
2017-04,ELET3.SA,Energia,Eletrobras ON,Ativo
2017-04,ELET6.SA,Energia,Eletrobras PNB,Ativo
2017-04,EQTL3.SA,Energia,Equatorial Energia ON,Ativo
2017-04,CMIG4.SA,Energia,Cemig PN,Ativo
2017-04,CPFE3.SA,Energia,CPFL Energia ON,Ativo
2017-04,ALUP11.SA,Energia,Alupar Unit,Ativo
2017-04,ENGI11.SA,Energia,Energisa Unit,Ativo
2017-04,ENBR3.SA,Energia,EDP Brasil ON (Deslistada),Ativo
2017-04,AESB3.SA,Energia,AES Brasil ON (Incorporada),Pre-IPO
2017-04,AURE3.SA,Energia,Auren Energia ON,Pre-IPO
2017-04,BBSE3.SA,Seguros,BB Seguridade ON,Ativo
2017-04,PSSA3.SA,Seguros,Porto Seguro ON,Ativo
2017-04,CXSE3.SA,Seguros,Caixa Seguridade ON,Pre-IPO
2017-04,WIZC3.SA,Seguros,Wiz Soluções ON,Ativo
2017-04,SULA11.SA,Seguros,SulAmérica Unit (Incorporada),Ativo
2017-04,SBSP3.SA,Saneamento,Sabesp ON,Ativo
2017-04,SAPR11.SA,Saneamento,Sanepar Unit,Ativo
2017-04,SAPR4.SA,Saneamento,Sanepar PN,Ativo
2017-04,CSMG3.SA,Saneamento,Copasa ON,Ativo
2017-05,ITUB4.SA,Bancos,Itaú Unibanco PN,Ativo
2017-05,BBDC4.SA,Bancos,Bradesco PN,Ativo
2017-05,BBAS3.SA,Bancos,Banco do Brasil ON,Ativo
2017-05,SANB11.SA,Bancos,Santander Brasil Unit,Ativo
2017-05,BPAC11.SA,Bancos,BTG Pactual Unit,Ativo
2017-05,ABCB4.SA,Bancos,Banco ABC Brasil PN,Ativo
2017-05,BRSR6.SA,Bancos,Banrisul PN,Ativo
2017-05,ITSA4.SA,Bancos,Itaúsa PN,Ativo
2017-05,TAEE11.SA,Energia,Taesa Unit,Ativo
2017-05,TRPL4.SA,Energia,ISA CTEEP PN,Ativo
2017-05,EGIE3.SA,Energia,Engie Brasil ON,Ativo
2017-05,CPLE6.SA,Energia,Copel PNB,Ativo
2017-05,ELET3.SA,Energia,Eletrobras ON,Ativo
2017-05,ELET6.SA,Energia,Eletrobras PNB,Ativo
2017-05,EQTL3.SA,Energia,Equatorial Energia ON,Ativo
2017-05,CMIG4.SA,Energia,Cemig PN,Ativo
2017-05,CPFE3.SA,Energia,CPFL Energia ON,Ativo
2017-05,ALUP11.SA,Energia,Alupar Unit,Ativo
2017-05,ENGI11.SA,Energia,Energisa Unit,Ativo
2017-05,ENBR3.SA,Energia,EDP Brasil ON (Deslistada),Ativo
2017-05,AESB3.SA,Energia,AES Brasil ON (Incorporada),Pre-IPO
2017-05,AURE3.SA,Energia,Auren Energia ON,Pre-IPO
2017-05,BBSE3.SA,Seguros,BB Seguridade ON,Ativo
2017-05,PSSA3.SA,Seguros,Porto Seguro ON,Ativo
2017-05,CXSE3.SA,Seguros,Caixa Seguridade ON,Pre-IPO
2017-05,WIZC3.SA,Seguros,Wiz Soluções ON,Ativo
2017-05,SULA11.SA,Seguros,SulAmérica Unit (Incorporada),Ativo
2017-05,SBSP3.SA,Saneamento,Sabesp ON,Ativo
2017-05,SAPR11.SA,Saneamento,Sanepar Unit,Ativo
2017-05,SAPR4.SA,Saneamento,Sanepar PN,Ativo
2017-05,CSMG3.SA,Saneamento,Copasa ON,Ativo
2017-06,ITUB4.SA,Bancos,Itaú Unibanco PN,Ativo
2017-06,BBDC4.SA,Bancos,Bradesco PN,Ativo
2017-06,BBAS3.SA,Bancos,Banco do Brasil ON,Ativo
2017-06,SANB11.SA,Bancos,Santander Brasil Unit,Ativo
2017-06,BPAC11.SA,Bancos,BTG Pactual Unit,Ativo
2017-06,ABCB4.SA,Bancos,Banco ABC Brasil PN,Ativo
2017-06,BRSR6.SA,Bancos,Banrisul PN,Ativo
2017-06,ITSA4.SA,Bancos,Itaúsa PN,Ativo
2017-06,TAEE11.SA,Energia,Taesa Unit,Ativo
2017-06,TRPL4.SA,Energia,ISA CTEEP PN,Ativo
2017-06,EGIE3.SA,Energia,Engie Brasil ON,Ativo
2017-06,CPLE6.SA,Energia,Copel PNB,Ativo
2017-06,ELET3.SA,Energia,Eletrobras ON,Ativo
2017-06,ELET6.SA,Energia,Eletrobras PNB,Ativo
2017-06,EQTL3.SA,Energia,Equatorial Energia ON,Ativo
2017-06,CMIG4.SA,Energia,Cemig PN,Ativo
2017-06,CPFE3.SA,Energia,CPFL Energia ON,Ativo
2017-06,ALUP11.SA,Energia,Alupar Unit,Ativo
2017-06,ENGI11.SA,Energia,Energisa Unit,Ativo
2017-06,ENBR3.SA,Energia,EDP Brasil ON (Deslistada),Ativo
2017-06,AESB3.SA,Energia,AES Brasil ON (Incorporada),Pre-IPO
2017-06,AURE3.SA,Energia,Auren Energia ON,Pre-IPO
2017-06,BBSE3.SA,Seguros,BB Seguridade ON,Ativo
2017-06,PSSA3.SA,Seguros,Porto Seguro ON,Ativo
2017-06,CXSE3.SA,Seguros,Caixa Seguridade ON,Pre-IPO
2017-06,WIZC3.SA,Seguros,Wiz Soluções ON,Ativo
2017-06,SULA11.SA,Seguros,SulAmérica Unit (Incorporada),Ativo
2017-06,SBSP3.SA,Saneamento,Sabesp ON,Ativo
2017-06,SAPR11.SA,Saneamento,Sanepar Unit,Ativo
2017-06,SAPR4.SA,Saneamento,Sanepar PN,Ativo
2017-06,CSMG3.SA,Saneamento,Copasa ON,Ativo
2017-07,ITUB4.SA,Bancos,Itaú Unibanco PN,Ativo
2017-07,BBDC4.SA,Bancos,Bradesco PN,Ativo
2017-07,BBAS3.SA,Bancos,Banco do Brasil ON,Ativo
2017-07,SANB11.SA,Bancos,Santander Brasil Unit,Ativo
2017-07,BPAC11.SA,Bancos,BTG Pactual Unit,Ativo
2017-07,ABCB4.SA,Bancos,Banco ABC Brasil PN,Ativo
2017-07,BRSR6.SA,Bancos,Banrisul PN,Ativo
2017-07,ITSA4.SA,Bancos,Itaúsa PN,Ativo
2017-07,TAEE11.SA,Energia,Taesa Unit,Ativo
2017-07,TRPL4.SA,Energia,ISA CTEEP PN,Ativo
2017-07,EGIE3.SA,Energia,Engie Brasil ON,Ativo
2017-07,CPLE6.SA,Energia,Copel PNB,Ativo
2017-07,ELET3.SA,Energia,Eletrobras ON,Ativo
2017-07,ELET6.SA,Energia,Eletrobras PNB,Ativo
2017-07,EQTL3.SA,Energia,Equatorial Energia ON,Ativo
2017-07,CMIG4.SA,Energia,Cemig PN,Ativo
2017-07,CPFE3.SA,Energia,CPFL Energia ON,Ativo
2017-07,ALUP11.SA,Energia,Alupar Unit,Ativo
2017-07,ENGI11.SA,Energia,Energisa Unit,Ativo
2017-07,ENBR3.SA,Energia,EDP Brasil ON (Deslistada),Ativo
2017-07,AESB3.SA,Energia,AES Brasil ON (Incorporada),Pre-IPO
2017-07,AURE3.SA,Energia,Auren Energia ON,Pre-IPO
2017-07,BBSE3.SA,Seguros,BB Seguridade ON,Ativo
2017-07,PSSA3.SA,Seguros,Porto Seguro ON,Ativo
2017-07,CXSE3.SA,Seguros,Caixa Seguridade ON,Pre-IPO
2017-07,WIZC3.SA,Seguros,Wiz Soluções ON,Ativo
2017-07,SULA11.SA,Seguros,SulAmérica Unit (Incorporada),Ativo
2017-07,SBSP3.SA,Saneamento,Sabesp ON,Ativo
2017-07,SAPR11.SA,Saneamento,Sanepar Unit,Ativo
2017-07,SAPR4.SA,Saneamento,Sanepar PN,Ativo
2017-07,CSMG3.SA,Saneamento,Copasa ON,Ativo
2017-08,ITUB4.SA,Bancos,Itaú Unibanco PN,Ativo
2017-08,BBDC4.SA,Bancos,Bradesco PN,Ativo
2017-08,BBAS3.SA,Bancos,Banco do Brasil ON,Ativo
2017-08,SANB11.SA,Bancos,Santander Brasil Unit,Ativo
2017-08,BPAC11.SA,Bancos,BTG Pactual Unit,Ativo
2017-08,ABCB4.SA,Bancos,Banco ABC Brasil PN,Ativo
2017-08,BRSR6.SA,Bancos,Banrisul PN,Ativo
2017-08,ITSA4.SA,Bancos,Itaúsa PN,Ativo
2017-08,TAEE11.SA,Energia,Taesa Unit,Ativo
2017-08,TRPL4.SA,Energia,ISA CTEEP PN,Ativo
2017-08,EGIE3.SA,Energia,Engie Brasil ON,Ativo
2017-08,CPLE6.SA,Energia,Copel PNB,Ativo
2017-08,ELET3.SA,Energia,Eletrobras ON,Ativo
2017-08,ELET6.SA,Energia,Eletrobras PNB,Ativo
2017-08,EQTL3.SA,Energia,Equatorial Energia ON,Ativo
2017-08,CMIG4.SA,Energia,Cemig PN,Ativo
2017-08,CPFE3.SA,Energia,CPFL Energia ON,Ativo
2017-08,ALUP11.SA,Energia,Alupar Unit,Ativo
2017-08,ENGI11.SA,Energia,Energisa Unit,Ativo
2017-08,ENBR3.SA,Energia,EDP Brasil ON (Deslistada),Ativo
2017-08,AESB3.SA,Energia,AES Brasil ON (Incorporada),Pre-IPO
2017-08,AURE3.SA,Energia,Auren Energia ON,Pre-IPO
2017-08,BBSE3.SA,Seguros,BB Seguridade ON,Ativo
2017-08,PSSA3.SA,Seguros,Porto Seguro ON,Ativo
2017-08,CXSE3.SA,Seguros,Caixa Seguridade ON,Pre-IPO
2017-08,WIZC3.SA,Seguros,Wiz Soluções ON,Ativo
2017-08,SULA11.SA,Seguros,SulAmérica Unit (Incorporada),Ativo
2017-08,SBSP3.SA,Saneamento,Sabesp ON,Ativo
2017-08,SAPR11.SA,Saneamento,Sanepar Unit,Ativo
2017-08,SAPR4.SA,Saneamento,Sanepar PN,Ativo
2017-08,CSMG3.SA,Saneamento,Copasa ON,Ativo
2017-09,ITUB4.SA,Bancos,Itaú Unibanco PN,Ativo
2017-09,BBDC4.SA,Bancos,Bradesco PN,Ativo
2017-09,BBAS3.SA,Bancos,Banco do Brasil ON,Ativo
2017-09,SANB11.SA,Bancos,Santander Brasil Unit,Ativo
2017-09,BPAC11.SA,Bancos,BTG Pactual Unit,Ativo
2017-09,ABCB4.SA,Bancos,Banco ABC Brasil PN,Ativo
2017-09,BRSR6.SA,Bancos,Banrisul PN,Ativo
2017-09,ITSA4.SA,Bancos,Itaúsa PN,Ativo
2017-09,TAEE11.SA,Energia,Taesa Unit,Ativo
2017-09,TRPL4.SA,Energia,ISA CTEEP PN,Ativo
2017-09,EGIE3.SA,Energia,Engie Brasil ON,Ativo
2017-09,CPLE6.SA,Energia,Copel PNB,Ativo
2017-09,ELET3.SA,Energia,Eletrobras ON,Ativo
2017-09,ELET6.SA,Energia,Eletrobras PNB,Ativo
2017-09,EQTL3.SA,Energia,Equatorial Energia ON,Ativo
2017-09,CMIG4.SA,Energia,Cemig PN,Ativo
2017-09,CPFE3.SA,Energia,CPFL Energia ON,Ativo
2017-09,ALUP11.SA,Energia,Alupar Unit,Ativo
2017-09,ENGI11.SA,Energia,Energisa Unit,Ativo
2017-09,ENBR3.SA,Energia,EDP Brasil ON (Deslistada),Ativo
2017-09,AESB3.SA,Energia,AES Brasil ON (Incorporada),Pre-IPO
2017-09,AURE3.SA,Energia,Auren Energia ON,Pre-IPO
2017-09,BBSE3.SA,Seguros,BB Seguridade ON,Ativo
2017-09,PSSA3.SA,Seguros,Porto Seguro ON,Ativo
2017-09,CXSE3.SA,Seguros,Caixa Seguridade ON,Pre-IPO
2017-09,WIZC3.SA,Seguros,Wiz Soluções ON,Ativo
2017-09,SULA11.SA,Seguros,SulAmérica Unit (Incorporada),Ativo
2017-09,SBSP3.SA,Saneamento,Sabesp ON,Ativo
2017-09,SAPR11.SA,Saneamento,Sanepar Unit,Ativo
2017-09,SAPR4.SA,Saneamento,Sanepar PN,Ativo
2017-09,CSMG3.SA,Saneamento,Copasa ON,Ativo
2017-10,ITUB4.SA,Bancos,Itaú Unibanco PN,Ativo
2017-10,BBDC4.SA,Bancos,Bradesco PN,Ativo
2017-10,BBAS3.SA,Bancos,Banco do Brasil ON,Ativo
2017-10,SANB11.SA,Bancos,Santander Brasil Unit,Ativo
2017-10,BPAC11.SA,Bancos,BTG Pactual Unit,Ativo
2017-10,ABCB4.SA,Bancos,Banco ABC Brasil PN,Ativo
2017-10,BRSR6.SA,Bancos,Banrisul PN,Ativo
2017-10,ITSA4.SA,Bancos,Itaúsa PN,Ativo
2017-10,TAEE11.SA,Energia,Taesa Unit,Ativo
2017-10,TRPL4.SA,Energia,ISA CTEEP PN,Ativo
2017-10,EGIE3.SA,Energia,Engie Brasil ON,Ativo
2017-10,CPLE6.SA,Energia,Copel PNB,Ativo
2017-10,ELET3.SA,Energia,Eletrobras ON,Ativo
2017-10,ELET6.SA,Energia,Eletrobras PNB,Ativo
2017-10,EQTL3.SA,Energia,Equatorial Energia ON,Ativo
2017-10,CMIG4.SA,Energia,Cemig PN,Ativo
2017-10,CPFE3.SA,Energia,CPFL Energia ON,Ativo
2017-10,ALUP11.SA,Energia,Alupar Unit,Ativo
2017-10,ENGI11.SA,Energia,Energisa Unit,Ativo
2017-10,ENBR3.SA,Energia,EDP Brasil ON (Deslistada),Ativo
2017-10,AESB3.SA,Energia,AES Brasil ON (Incorporada),Pre-IPO
2017-10,AURE3.SA,Energia,Auren Energia ON,Pre-IPO
2017-10,BBSE3.SA,Seguros,BB Seguridade ON,Ativo
2017-10,PSSA3.SA,Seguros,Porto Seguro ON,Ativo
2017-10,CXSE3.SA,Seguros,Caixa Seguridade ON,Pre-IPO
2017-10,WIZC3.SA,Seguros,Wiz Soluções ON,Ativo
2017-10,SULA11.SA,Seguros,SulAmérica Unit (Incorporada),Ativo
2017-10,SBSP3.SA,Saneamento,Sabesp ON,Ativo
2017-10,SAPR11.SA,Saneamento,Sanepar Unit,Ativo
2017-10,SAPR4.SA,Saneamento,Sanepar PN,Ativo
2017-10,CSMG3.SA,Saneamento,Copasa ON,Ativo
2017-11,ITUB4.SA,Bancos,Itaú Unibanco PN,Ativo
2017-11,BBDC4.SA,Bancos,Bradesco PN,Ativo
2017-11,BBAS3.SA,Bancos,Banco do Brasil ON,Ativo
2017-11,SANB11.SA,Bancos,Santander Brasil Unit,Ativo
2017-11,BPAC11.SA,Bancos,BTG Pactual Unit,Ativo
2017-11,ABCB4.SA,Bancos,Banco ABC Brasil PN,Ativo
2017-11,BRSR6.SA,Bancos,Banrisul PN,Ativo
2017-11,ITSA4.SA,Bancos,Itaúsa PN,Ativo
2017-11,TAEE11.SA,Energia,Taesa Unit,Ativo
2017-11,TRPL4.SA,Energia,ISA CTEEP PN,Ativo
2017-11,EGIE3.SA,Energia,Engie Brasil ON,Ativo
2017-11,CPLE6.SA,Energia,Copel PNB,Ativo
2017-11,ELET3.SA,Energia,Eletrobras ON,Ativo
2017-11,ELET6.SA,Energia,Eletrobras PNB,Ativo
2017-11,EQTL3.SA,Energia,Equatorial Energia ON,Ativo
2017-11,CMIG4.SA,Energia,Cemig PN,Ativo
2017-11,CPFE3.SA,Energia,CPFL Energia ON,Ativo
2017-11,ALUP11.SA,Energia,Alupar Unit,Ativo
2017-11,ENGI11.SA,Energia,Energisa Unit,Ativo
2017-11,ENBR3.SA,Energia,EDP Brasil ON (Deslistada),Ativo
2017-11,AESB3.SA,Energia,AES Brasil ON (Incorporada),Pre-IPO
2017-11,AURE3.SA,Energia,Auren Energia ON,Pre-IPO
2017-11,BBSE3.SA,Seguros,BB Seguridade ON,Ativo
2017-11,PSSA3.SA,Seguros,Porto Seguro ON,Ativo
2017-11,CXSE3.SA,Seguros,Caixa Seguridade ON,Pre-IPO
2017-11,WIZC3.SA,Seguros,Wiz Soluções ON,Ativo
2017-11,SULA11.SA,Seguros,SulAmérica Unit (Incorporada),Ativo
2017-11,SBSP3.SA,Saneamento,Sabesp ON,Ativo
2017-11,SAPR11.SA,Saneamento,Sanepar Unit,Ativo
2017-11,SAPR4.SA,Saneamento,Sanepar PN,Ativo
2017-11,CSMG3.SA,Saneamento,Copasa ON,Ativo
2017-12,ITUB4.SA,Bancos,Itaú Unibanco PN,Ativo
2017-12,BBDC4.SA,Bancos,Bradesco PN,Ativo
2017-12,BBAS3.SA,Bancos,Banco do Brasil ON,Ativo
2017-12,SANB11.SA,Bancos,Santander Brasil Unit,Ativo
2017-12,BPAC11.SA,Bancos,BTG Pactual Unit,Ativo
2017-12,ABCB4.SA,Bancos,Banco ABC Brasil PN,Ativo
2017-12,BRSR6.SA,Bancos,Banrisul PN,Ativo
2017-12,ITSA4.SA,Bancos,Itaúsa PN,Ativo
2017-12,TAEE11.SA,Energia,Taesa Unit,Ativo
2017-12,TRPL4.SA,Energia,ISA CTEEP PN,Ativo
2017-12,EGIE3.SA,Energia,Engie Brasil ON,Ativo
2017-12,CPLE6.SA,Energia,Copel PNB,Ativo
2017-12,ELET3.SA,Energia,Eletrobras ON,Ativo
2017-12,ELET6.SA,Energia,Eletrobras PNB,Ativo
2017-12,EQTL3.SA,Energia,Equatorial Energia ON,Ativo
2017-12,CMIG4.SA,Energia,Cemig PN,Ativo
2017-12,CPFE3.SA,Energia,CPFL Energia ON,Ativo
2017-12,ALUP11.SA,Energia,Alupar Unit,Ativo
2017-12,ENGI11.SA,Energia,Energisa Unit,Ativo
2017-12,ENBR3.SA,Energia,EDP Brasil ON (Deslistada),Ativo
2017-12,AESB3.SA,Energia,AES Brasil ON (Incorporada),Pre-IPO
2017-12,AURE3.SA,Energia,Auren Energia ON,Pre-IPO
2017-12,BBSE3.SA,Seguros,BB Seguridade ON,Ativo
2017-12,PSSA3.SA,Seguros,Porto Seguro ON,Ativo
2017-12,CXSE3.SA,Seguros,Caixa Seguridade ON,Pre-IPO
2017-12,WIZC3.SA,Seguros,Wiz Soluções ON,Ativo
2017-12,SULA11.SA,Seguros,SulAmérica Unit (Incorporada),Ativo
2017-12,SBSP3.SA,Saneamento,Sabesp ON,Ativo
2017-12,SAPR11.SA,Saneamento,Sanepar Unit,Ativo
2017-12,SAPR4.SA,Saneamento,Sanepar PN,Ativo
2017-12,CSMG3.SA,Saneamento,Copasa ON,Ativo
2018-01,ITUB4.SA,Bancos,Itaú Unibanco PN,Ativo
2018-01,BBDC4.SA,Bancos,Bradesco PN,Ativo
2018-01,BBAS3.SA,Bancos,Banco do Brasil ON,Ativo
2018-01,SANB11.SA,Bancos,Santander Brasil Unit,Ativo
2018-01,BPAC11.SA,Bancos,BTG Pactual Unit,Ativo
2018-01,ABCB4.SA,Bancos,Banco ABC Brasil PN,Ativo
2018-01,BRSR6.SA,Bancos,Banrisul PN,Ativo
2018-01,ITSA4.SA,Bancos,Itaúsa PN,Ativo
2018-01,TAEE11.SA,Energia,Taesa Unit,Ativo
2018-01,TRPL4.SA,Energia,ISA CTEEP PN,Ativo
2018-01,EGIE3.SA,Energia,Engie Brasil ON,Ativo
2018-01,CPLE6.SA,Energia,Copel PNB,Ativo
2018-01,ELET3.SA,Energia,Eletrobras ON,Ativo
2018-01,ELET6.SA,Energia,Eletrobras PNB,Ativo
2018-01,EQTL3.SA,Energia,Equatorial Energia ON,Ativo
2018-01,CMIG4.SA,Energia,Cemig PN,Ativo
2018-01,CPFE3.SA,Energia,CPFL Energia ON,Ativo
2018-01,ALUP11.SA,Energia,Alupar Unit,Ativo
2018-01,ENGI11.SA,Energia,Energisa Unit,Ativo
2018-01,ENBR3.SA,Energia,EDP Brasil ON (Deslistada),Ativo
2018-01,AESB3.SA,Energia,AES Brasil ON (Incorporada),Pre-IPO
2018-01,AURE3.SA,Energia,Auren Energia ON,Pre-IPO
2018-01,BBSE3.SA,Seguros,BB Seguridade ON,Ativo
2018-01,PSSA3.SA,Seguros,Porto Seguro ON,Ativo
2018-01,CXSE3.SA,Seguros,Caixa Seguridade ON,Pre-IPO
2018-01,WIZC3.SA,Seguros,Wiz Soluções ON,Ativo
2018-01,SULA11.SA,Seguros,SulAmérica Unit (Incorporada),Ativo
2018-01,SBSP3.SA,Saneamento,Sabesp ON,Ativo
2018-01,SAPR11.SA,Saneamento,Sanepar Unit,Ativo
2018-01,SAPR4.SA,Saneamento,Sanepar PN,Ativo
2018-01,CSMG3.SA,Saneamento,Copasa ON,Ativo
2018-02,ITUB4.SA,Bancos,Itaú Unibanco PN,Ativo
2018-02,BBDC4.SA,Bancos,Bradesco PN,Ativo
2018-02,BBAS3.SA,Bancos,Banco do Brasil ON,Ativo
2018-02,SANB11.SA,Bancos,Santander Brasil Unit,Ativo
2018-02,BPAC11.SA,Bancos,BTG Pactual Unit,Ativo
2018-02,ABCB4.SA,Bancos,Banco ABC Brasil PN,Ativo
2018-02,BRSR6.SA,Bancos,Banrisul PN,Ativo
2018-02,ITSA4.SA,Bancos,Itaúsa PN,Ativo
2018-02,TAEE11.SA,Energia,Taesa Unit,Ativo
2018-02,TRPL4.SA,Energia,ISA CTEEP PN,Ativo
2018-02,EGIE3.SA,Energia,Engie Brasil ON,Ativo
2018-02,CPLE6.SA,Energia,Copel PNB,Ativo
2018-02,ELET3.SA,Energia,Eletrobras ON,Ativo
2018-02,ELET6.SA,Energia,Eletrobras PNB,Ativo
2018-02,EQTL3.SA,Energia,Equatorial Energia ON,Ativo
2018-02,CMIG4.SA,Energia,Cemig PN,Ativo
2018-02,CPFE3.SA,Energia,CPFL Energia ON,Ativo
2018-02,ALUP11.SA,Energia,Alupar Unit,Ativo
2018-02,ENGI11.SA,Energia,Energisa Unit,Ativo
2018-02,ENBR3.SA,Energia,EDP Brasil ON (Deslistada),Ativo
2018-02,AESB3.SA,Energia,AES Brasil ON (Incorporada),Pre-IPO
2018-02,AURE3.SA,Energia,Auren Energia ON,Pre-IPO
2018-02,BBSE3.SA,Seguros,BB Seguridade ON,Ativo
2018-02,PSSA3.SA,Seguros,Porto Seguro ON,Ativo
2018-02,CXSE3.SA,Seguros,Caixa Seguridade ON,Pre-IPO
2018-02,WIZC3.SA,Seguros,Wiz Soluções ON,Ativo
2018-02,SULA11.SA,Seguros,SulAmérica Unit (Incorporada),Ativo
2018-02,SBSP3.SA,Saneamento,Sabesp ON,Ativo
2018-02,SAPR11.SA,Saneamento,Sanepar Unit,Ativo
2018-02,SAPR4.SA,Saneamento,Sanepar PN,Ativo
2018-02,CSMG3.SA,Saneamento,Copasa ON,Ativo
2018-03,ITUB4.SA,Bancos,Itaú Unibanco PN,Ativo
2018-03,BBDC4.SA,Bancos,Bradesco PN,Ativo
2018-03,BBAS3.SA,Bancos,Banco do Brasil ON,Ativo
2018-03,SANB11.SA,Bancos,Santander Brasil Unit,Ativo
2018-03,BPAC11.SA,Bancos,BTG Pactual Unit,Ativo
2018-03,ABCB4.SA,Bancos,Banco ABC Brasil PN,Ativo
2018-03,BRSR6.SA,Bancos,Banrisul PN,Ativo
2018-03,ITSA4.SA,Bancos,Itaúsa PN,Ativo
2018-03,TAEE11.SA,Energia,Taesa Unit,Ativo
2018-03,TRPL4.SA,Energia,ISA CTEEP PN,Ativo
2018-03,EGIE3.SA,Energia,Engie Brasil ON,Ativo
2018-03,CPLE6.SA,Energia,Copel PNB,Ativo
2018-03,ELET3.SA,Energia,Eletrobras ON,Ativo
2018-03,ELET6.SA,Energia,Eletrobras PNB,Ativo
2018-03,EQTL3.SA,Energia,Equatorial Energia ON,Ativo
2018-03,CMIG4.SA,Energia,Cemig PN,Ativo
2018-03,CPFE3.SA,Energia,CPFL Energia ON,Ativo
2018-03,ALUP11.SA,Energia,Alupar Unit,Ativo
2018-03,ENGI11.SA,Energia,Energisa Unit,Ativo
2018-03,ENBR3.SA,Energia,EDP Brasil ON (Deslistada),Ativo
2018-03,AESB3.SA,Energia,AES Brasil ON (Incorporada),Pre-IPO
2018-03,AURE3.SA,Energia,Auren Energia ON,Pre-IPO
2018-03,BBSE3.SA,Seguros,BB Seguridade ON,Ativo
2018-03,PSSA3.SA,Seguros,Porto Seguro ON,Ativo
2018-03,CXSE3.SA,Seguros,Caixa Seguridade ON,Pre-IPO
2018-03,WIZC3.SA,Seguros,Wiz Soluções ON,Ativo
2018-03,SULA11.SA,Seguros,SulAmérica Unit (Incorporada),Ativo
2018-03,SBSP3.SA,Saneamento,Sabesp ON,Ativo
2018-03,SAPR11.SA,Saneamento,Sanepar Unit,Ativo
2018-03,SAPR4.SA,Saneamento,Sanepar PN,Ativo
2018-03,CSMG3.SA,Saneamento,Copasa ON,Ativo
2018-04,ITUB4.SA,Bancos,Itaú Unibanco PN,Ativo
2018-04,BBDC4.SA,Bancos,Bradesco PN,Ativo
2018-04,BBAS3.SA,Bancos,Banco do Brasil ON,Ativo
2018-04,SANB11.SA,Bancos,Santander Brasil Unit,Ativo
2018-04,BPAC11.SA,Bancos,BTG Pactual Unit,Ativo
2018-04,ABCB4.SA,Bancos,Banco ABC Brasil PN,Ativo
2018-04,BRSR6.SA,Bancos,Banrisul PN,Ativo
2018-04,ITSA4.SA,Bancos,Itaúsa PN,Ativo
2018-04,TAEE11.SA,Energia,Taesa Unit,Ativo
2018-04,TRPL4.SA,Energia,ISA CTEEP PN,Ativo
2018-04,EGIE3.SA,Energia,Engie Brasil ON,Ativo
2018-04,CPLE6.SA,Energia,Copel PNB,Ativo
2018-04,ELET3.SA,Energia,Eletrobras ON,Ativo
2018-04,ELET6.SA,Energia,Eletrobras PNB,Ativo
2018-04,EQTL3.SA,Energia,Equatorial Energia ON,Ativo
2018-04,CMIG4.SA,Energia,Cemig PN,Ativo
2018-04,CPFE3.SA,Energia,CPFL Energia ON,Ativo
2018-04,ALUP11.SA,Energia,Alupar Unit,Ativo
2018-04,ENGI11.SA,Energia,Energisa Unit,Ativo
2018-04,ENBR3.SA,Energia,EDP Brasil ON (Deslistada),Ativo
2018-04,AESB3.SA,Energia,AES Brasil ON (Incorporada),Pre-IPO
2018-04,AURE3.SA,Energia,Auren Energia ON,Pre-IPO
2018-04,BBSE3.SA,Seguros,BB Seguridade ON,Ativo
2018-04,PSSA3.SA,Seguros,Porto Seguro ON,Ativo
2018-04,CXSE3.SA,Seguros,Caixa Seguridade ON,Pre-IPO
2018-04,WIZC3.SA,Seguros,Wiz Soluções ON,Ativo
2018-04,SULA11.SA,Seguros,SulAmérica Unit (Incorporada),Ativo
2018-04,SBSP3.SA,Saneamento,Sabesp ON,Ativo
2018-04,SAPR11.SA,Saneamento,Sanepar Unit,Ativo
2018-04,SAPR4.SA,Saneamento,Sanepar PN,Ativo
2018-04,CSMG3.SA,Saneamento,Copasa ON,Ativo
2018-05,ITUB4.SA,Bancos,Itaú Unibanco PN,Ativo
2018-05,BBDC4.SA,Bancos,Bradesco PN,Ativo
2018-05,BBAS3.SA,Bancos,Banco do Brasil ON,Ativo
2018-05,SANB11.SA,Bancos,Santander Brasil Unit,Ativo
2018-05,BPAC11.SA,Bancos,BTG Pactual Unit,Ativo
2018-05,ABCB4.SA,Bancos,Banco ABC Brasil PN,Ativo
2018-05,BRSR6.SA,Bancos,Banrisul PN,Ativo
2018-05,ITSA4.SA,Bancos,Itaúsa PN,Ativo
2018-05,TAEE11.SA,Energia,Taesa Unit,Ativo
2018-05,TRPL4.SA,Energia,ISA CTEEP PN,Ativo
2018-05,EGIE3.SA,Energia,Engie Brasil ON,Ativo
2018-05,CPLE6.SA,Energia,Copel PNB,Ativo
2018-05,ELET3.SA,Energia,Eletrobras ON,Ativo
2018-05,ELET6.SA,Energia,Eletrobras PNB,Ativo
2018-05,EQTL3.SA,Energia,Equatorial Energia ON,Ativo
2018-05,CMIG4.SA,Energia,Cemig PN,Ativo
2018-05,CPFE3.SA,Energia,CPFL Energia ON,Ativo
2018-05,ALUP11.SA,Energia,Alupar Unit,Ativo
2018-05,ENGI11.SA,Energia,Energisa Unit,Ativo
2018-05,ENBR3.SA,Energia,EDP Brasil ON (Deslistada),Ativo
2018-05,AESB3.SA,Energia,AES Brasil ON (Incorporada),Pre-IPO
2018-05,AURE3.SA,Energia,Auren Energia ON,Pre-IPO
2018-05,BBSE3.SA,Seguros,BB Seguridade ON,Ativo
2018-05,PSSA3.SA,Seguros,Porto Seguro ON,Ativo
2018-05,CXSE3.SA,Seguros,Caixa Seguridade ON,Pre-IPO
2018-05,WIZC3.SA,Seguros,Wiz Soluções ON,Ativo
2018-05,SULA11.SA,Seguros,SulAmérica Unit (Incorporada),Ativo
2018-05,SBSP3.SA,Saneamento,Sabesp ON,Ativo
2018-05,SAPR11.SA,Saneamento,Sanepar Unit,Ativo
2018-05,SAPR4.SA,Saneamento,Sanepar PN,Ativo
2018-05,CSMG3.SA,Saneamento,Copasa ON,Ativo
2018-06,ITUB4.SA,Bancos,Itaú Unibanco PN,Ativo
2018-06,BBDC4.SA,Bancos,Bradesco PN,Ativo
2018-06,BBAS3.SA,Bancos,Banco do Brasil ON,Ativo
2018-06,SANB11.SA,Bancos,Santander Brasil Unit,Ativo
2018-06,BPAC11.SA,Bancos,BTG Pactual Unit,Ativo
2018-06,ABCB4.SA,Bancos,Banco ABC Brasil PN,Ativo
2018-06,BRSR6.SA,Bancos,Banrisul PN,Ativo
2018-06,ITSA4.SA,Bancos,Itaúsa PN,Ativo
2018-06,TAEE11.SA,Energia,Taesa Unit,Ativo
2018-06,TRPL4.SA,Energia,ISA CTEEP PN,Ativo
2018-06,EGIE3.SA,Energia,Engie Brasil ON,Ativo
2018-06,CPLE6.SA,Energia,Copel PNB,Ativo
2018-06,ELET3.SA,Energia,Eletrobras ON,Ativo
2018-06,ELET6.SA,Energia,Eletrobras PNB,Ativo
2018-06,EQTL3.SA,Energia,Equatorial Energia ON,Ativo
2018-06,CMIG4.SA,Energia,Cemig PN,Ativo
2018-06,CPFE3.SA,Energia,CPFL Energia ON,Ativo
2018-06,ALUP11.SA,Energia,Alupar Unit,Ativo
2018-06,ENGI11.SA,Energia,Energisa Unit,Ativo
2018-06,ENBR3.SA,Energia,EDP Brasil ON (Deslistada),Ativo
2018-06,AESB3.SA,Energia,AES Brasil ON (Incorporada),Pre-IPO
2018-06,AURE3.SA,Energia,Auren Energia ON,Pre-IPO
2018-06,BBSE3.SA,Seguros,BB Seguridade ON,Ativo
2018-06,PSSA3.SA,Seguros,Porto Seguro ON,Ativo
2018-06,CXSE3.SA,Seguros,Caixa Seguridade ON,Pre-IPO
2018-06,WIZC3.SA,Seguros,Wiz Soluções ON,Ativo
2018-06,SULA11.SA,Seguros,SulAmérica Unit (Incorporada),Ativo
2018-06,SBSP3.SA,Saneamento,Sabesp ON,Ativo
2018-06,SAPR11.SA,Saneamento,Sanepar Unit,Ativo
2018-06,SAPR4.SA,Saneamento,Sanepar PN,Ativo
2018-06,CSMG3.SA,Saneamento,Copasa ON,Ativo
2018-07,ITUB4.SA,Bancos,Itaú Unibanco PN,Ativo
2018-07,BBDC4.SA,Bancos,Bradesco PN,Ativo
2018-07,BBAS3.SA,Bancos,Banco do Brasil ON,Ativo
2018-07,SANB11.SA,Bancos,Santander Brasil Unit,Ativo
2018-07,BPAC11.SA,Bancos,BTG Pactual Unit,Ativo
2018-07,ABCB4.SA,Bancos,Banco ABC Brasil PN,Ativo
2018-07,BRSR6.SA,Bancos,Banrisul PN,Ativo
2018-07,ITSA4.SA,Bancos,Itaúsa PN,Ativo
2018-07,TAEE11.SA,Energia,Taesa Unit,Ativo
2018-07,TRPL4.SA,Energia,ISA CTEEP PN,Ativo
2018-07,EGIE3.SA,Energia,Engie Brasil ON,Ativo
2018-07,CPLE6.SA,Energia,Copel PNB,Ativo
2018-07,ELET3.SA,Energia,Eletrobras ON,Ativo
2018-07,ELET6.SA,Energia,Eletrobras PNB,Ativo
2018-07,EQTL3.SA,Energia,Equatorial Energia ON,Ativo
2018-07,CMIG4.SA,Energia,Cemig PN,Ativo
2018-07,CPFE3.SA,Energia,CPFL Energia ON,Ativo
2018-07,ALUP11.SA,Energia,Alupar Unit,Ativo
2018-07,ENGI11.SA,Energia,Energisa Unit,Ativo
2018-07,ENBR3.SA,Energia,EDP Brasil ON (Deslistada),Ativo
2018-07,AESB3.SA,Energia,AES Brasil ON (Incorporada),Pre-IPO
2018-07,AURE3.SA,Energia,Auren Energia ON,Pre-IPO
2018-07,BBSE3.SA,Seguros,BB Seguridade ON,Ativo
2018-07,PSSA3.SA,Seguros,Porto Seguro ON,Ativo
2018-07,CXSE3.SA,Seguros,Caixa Seguridade ON,Pre-IPO
2018-07,WIZC3.SA,Seguros,Wiz Soluções ON,Ativo
2018-07,SULA11.SA,Seguros,SulAmérica Unit (Incorporada),Ativo
2018-07,SBSP3.SA,Saneamento,Sabesp ON,Ativo
2018-07,SAPR11.SA,Saneamento,Sanepar Unit,Ativo
2018-07,SAPR4.SA,Saneamento,Sanepar PN,Ativo
2018-07,CSMG3.SA,Saneamento,Copasa ON,Ativo
2018-08,ITUB4.SA,Bancos,Itaú Unibanco PN,Ativo
2018-08,BBDC4.SA,Bancos,Bradesco PN,Ativo
2018-08,BBAS3.SA,Bancos,Banco do Brasil ON,Ativo
2018-08,SANB11.SA,Bancos,Santander Brasil Unit,Ativo
2018-08,BPAC11.SA,Bancos,BTG Pactual Unit,Ativo
2018-08,ABCB4.SA,Bancos,Banco ABC Brasil PN,Ativo
2018-08,BRSR6.SA,Bancos,Banrisul PN,Ativo
2018-08,ITSA4.SA,Bancos,Itaúsa PN,Ativo
2018-08,TAEE11.SA,Energia,Taesa Unit,Ativo
2018-08,TRPL4.SA,Energia,ISA CTEEP PN,Ativo
2018-08,EGIE3.SA,Energia,Engie Brasil ON,Ativo
2018-08,CPLE6.SA,Energia,Copel PNB,Ativo
2018-08,ELET3.SA,Energia,Eletrobras ON,Ativo
2018-08,ELET6.SA,Energia,Eletrobras PNB,Ativo
2018-08,EQTL3.SA,Energia,Equatorial Energia ON,Ativo
2018-08,CMIG4.SA,Energia,Cemig PN,Ativo
2018-08,CPFE3.SA,Energia,CPFL Energia ON,Ativo
2018-08,ALUP11.SA,Energia,Alupar Unit,Ativo
2018-08,ENGI11.SA,Energia,Energisa Unit,Ativo
2018-08,ENBR3.SA,Energia,EDP Brasil ON (Deslistada),Ativo
2018-08,AESB3.SA,Energia,AES Brasil ON (Incorporada),Pre-IPO
2018-08,AURE3.SA,Energia,Auren Energia ON,Pre-IPO
2018-08,BBSE3.SA,Seguros,BB Seguridade ON,Ativo
2018-08,PSSA3.SA,Seguros,Porto Seguro ON,Ativo
2018-08,CXSE3.SA,Seguros,Caixa Seguridade ON,Pre-IPO
2018-08,WIZC3.SA,Seguros,Wiz Soluções ON,Ativo
2018-08,SULA11.SA,Seguros,SulAmérica Unit (Incorporada),Ativo
2018-08,SBSP3.SA,Saneamento,Sabesp ON,Ativo
2018-08,SAPR11.SA,Saneamento,Sanepar Unit,Ativo
2018-08,SAPR4.SA,Saneamento,Sanepar PN,Ativo
2018-08,CSMG3.SA,Saneamento,Copasa ON,Ativo
2018-09,ITUB4.SA,Bancos,Itaú Unibanco PN,Ativo
2018-09,BBDC4.SA,Bancos,Bradesco PN,Ativo
2018-09,BBAS3.SA,Bancos,Banco do Brasil ON,Ativo
2018-09,SANB11.SA,Bancos,Santander Brasil Unit,Ativo
2018-09,BPAC11.SA,Bancos,BTG Pactual Unit,Ativo
2018-09,ABCB4.SA,Bancos,Banco ABC Brasil PN,Ativo
2018-09,BRSR6.SA,Bancos,Banrisul PN,Ativo
2018-09,ITSA4.SA,Bancos,Itaúsa PN,Ativo
2018-09,TAEE11.SA,Energia,Taesa Unit,Ativo
2018-09,TRPL4.SA,Energia,ISA CTEEP PN,Ativo
2018-09,EGIE3.SA,Energia,Engie Brasil ON,Ativo
2018-09,CPLE6.SA,Energia,Copel PNB,Ativo
2018-09,ELET3.SA,Energia,Eletrobras ON,Ativo
2018-09,ELET6.SA,Energia,Eletrobras PNB,Ativo
2018-09,EQTL3.SA,Energia,Equatorial Energia ON,Ativo
2018-09,CMIG4.SA,Energia,Cemig PN,Ativo
2018-09,CPFE3.SA,Energia,CPFL Energia ON,Ativo
2018-09,ALUP11.SA,Energia,Alupar Unit,Ativo
2018-09,ENGI11.SA,Energia,Energisa Unit,Ativo
2018-09,ENBR3.SA,Energia,EDP Brasil ON (Deslistada),Ativo
2018-09,AESB3.SA,Energia,AES Brasil ON (Incorporada),Pre-IPO
2018-09,AURE3.SA,Energia,Auren Energia ON,Pre-IPO
2018-09,BBSE3.SA,Seguros,BB Seguridade ON,Ativo
2018-09,PSSA3.SA,Seguros,Porto Seguro ON,Ativo
2018-09,CXSE3.SA,Seguros,Caixa Seguridade ON,Pre-IPO
2018-09,WIZC3.SA,Seguros,Wiz Soluções ON,Ativo
2018-09,SULA11.SA,Seguros,SulAmérica Unit (Incorporada),Ativo
2018-09,SBSP3.SA,Saneamento,Sabesp ON,Ativo
2018-09,SAPR11.SA,Saneamento,Sanepar Unit,Ativo
2018-09,SAPR4.SA,Saneamento,Sanepar PN,Ativo
2018-09,CSMG3.SA,Saneamento,Copasa ON,Ativo
2018-10,ITUB4.SA,Bancos,Itaú Unibanco PN,Ativo
2018-10,BBDC4.SA,Bancos,Bradesco PN,Ativo
2018-10,BBAS3.SA,Bancos,Banco do Brasil ON,Ativo
2018-10,SANB11.SA,Bancos,Santander Brasil Unit,Ativo
2018-10,BPAC11.SA,Bancos,BTG Pactual Unit,Ativo
2018-10,ABCB4.SA,Bancos,Banco ABC Brasil PN,Ativo
2018-10,BRSR6.SA,Bancos,Banrisul PN,Ativo
2018-10,ITSA4.SA,Bancos,Itaúsa PN,Ativo
2018-10,TAEE11.SA,Energia,Taesa Unit,Ativo
2018-10,TRPL4.SA,Energia,ISA CTEEP PN,Ativo
2018-10,EGIE3.SA,Energia,Engie Brasil ON,Ativo
2018-10,CPLE6.SA,Energia,Copel PNB,Ativo
2018-10,ELET3.SA,Energia,Eletrobras ON,Ativo
2018-10,ELET6.SA,Energia,Eletrobras PNB,Ativo
2018-10,EQTL3.SA,Energia,Equatorial Energia ON,Ativo
2018-10,CMIG4.SA,Energia,Cemig PN,Ativo
2018-10,CPFE3.SA,Energia,CPFL Energia ON,Ativo
2018-10,ALUP11.SA,Energia,Alupar Unit,Ativo
2018-10,ENGI11.SA,Energia,Energisa Unit,Ativo
2018-10,ENBR3.SA,Energia,EDP Brasil ON (Deslistada),Ativo
2018-10,AESB3.SA,Energia,AES Brasil ON (Incorporada),Pre-IPO
2018-10,AURE3.SA,Energia,Auren Energia ON,Pre-IPO
2018-10,BBSE3.SA,Seguros,BB Seguridade ON,Ativo
2018-10,PSSA3.SA,Seguros,Porto Seguro ON,Ativo
2018-10,CXSE3.SA,Seguros,Caixa Seguridade ON,Pre-IPO
2018-10,WIZC3.SA,Seguros,Wiz Soluções ON,Ativo
2018-10,SULA11.SA,Seguros,SulAmérica Unit (Incorporada),Ativo
2018-10,SBSP3.SA,Saneamento,Sabesp ON,Ativo
2018-10,SAPR11.SA,Saneamento,Sanepar Unit,Ativo
2018-10,SAPR4.SA,Saneamento,Sanepar PN,Ativo
2018-10,CSMG3.SA,Saneamento,Copasa ON,Ativo
2018-11,ITUB4.SA,Bancos,Itaú Unibanco PN,Ativo
2018-11,BBDC4.SA,Bancos,Bradesco PN,Ativo
2018-11,BBAS3.SA,Bancos,Banco do Brasil ON,Ativo
2018-11,SANB11.SA,Bancos,Santander Brasil Unit,Ativo
2018-11,BPAC11.SA,Bancos,BTG Pactual Unit,Ativo
2018-11,ABCB4.SA,Bancos,Banco ABC Brasil PN,Ativo
2018-11,BRSR6.SA,Bancos,Banrisul PN,Ativo
2018-11,ITSA4.SA,Bancos,Itaúsa PN,Ativo
2018-11,TAEE11.SA,Energia,Taesa Unit,Ativo
2018-11,TRPL4.SA,Energia,ISA CTEEP PN,Ativo
2018-11,EGIE3.SA,Energia,Engie Brasil ON,Ativo
2018-11,CPLE6.SA,Energia,Copel PNB,Ativo
2018-11,ELET3.SA,Energia,Eletrobras ON,Ativo
2018-11,ELET6.SA,Energia,Eletrobras PNB,Ativo
2018-11,EQTL3.SA,Energia,Equatorial Energia ON,Ativo
2018-11,CMIG4.SA,Energia,Cemig PN,Ativo
2018-11,CPFE3.SA,Energia,CPFL Energia ON,Ativo
2018-11,ALUP11.SA,Energia,Alupar Unit,Ativo
2018-11,ENGI11.SA,Energia,Energisa Unit,Ativo
2018-11,ENBR3.SA,Energia,EDP Brasil ON (Deslistada),Ativo
2018-11,AESB3.SA,Energia,AES Brasil ON (Incorporada),Pre-IPO
2018-11,AURE3.SA,Energia,Auren Energia ON,Pre-IPO
2018-11,BBSE3.SA,Seguros,BB Seguridade ON,Ativo
2018-11,PSSA3.SA,Seguros,Porto Seguro ON,Ativo
2018-11,CXSE3.SA,Seguros,Caixa Seguridade ON,Pre-IPO
2018-11,WIZC3.SA,Seguros,Wiz Soluções ON,Ativo
2018-11,SULA11.SA,Seguros,SulAmérica Unit (Incorporada),Ativo
2018-11,SBSP3.SA,Saneamento,Sabesp ON,Ativo
2018-11,SAPR11.SA,Saneamento,Sanepar Unit,Ativo
2018-11,SAPR4.SA,Saneamento,Sanepar PN,Ativo
2018-11,CSMG3.SA,Saneamento,Copasa ON,Ativo
2018-12,ITUB4.SA,Bancos,Itaú Unibanco PN,Ativo
2018-12,BBDC4.SA,Bancos,Bradesco PN,Ativo
2018-12,BBAS3.SA,Bancos,Banco do Brasil ON,Ativo
2018-12,SANB11.SA,Bancos,Santander Brasil Unit,Ativo
2018-12,BPAC11.SA,Bancos,BTG Pactual Unit,Ativo
2018-12,ABCB4.SA,Bancos,Banco ABC Brasil PN,Ativo
2018-12,BRSR6.SA,Bancos,Banrisul PN,Ativo
2018-12,ITSA4.SA,Bancos,Itaúsa PN,Ativo
2018-12,TAEE11.SA,Energia,Taesa Unit,Ativo
2018-12,TRPL4.SA,Energia,ISA CTEEP PN,Ativo
2018-12,EGIE3.SA,Energia,Engie Brasil ON,Ativo
2018-12,CPLE6.SA,Energia,Copel PNB,Ativo
2018-12,ELET3.SA,Energia,Eletrobras ON,Ativo
2018-12,ELET6.SA,Energia,Eletrobras PNB,Ativo
2018-12,EQTL3.SA,Energia,Equatorial Energia ON,Ativo
2018-12,CMIG4.SA,Energia,Cemig PN,Ativo
2018-12,CPFE3.SA,Energia,CPFL Energia ON,Ativo
2018-12,ALUP11.SA,Energia,Alupar Unit,Ativo
2018-12,ENGI11.SA,Energia,Energisa Unit,Ativo
2018-12,ENBR3.SA,Energia,EDP Brasil ON (Deslistada),Ativo
2018-12,AESB3.SA,Energia,AES Brasil ON (Incorporada),Pre-IPO
2018-12,AURE3.SA,Energia,Auren Energia ON,Pre-IPO
2018-12,BBSE3.SA,Seguros,BB Seguridade ON,Ativo
2018-12,PSSA3.SA,Seguros,Porto Seguro ON,Ativo
2018-12,CXSE3.SA,Seguros,Caixa Seguridade ON,Pre-IPO
2018-12,WIZC3.SA,Seguros,Wiz Soluções ON,Ativo
2018-12,SULA11.SA,Seguros,SulAmérica Unit (Incorporada),Ativo
2018-12,SBSP3.SA,Saneamento,Sabesp ON,Ativo
2018-12,SAPR11.SA,Saneamento,Sanepar Unit,Ativo
2018-12,SAPR4.SA,Saneamento,Sanepar PN,Ativo
2018-12,CSMG3.SA,Saneamento,Copasa ON,Ativo
2019-01,ITUB4.SA,Bancos,Itaú Unibanco PN,Ativo
2019-01,BBDC4.SA,Bancos,Bradesco PN,Ativo
2019-01,BBAS3.SA,Bancos,Banco do Brasil ON,Ativo
2019-01,SANB11.SA,Bancos,Santander Brasil Unit,Ativo
2019-01,BPAC11.SA,Bancos,BTG Pactual Unit,Ativo
2019-01,ABCB4.SA,Bancos,Banco ABC Brasil PN,Ativo
2019-01,BRSR6.SA,Bancos,Banrisul PN,Ativo
2019-01,ITSA4.SA,Bancos,Itaúsa PN,Ativo
2019-01,TAEE11.SA,Energia,Taesa Unit,Ativo
2019-01,TRPL4.SA,Energia,ISA CTEEP PN,Ativo
2019-01,EGIE3.SA,Energia,Engie Brasil ON,Ativo
2019-01,CPLE6.SA,Energia,Copel PNB,Ativo
2019-01,ELET3.SA,Energia,Eletrobras ON,Ativo
2019-01,ELET6.SA,Energia,Eletrobras PNB,Ativo
2019-01,EQTL3.SA,Energia,Equatorial Energia ON,Ativo
2019-01,CMIG4.SA,Energia,Cemig PN,Ativo
2019-01,CPFE3.SA,Energia,CPFL Energia ON,Ativo
2019-01,ALUP11.SA,Energia,Alupar Unit,Ativo
2019-01,ENGI11.SA,Energia,Energisa Unit,Ativo
2019-01,ENBR3.SA,Energia,EDP Brasil ON (Deslistada),Ativo
2019-01,AESB3.SA,Energia,AES Brasil ON (Incorporada),Pre-IPO
2019-01,AURE3.SA,Energia,Auren Energia ON,Pre-IPO
2019-01,BBSE3.SA,Seguros,BB Seguridade ON,Ativo
2019-01,PSSA3.SA,Seguros,Porto Seguro ON,Ativo
2019-01,CXSE3.SA,Seguros,Caixa Seguridade ON,Pre-IPO
2019-01,WIZC3.SA,Seguros,Wiz Soluções ON,Ativo
2019-01,SULA11.SA,Seguros,SulAmérica Unit (Incorporada),Ativo
2019-01,SBSP3.SA,Saneamento,Sabesp ON,Ativo
2019-01,SAPR11.SA,Saneamento,Sanepar Unit,Ativo
2019-01,SAPR4.SA,Saneamento,Sanepar PN,Ativo
2019-01,CSMG3.SA,Saneamento,Copasa ON,Ativo
2019-02,ITUB4.SA,Bancos,Itaú Unibanco PN,Ativo
2019-02,BBDC4.SA,Bancos,Bradesco PN,Ativo
2019-02,BBAS3.SA,Bancos,Banco do Brasil ON,Ativo
2019-02,SANB11.SA,Bancos,Santander Brasil Unit,Ativo
2019-02,BPAC11.SA,Bancos,BTG Pactual Unit,Ativo
2019-02,ABCB4.SA,Bancos,Banco ABC Brasil PN,Ativo
2019-02,BRSR6.SA,Bancos,Banrisul PN,Ativo
2019-02,ITSA4.SA,Bancos,Itaúsa PN,Ativo
2019-02,TAEE11.SA,Energia,Taesa Unit,Ativo
2019-02,TRPL4.SA,Energia,ISA CTEEP PN,Ativo
2019-02,EGIE3.SA,Energia,Engie Brasil ON,Ativo
2019-02,CPLE6.SA,Energia,Copel PNB,Ativo
2019-02,ELET3.SA,Energia,Eletrobras ON,Ativo
2019-02,ELET6.SA,Energia,Eletrobras PNB,Ativo
2019-02,EQTL3.SA,Energia,Equatorial Energia ON,Ativo
2019-02,CMIG4.SA,Energia,Cemig PN,Ativo
2019-02,CPFE3.SA,Energia,CPFL Energia ON,Ativo
2019-02,ALUP11.SA,Energia,Alupar Unit,Ativo
2019-02,ENGI11.SA,Energia,Energisa Unit,Ativo
2019-02,ENBR3.SA,Energia,EDP Brasil ON (Deslistada),Ativo
2019-02,AESB3.SA,Energia,AES Brasil ON (Incorporada),Pre-IPO
2019-02,AURE3.SA,Energia,Auren Energia ON,Pre-IPO
2019-02,BBSE3.SA,Seguros,BB Seguridade ON,Ativo
2019-02,PSSA3.SA,Seguros,Porto Seguro ON,Ativo
2019-02,CXSE3.SA,Seguros,Caixa Seguridade ON,Pre-IPO
2019-02,WIZC3.SA,Seguros,Wiz Soluções ON,Ativo
2019-02,SULA11.SA,Seguros,SulAmérica Unit (Incorporada),Ativo
2019-02,SBSP3.SA,Saneamento,Sabesp ON,Ativo
2019-02,SAPR11.SA,Saneamento,Sanepar Unit,Ativo
2019-02,SAPR4.SA,Saneamento,Sanepar PN,Ativo
2019-02,CSMG3.SA,Saneamento,Copasa ON,Ativo
2019-03,ITUB4.SA,Bancos,Itaú Unibanco PN,Ativo
2019-03,BBDC4.SA,Bancos,Bradesco PN,Ativo
2019-03,BBAS3.SA,Bancos,Banco do Brasil ON,Ativo
2019-03,SANB11.SA,Bancos,Santander Brasil Unit,Ativo
2019-03,BPAC11.SA,Bancos,BTG Pactual Unit,Ativo
2019-03,ABCB4.SA,Bancos,Banco ABC Brasil PN,Ativo
2019-03,BRSR6.SA,Bancos,Banrisul PN,Ativo
2019-03,ITSA4.SA,Bancos,Itaúsa PN,Ativo
2019-03,TAEE11.SA,Energia,Taesa Unit,Ativo
2019-03,TRPL4.SA,Energia,ISA CTEEP PN,Ativo
2019-03,EGIE3.SA,Energia,Engie Brasil ON,Ativo
2019-03,CPLE6.SA,Energia,Copel PNB,Ativo
2019-03,ELET3.SA,Energia,Eletrobras ON,Ativo
2019-03,ELET6.SA,Energia,Eletrobras PNB,Ativo
2019-03,EQTL3.SA,Energia,Equatorial Energia ON,Ativo
2019-03,CMIG4.SA,Energia,Cemig PN,Ativo
2019-03,CPFE3.SA,Energia,CPFL Energia ON,Ativo
2019-03,ALUP11.SA,Energia,Alupar Unit,Ativo
2019-03,ENGI11.SA,Energia,Energisa Unit,Ativo
2019-03,ENBR3.SA,Energia,EDP Brasil ON (Deslistada),Ativo
2019-03,AESB3.SA,Energia,AES Brasil ON (Incorporada),Pre-IPO
2019-03,AURE3.SA,Energia,Auren Energia ON,Pre-IPO
2019-03,BBSE3.SA,Seguros,BB Seguridade ON,Ativo
2019-03,PSSA3.SA,Seguros,Porto Seguro ON,Ativo
2019-03,CXSE3.SA,Seguros,Caixa Seguridade ON,Pre-IPO
2019-03,WIZC3.SA,Seguros,Wiz Soluções ON,Ativo
2019-03,SULA11.SA,Seguros,SulAmérica Unit (Incorporada),Ativo
2019-03,SBSP3.SA,Saneamento,Sabesp ON,Ativo
2019-03,SAPR11.SA,Saneamento,Sanepar Unit,Ativo
2019-03,SAPR4.SA,Saneamento,Sanepar PN,Ativo
2019-03,CSMG3.SA,Saneamento,Copasa ON,Ativo
2019-04,ITUB4.SA,Bancos,Itaú Unibanco PN,Ativo
2019-04,BBDC4.SA,Bancos,Bradesco PN,Ativo
2019-04,BBAS3.SA,Bancos,Banco do Brasil ON,Ativo
2019-04,SANB11.SA,Bancos,Santander Brasil Unit,Ativo
2019-04,BPAC11.SA,Bancos,BTG Pactual Unit,Ativo
2019-04,ABCB4.SA,Bancos,Banco ABC Brasil PN,Ativo
2019-04,BRSR6.SA,Bancos,Banrisul PN,Ativo
2019-04,ITSA4.SA,Bancos,Itaúsa PN,Ativo
2019-04,TAEE11.SA,Energia,Taesa Unit,Ativo
2019-04,TRPL4.SA,Energia,ISA CTEEP PN,Ativo
2019-04,EGIE3.SA,Energia,Engie Brasil ON,Ativo
2019-04,CPLE6.SA,Energia,Copel PNB,Ativo
2019-04,ELET3.SA,Energia,Eletrobras ON,Ativo
2019-04,ELET6.SA,Energia,Eletrobras PNB,Ativo
2019-04,EQTL3.SA,Energia,Equatorial Energia ON,Ativo
2019-04,CMIG4.SA,Energia,Cemig PN,Ativo
2019-04,CPFE3.SA,Energia,CPFL Energia ON,Ativo
2019-04,ALUP11.SA,Energia,Alupar Unit,Ativo
2019-04,ENGI11.SA,Energia,Energisa Unit,Ativo
2019-04,ENBR3.SA,Energia,EDP Brasil ON (Deslistada),Ativo
2019-04,AESB3.SA,Energia,AES Brasil ON (Incorporada),Pre-IPO
2019-04,AURE3.SA,Energia,Auren Energia ON,Pre-IPO
2019-04,BBSE3.SA,Seguros,BB Seguridade ON,Ativo
2019-04,PSSA3.SA,Seguros,Porto Seguro ON,Ativo
2019-04,CXSE3.SA,Seguros,Caixa Seguridade ON,Pre-IPO
2019-04,WIZC3.SA,Seguros,Wiz Soluções ON,Ativo
2019-04,SULA11.SA,Seguros,SulAmérica Unit (Incorporada),Ativo
2019-04,SBSP3.SA,Saneamento,Sabesp ON,Ativo
2019-04,SAPR11.SA,Saneamento,Sanepar Unit,Ativo
2019-04,SAPR4.SA,Saneamento,Sanepar PN,Ativo
2019-04,CSMG3.SA,Saneamento,Copasa ON,Ativo
2019-05,ITUB4.SA,Bancos,Itaú Unibanco PN,Ativo
2019-05,BBDC4.SA,Bancos,Bradesco PN,Ativo
2019-05,BBAS3.SA,Bancos,Banco do Brasil ON,Ativo
2019-05,SANB11.SA,Bancos,Santander Brasil Unit,Ativo
2019-05,BPAC11.SA,Bancos,BTG Pactual Unit,Ativo
2019-05,ABCB4.SA,Bancos,Banco ABC Brasil PN,Ativo
2019-05,BRSR6.SA,Bancos,Banrisul PN,Ativo
2019-05,ITSA4.SA,Bancos,Itaúsa PN,Ativo
2019-05,TAEE11.SA,Energia,Taesa Unit,Ativo
2019-05,TRPL4.SA,Energia,ISA CTEEP PN,Ativo
2019-05,EGIE3.SA,Energia,Engie Brasil ON,Ativo
2019-05,CPLE6.SA,Energia,Copel PNB,Ativo
2019-05,ELET3.SA,Energia,Eletrobras ON,Ativo
2019-05,ELET6.SA,Energia,Eletrobras PNB,Ativo
2019-05,EQTL3.SA,Energia,Equatorial Energia ON,Ativo
2019-05,CMIG4.SA,Energia,Cemig PN,Ativo
2019-05,CPFE3.SA,Energia,CPFL Energia ON,Ativo
2019-05,ALUP11.SA,Energia,Alupar Unit,Ativo
2019-05,ENGI11.SA,Energia,Energisa Unit,Ativo
2019-05,ENBR3.SA,Energia,EDP Brasil ON (Deslistada),Ativo
2019-05,AESB3.SA,Energia,AES Brasil ON (Incorporada),Pre-IPO
2019-05,AURE3.SA,Energia,Auren Energia ON,Pre-IPO
2019-05,BBSE3.SA,Seguros,BB Seguridade ON,Ativo
2019-05,PSSA3.SA,Seguros,Porto Seguro ON,Ativo
2019-05,CXSE3.SA,Seguros,Caixa Seguridade ON,Pre-IPO
2019-05,WIZC3.SA,Seguros,Wiz Soluções ON,Ativo
2019-05,SULA11.SA,Seguros,SulAmérica Unit (Incorporada),Ativo
2019-05,SBSP3.SA,Saneamento,Sabesp ON,Ativo
2019-05,SAPR11.SA,Saneamento,Sanepar Unit,Ativo
2019-05,SAPR4.SA,Saneamento,Sanepar PN,Ativo
2019-05,CSMG3.SA,Saneamento,Copasa ON,Ativo
2019-06,ITUB4.SA,Bancos,Itaú Unibanco PN,Ativo
2019-06,BBDC4.SA,Bancos,Bradesco PN,Ativo
2019-06,BBAS3.SA,Bancos,Banco do Brasil ON,Ativo
2019-06,SANB11.SA,Bancos,Santander Brasil Unit,Ativo
2019-06,BPAC11.SA,Bancos,BTG Pactual Unit,Ativo
2019-06,ABCB4.SA,Bancos,Banco ABC Brasil PN,Ativo
2019-06,BRSR6.SA,Bancos,Banrisul PN,Ativo
2019-06,ITSA4.SA,Bancos,Itaúsa PN,Ativo
2019-06,TAEE11.SA,Energia,Taesa Unit,Ativo
2019-06,TRPL4.SA,Energia,ISA CTEEP PN,Ativo
2019-06,EGIE3.SA,Energia,Engie Brasil ON,Ativo
2019-06,CPLE6.SA,Energia,Copel PNB,Ativo
2019-06,ELET3.SA,Energia,Eletrobras ON,Ativo
2019-06,ELET6.SA,Energia,Eletrobras PNB,Ativo
2019-06,EQTL3.SA,Energia,Equatorial Energia ON,Ativo
2019-06,CMIG4.SA,Energia,Cemig PN,Ativo
2019-06,CPFE3.SA,Energia,CPFL Energia ON,Ativo
2019-06,ALUP11.SA,Energia,Alupar Unit,Ativo
2019-06,ENGI11.SA,Energia,Energisa Unit,Ativo
2019-06,ENBR3.SA,Energia,EDP Brasil ON (Deslistada),Ativo
2019-06,AESB3.SA,Energia,AES Brasil ON (Incorporada),Pre-IPO
2019-06,AURE3.SA,Energia,Auren Energia ON,Pre-IPO
2019-06,BBSE3.SA,Seguros,BB Seguridade ON,Ativo
2019-06,PSSA3.SA,Seguros,Porto Seguro ON,Ativo
2019-06,CXSE3.SA,Seguros,Caixa Seguridade ON,Pre-IPO
2019-06,WIZC3.SA,Seguros,Wiz Soluções ON,Ativo
2019-06,SULA11.SA,Seguros,SulAmérica Unit (Incorporada),Ativo
2019-06,SBSP3.SA,Saneamento,Sabesp ON,Ativo
2019-06,SAPR11.SA,Saneamento,Sanepar Unit,Ativo
2019-06,SAPR4.SA,Saneamento,Sanepar PN,Ativo
2019-06,CSMG3.SA,Saneamento,Copasa ON,Ativo
2019-07,ITUB4.SA,Bancos,Itaú Unibanco PN,Ativo
2019-07,BBDC4.SA,Bancos,Bradesco PN,Ativo
2019-07,BBAS3.SA,Bancos,Banco do Brasil ON,Ativo
2019-07,SANB11.SA,Bancos,Santander Brasil Unit,Ativo
2019-07,BPAC11.SA,Bancos,BTG Pactual Unit,Ativo
2019-07,ABCB4.SA,Bancos,Banco ABC Brasil PN,Ativo
2019-07,BRSR6.SA,Bancos,Banrisul PN,Ativo
2019-07,ITSA4.SA,Bancos,Itaúsa PN,Ativo
2019-07,TAEE11.SA,Energia,Taesa Unit,Ativo
2019-07,TRPL4.SA,Energia,ISA CTEEP PN,Ativo
2019-07,EGIE3.SA,Energia,Engie Brasil ON,Ativo
2019-07,CPLE6.SA,Energia,Copel PNB,Ativo
2019-07,ELET3.SA,Energia,Eletrobras ON,Ativo
2019-07,ELET6.SA,Energia,Eletrobras PNB,Ativo
2019-07,EQTL3.SA,Energia,Equatorial Energia ON,Ativo
2019-07,CMIG4.SA,Energia,Cemig PN,Ativo
2019-07,CPFE3.SA,Energia,CPFL Energia ON,Ativo
2019-07,ALUP11.SA,Energia,Alupar Unit,Ativo
2019-07,ENGI11.SA,Energia,Energisa Unit,Ativo
2019-07,ENBR3.SA,Energia,EDP Brasil ON (Deslistada),Ativo
2019-07,AESB3.SA,Energia,AES Brasil ON (Incorporada),Pre-IPO
2019-07,AURE3.SA,Energia,Auren Energia ON,Pre-IPO
2019-07,BBSE3.SA,Seguros,BB Seguridade ON,Ativo
2019-07,PSSA3.SA,Seguros,Porto Seguro ON,Ativo
2019-07,CXSE3.SA,Seguros,Caixa Seguridade ON,Pre-IPO
2019-07,WIZC3.SA,Seguros,Wiz Soluções ON,Ativo
2019-07,SULA11.SA,Seguros,SulAmérica Unit (Incorporada),Ativo
2019-07,SBSP3.SA,Saneamento,Sabesp ON,Ativo
2019-07,SAPR11.SA,Saneamento,Sanepar Unit,Ativo
2019-07,SAPR4.SA,Saneamento,Sanepar PN,Ativo
2019-07,CSMG3.SA,Saneamento,Copasa ON,Ativo
2019-08,ITUB4.SA,Bancos,Itaú Unibanco PN,Ativo
2019-08,BBDC4.SA,Bancos,Bradesco PN,Ativo
2019-08,BBAS3.SA,Bancos,Banco do Brasil ON,Ativo
2019-08,SANB11.SA,Bancos,Santander Brasil Unit,Ativo
2019-08,BPAC11.SA,Bancos,BTG Pactual Unit,Ativo
2019-08,ABCB4.SA,Bancos,Banco ABC Brasil PN,Ativo
2019-08,BRSR6.SA,Bancos,Banrisul PN,Ativo
2019-08,ITSA4.SA,Bancos,Itaúsa PN,Ativo
2019-08,TAEE11.SA,Energia,Taesa Unit,Ativo
2019-08,TRPL4.SA,Energia,ISA CTEEP PN,Ativo
2019-08,EGIE3.SA,Energia,Engie Brasil ON,Ativo
2019-08,CPLE6.SA,Energia,Copel PNB,Ativo
2019-08,ELET3.SA,Energia,Eletrobras ON,Ativo
2019-08,ELET6.SA,Energia,Eletrobras PNB,Ativo
2019-08,EQTL3.SA,Energia,Equatorial Energia ON,Ativo
2019-08,CMIG4.SA,Energia,Cemig PN,Ativo
2019-08,CPFE3.SA,Energia,CPFL Energia ON,Ativo
2019-08,ALUP11.SA,Energia,Alupar Unit,Ativo
2019-08,ENGI11.SA,Energia,Energisa Unit,Ativo
2019-08,ENBR3.SA,Energia,EDP Brasil ON (Deslistada),Ativo
2019-08,AESB3.SA,Energia,AES Brasil ON (Incorporada),Pre-IPO
2019-08,AURE3.SA,Energia,Auren Energia ON,Pre-IPO
2019-08,BBSE3.SA,Seguros,BB Seguridade ON,Ativo
2019-08,PSSA3.SA,Seguros,Porto Seguro ON,Ativo
2019-08,CXSE3.SA,Seguros,Caixa Seguridade ON,Pre-IPO
2019-08,WIZC3.SA,Seguros,Wiz Soluções ON,Ativo
2019-08,SULA11.SA,Seguros,SulAmérica Unit (Incorporada),Ativo
2019-08,SBSP3.SA,Saneamento,Sabesp ON,Ativo
2019-08,SAPR11.SA,Saneamento,Sanepar Unit,Ativo
2019-08,SAPR4.SA,Saneamento,Sanepar PN,Ativo
2019-08,CSMG3.SA,Saneamento,Copasa ON,Ativo
2019-09,ITUB4.SA,Bancos,Itaú Unibanco PN,Ativo
2019-09,BBDC4.SA,Bancos,Bradesco PN,Ativo
2019-09,BBAS3.SA,Bancos,Banco do Brasil ON,Ativo
2019-09,SANB11.SA,Bancos,Santander Brasil Unit,Ativo
2019-09,BPAC11.SA,Bancos,BTG Pactual Unit,Ativo
2019-09,ABCB4.SA,Bancos,Banco ABC Brasil PN,Ativo
2019-09,BRSR6.SA,Bancos,Banrisul PN,Ativo
2019-09,ITSA4.SA,Bancos,Itaúsa PN,Ativo
2019-09,TAEE11.SA,Energia,Taesa Unit,Ativo
2019-09,TRPL4.SA,Energia,ISA CTEEP PN,Ativo
2019-09,EGIE3.SA,Energia,Engie Brasil ON,Ativo
2019-09,CPLE6.SA,Energia,Copel PNB,Ativo
2019-09,ELET3.SA,Energia,Eletrobras ON,Ativo
2019-09,ELET6.SA,Energia,Eletrobras PNB,Ativo
2019-09,EQTL3.SA,Energia,Equatorial Energia ON,Ativo
2019-09,CMIG4.SA,Energia,Cemig PN,Ativo
2019-09,CPFE3.SA,Energia,CPFL Energia ON,Ativo
2019-09,ALUP11.SA,Energia,Alupar Unit,Ativo
2019-09,ENGI11.SA,Energia,Energisa Unit,Ativo
2019-09,ENBR3.SA,Energia,EDP Brasil ON (Deslistada),Ativo
2019-09,AESB3.SA,Energia,AES Brasil ON (Incorporada),Pre-IPO
2019-09,AURE3.SA,Energia,Auren Energia ON,Pre-IPO
2019-09,BBSE3.SA,Seguros,BB Seguridade ON,Ativo
2019-09,PSSA3.SA,Seguros,Porto Seguro ON,Ativo
2019-09,CXSE3.SA,Seguros,Caixa Seguridade ON,Pre-IPO
2019-09,WIZC3.SA,Seguros,Wiz Soluções ON,Ativo
2019-09,SULA11.SA,Seguros,SulAmérica Unit (Incorporada),Ativo
2019-09,SBSP3.SA,Saneamento,Sabesp ON,Ativo
2019-09,SAPR11.SA,Saneamento,Sanepar Unit,Ativo
2019-09,SAPR4.SA,Saneamento,Sanepar PN,Ativo
2019-09,CSMG3.SA,Saneamento,Copasa ON,Ativo
2019-10,ITUB4.SA,Bancos,Itaú Unibanco PN,Ativo
2019-10,BBDC4.SA,Bancos,Bradesco PN,Ativo
2019-10,BBAS3.SA,Bancos,Banco do Brasil ON,Ativo
2019-10,SANB11.SA,Bancos,Santander Brasil Unit,Ativo
2019-10,BPAC11.SA,Bancos,BTG Pactual Unit,Ativo
2019-10,ABCB4.SA,Bancos,Banco ABC Brasil PN,Ativo
2019-10,BRSR6.SA,Bancos,Banrisul PN,Ativo
2019-10,ITSA4.SA,Bancos,Itaúsa PN,Ativo
2019-10,TAEE11.SA,Energia,Taesa Unit,Ativo
2019-10,TRPL4.SA,Energia,ISA CTEEP PN,Ativo
2019-10,EGIE3.SA,Energia,Engie Brasil ON,Ativo
2019-10,CPLE6.SA,Energia,Copel PNB,Ativo
2019-10,ELET3.SA,Energia,Eletrobras ON,Ativo
2019-10,ELET6.SA,Energia,Eletrobras PNB,Ativo
2019-10,EQTL3.SA,Energia,Equatorial Energia ON,Ativo
2019-10,CMIG4.SA,Energia,Cemig PN,Ativo
2019-10,CPFE3.SA,Energia,CPFL Energia ON,Ativo
2019-10,ALUP11.SA,Energia,Alupar Unit,Ativo
2019-10,ENGI11.SA,Energia,Energisa Unit,Ativo
2019-10,ENBR3.SA,Energia,EDP Brasil ON (Deslistada),Ativo
2019-10,AESB3.SA,Energia,AES Brasil ON (Incorporada),Pre-IPO
2019-10,AURE3.SA,Energia,Auren Energia ON,Pre-IPO
2019-10,BBSE3.SA,Seguros,BB Seguridade ON,Ativo
2019-10,PSSA3.SA,Seguros,Porto Seguro ON,Ativo
2019-10,CXSE3.SA,Seguros,Caixa Seguridade ON,Pre-IPO
2019-10,WIZC3.SA,Seguros,Wiz Soluções ON,Ativo
2019-10,SULA11.SA,Seguros,SulAmérica Unit (Incorporada),Ativo
2019-10,SBSP3.SA,Saneamento,Sabesp ON,Ativo
2019-10,SAPR11.SA,Saneamento,Sanepar Unit,Ativo
2019-10,SAPR4.SA,Saneamento,Sanepar PN,Ativo
2019-10,CSMG3.SA,Saneamento,Copasa ON,Ativo
2019-11,ITUB4.SA,Bancos,Itaú Unibanco PN,Ativo
2019-11,BBDC4.SA,Bancos,Bradesco PN,Ativo
2019-11,BBAS3.SA,Bancos,Banco do Brasil ON,Ativo
2019-11,SANB11.SA,Bancos,Santander Brasil Unit,Ativo
2019-11,BPAC11.SA,Bancos,BTG Pactual Unit,Ativo
2019-11,ABCB4.SA,Bancos,Banco ABC Brasil PN,Ativo
2019-11,BRSR6.SA,Bancos,Banrisul PN,Ativo
2019-11,ITSA4.SA,Bancos,Itaúsa PN,Ativo
2019-11,TAEE11.SA,Energia,Taesa Unit,Ativo
2019-11,TRPL4.SA,Energia,ISA CTEEP PN,Ativo
2019-11,EGIE3.SA,Energia,Engie Brasil ON,Ativo
2019-11,CPLE6.SA,Energia,Copel PNB,Ativo
2019-11,ELET3.SA,Energia,Eletrobras ON,Ativo
2019-11,ELET6.SA,Energia,Eletrobras PNB,Ativo
2019-11,EQTL3.SA,Energia,Equatorial Energia ON,Ativo
2019-11,CMIG4.SA,Energia,Cemig PN,Ativo
2019-11,CPFE3.SA,Energia,CPFL Energia ON,Ativo
2019-11,ALUP11.SA,Energia,Alupar Unit,Ativo
2019-11,ENGI11.SA,Energia,Energisa Unit,Ativo
2019-11,ENBR3.SA,Energia,EDP Brasil ON (Deslistada),Ativo
2019-11,AESB3.SA,Energia,AES Brasil ON (Incorporada),Pre-IPO
2019-11,AURE3.SA,Energia,Auren Energia ON,Pre-IPO
2019-11,BBSE3.SA,Seguros,BB Seguridade ON,Ativo
2019-11,PSSA3.SA,Seguros,Porto Seguro ON,Ativo
2019-11,CXSE3.SA,Seguros,Caixa Seguridade ON,Pre-IPO
2019-11,WIZC3.SA,Seguros,Wiz Soluções ON,Ativo
2019-11,SULA11.SA,Seguros,SulAmérica Unit (Incorporada),Ativo
2019-11,SBSP3.SA,Saneamento,Sabesp ON,Ativo
2019-11,SAPR11.SA,Saneamento,Sanepar Unit,Ativo
2019-11,SAPR4.SA,Saneamento,Sanepar PN,Ativo
2019-11,CSMG3.SA,Saneamento,Copasa ON,Ativo
2019-12,ITUB4.SA,Bancos,Itaú Unibanco PN,Ativo
2019-12,BBDC4.SA,Bancos,Bradesco PN,Ativo
2019-12,BBAS3.SA,Bancos,Banco do Brasil ON,Ativo
2019-12,SANB11.SA,Bancos,Santander Brasil Unit,Ativo
2019-12,BPAC11.SA,Bancos,BTG Pactual Unit,Ativo
2019-12,ABCB4.SA,Bancos,Banco ABC Brasil PN,Ativo
2019-12,BRSR6.SA,Bancos,Banrisul PN,Ativo
2019-12,ITSA4.SA,Bancos,Itaúsa PN,Ativo
2019-12,TAEE11.SA,Energia,Taesa Unit,Ativo
2019-12,TRPL4.SA,Energia,ISA CTEEP PN,Ativo
2019-12,EGIE3.SA,Energia,Engie Brasil ON,Ativo
2019-12,CPLE6.SA,Energia,Copel PNB,Ativo
2019-12,ELET3.SA,Energia,Eletrobras ON,Ativo
2019-12,ELET6.SA,Energia,Eletrobras PNB,Ativo
2019-12,EQTL3.SA,Energia,Equatorial Energia ON,Ativo
2019-12,CMIG4.SA,Energia,Cemig PN,Ativo
2019-12,CPFE3.SA,Energia,CPFL Energia ON,Ativo
2019-12,ALUP11.SA,Energia,Alupar Unit,Ativo
2019-12,ENGI11.SA,Energia,Energisa Unit,Ativo
2019-12,ENBR3.SA,Energia,EDP Brasil ON (Deslistada),Ativo
2019-12,AESB3.SA,Energia,AES Brasil ON (Incorporada),Pre-IPO
2019-12,AURE3.SA,Energia,Auren Energia ON,Pre-IPO
2019-12,BBSE3.SA,Seguros,BB Seguridade ON,Ativo
2019-12,PSSA3.SA,Seguros,Porto Seguro ON,Ativo
2019-12,CXSE3.SA,Seguros,Caixa Seguridade ON,Pre-IPO
2019-12,WIZC3.SA,Seguros,Wiz Soluções ON,Ativo
2019-12,SULA11.SA,Seguros,SulAmérica Unit (Incorporada),Ativo
2019-12,SBSP3.SA,Saneamento,Sabesp ON,Ativo
2019-12,SAPR11.SA,Saneamento,Sanepar Unit,Ativo
2019-12,SAPR4.SA,Saneamento,Sanepar PN,Ativo
2019-12,CSMG3.SA,Saneamento,Copasa ON,Ativo
2020-01,ITUB4.SA,Bancos,Itaú Unibanco PN,Ativo
2020-01,BBDC4.SA,Bancos,Bradesco PN,Ativo
2020-01,BBAS3.SA,Bancos,Banco do Brasil ON,Ativo
2020-01,SANB11.SA,Bancos,Santander Brasil Unit,Ativo
2020-01,BPAC11.SA,Bancos,BTG Pactual Unit,Ativo
2020-01,ABCB4.SA,Bancos,Banco ABC Brasil PN,Ativo
2020-01,BRSR6.SA,Bancos,Banrisul PN,Ativo
2020-01,ITSA4.SA,Bancos,Itaúsa PN,Ativo
2020-01,TAEE11.SA,Energia,Taesa Unit,Ativo
2020-01,TRPL4.SA,Energia,ISA CTEEP PN,Ativo
2020-01,EGIE3.SA,Energia,Engie Brasil ON,Ativo
2020-01,CPLE6.SA,Energia,Copel PNB,Ativo
2020-01,ELET3.SA,Energia,Eletrobras ON,Ativo
2020-01,ELET6.SA,Energia,Eletrobras PNB,Ativo
2020-01,EQTL3.SA,Energia,Equatorial Energia ON,Ativo
2020-01,CMIG4.SA,Energia,Cemig PN,Ativo
2020-01,CPFE3.SA,Energia,CPFL Energia ON,Ativo
2020-01,ALUP11.SA,Energia,Alupar Unit,Ativo
2020-01,ENGI11.SA,Energia,Energisa Unit,Ativo
2020-01,ENBR3.SA,Energia,EDP Brasil ON (Deslistada),Ativo
2020-01,AESB3.SA,Energia,AES Brasil ON (Incorporada),Pre-IPO
2020-01,AURE3.SA,Energia,Auren Energia ON,Pre-IPO
2020-01,BBSE3.SA,Seguros,BB Seguridade ON,Ativo
2020-01,PSSA3.SA,Seguros,Porto Seguro ON,Ativo
2020-01,CXSE3.SA,Seguros,Caixa Seguridade ON,Pre-IPO
2020-01,WIZC3.SA,Seguros,Wiz Soluções ON,Ativo
2020-01,SULA11.SA,Seguros,SulAmérica Unit (Incorporada),Ativo
2020-01,SBSP3.SA,Saneamento,Sabesp ON,Ativo
2020-01,SAPR11.SA,Saneamento,Sanepar Unit,Ativo
2020-01,SAPR4.SA,Saneamento,Sanepar PN,Ativo
2020-01,CSMG3.SA,Saneamento,Copasa ON,Ativo
2020-02,ITUB4.SA,Bancos,Itaú Unibanco PN,Ativo
2020-02,BBDC4.SA,Bancos,Bradesco PN,Ativo
2020-02,BBAS3.SA,Bancos,Banco do Brasil ON,Ativo
2020-02,SANB11.SA,Bancos,Santander Brasil Unit,Ativo
2020-02,BPAC11.SA,Bancos,BTG Pactual Unit,Ativo
2020-02,ABCB4.SA,Bancos,Banco ABC Brasil PN,Ativo
2020-02,BRSR6.SA,Bancos,Banrisul PN,Ativo
2020-02,ITSA4.SA,Bancos,Itaúsa PN,Ativo
2020-02,TAEE11.SA,Energia,Taesa Unit,Ativo
2020-02,TRPL4.SA,Energia,ISA CTEEP PN,Ativo
2020-02,EGIE3.SA,Energia,Engie Brasil ON,Ativo
2020-02,CPLE6.SA,Energia,Copel PNB,Ativo
2020-02,ELET3.SA,Energia,Eletrobras ON,Ativo
2020-02,ELET6.SA,Energia,Eletrobras PNB,Ativo
2020-02,EQTL3.SA,Energia,Equatorial Energia ON,Ativo
2020-02,CMIG4.SA,Energia,Cemig PN,Ativo
2020-02,CPFE3.SA,Energia,CPFL Energia ON,Ativo
2020-02,ALUP11.SA,Energia,Alupar Unit,Ativo
2020-02,ENGI11.SA,Energia,Energisa Unit,Ativo
2020-02,ENBR3.SA,Energia,EDP Brasil ON (Deslistada),Ativo
2020-02,AESB3.SA,Energia,AES Brasil ON (Incorporada),Pre-IPO
2020-02,AURE3.SA,Energia,Auren Energia ON,Pre-IPO
2020-02,BBSE3.SA,Seguros,BB Seguridade ON,Ativo
2020-02,PSSA3.SA,Seguros,Porto Seguro ON,Ativo
2020-02,CXSE3.SA,Seguros,Caixa Seguridade ON,Pre-IPO
2020-02,WIZC3.SA,Seguros,Wiz Soluções ON,Ativo
2020-02,SULA11.SA,Seguros,SulAmérica Unit (Incorporada),Ativo
2020-02,SBSP3.SA,Saneamento,Sabesp ON,Ativo
2020-02,SAPR11.SA,Saneamento,Sanepar Unit,Ativo
2020-02,SAPR4.SA,Saneamento,Sanepar PN,Ativo
2020-02,CSMG3.SA,Saneamento,Copasa ON,Ativo
2020-03,ITUB4.SA,Bancos,Itaú Unibanco PN,Ativo
2020-03,BBDC4.SA,Bancos,Bradesco PN,Ativo
2020-03,BBAS3.SA,Bancos,Banco do Brasil ON,Ativo
2020-03,SANB11.SA,Bancos,Santander Brasil Unit,Ativo
2020-03,BPAC11.SA,Bancos,BTG Pactual Unit,Ativo
2020-03,ABCB4.SA,Bancos,Banco ABC Brasil PN,Ativo
2020-03,BRSR6.SA,Bancos,Banrisul PN,Ativo
2020-03,ITSA4.SA,Bancos,Itaúsa PN,Ativo
2020-03,TAEE11.SA,Energia,Taesa Unit,Ativo
2020-03,TRPL4.SA,Energia,ISA CTEEP PN,Ativo
2020-03,EGIE3.SA,Energia,Engie Brasil ON,Ativo
2020-03,CPLE6.SA,Energia,Copel PNB,Ativo
2020-03,ELET3.SA,Energia,Eletrobras ON,Ativo
2020-03,ELET6.SA,Energia,Eletrobras PNB,Ativo
2020-03,EQTL3.SA,Energia,Equatorial Energia ON,Ativo
2020-03,CMIG4.SA,Energia,Cemig PN,Ativo
2020-03,CPFE3.SA,Energia,CPFL Energia ON,Ativo
2020-03,ALUP11.SA,Energia,Alupar Unit,Ativo
2020-03,ENGI11.SA,Energia,Energisa Unit,Ativo
2020-03,ENBR3.SA,Energia,EDP Brasil ON (Deslistada),Ativo
2020-03,AESB3.SA,Energia,AES Brasil ON (Incorporada),Pre-IPO
2020-03,AURE3.SA,Energia,Auren Energia ON,Pre-IPO
2020-03,BBSE3.SA,Seguros,BB Seguridade ON,Ativo
2020-03,PSSA3.SA,Seguros,Porto Seguro ON,Ativo
2020-03,CXSE3.SA,Seguros,Caixa Seguridade ON,Pre-IPO
2020-03,WIZC3.SA,Seguros,Wiz Soluções ON,Ativo
2020-03,SULA11.SA,Seguros,SulAmérica Unit (Incorporada),Ativo
2020-03,SBSP3.SA,Saneamento,Sabesp ON,Ativo
2020-03,SAPR11.SA,Saneamento,Sanepar Unit,Ativo
2020-03,SAPR4.SA,Saneamento,Sanepar PN,Ativo
2020-03,CSMG3.SA,Saneamento,Copasa ON,Ativo
2020-04,ITUB4.SA,Bancos,Itaú Unibanco PN,Ativo
2020-04,BBDC4.SA,Bancos,Bradesco PN,Ativo
2020-04,BBAS3.SA,Bancos,Banco do Brasil ON,Ativo
2020-04,SANB11.SA,Bancos,Santander Brasil Unit,Ativo
2020-04,BPAC11.SA,Bancos,BTG Pactual Unit,Ativo
2020-04,ABCB4.SA,Bancos,Banco ABC Brasil PN,Ativo
2020-04,BRSR6.SA,Bancos,Banrisul PN,Ativo
2020-04,ITSA4.SA,Bancos,Itaúsa PN,Ativo
2020-04,TAEE11.SA,Energia,Taesa Unit,Ativo
2020-04,TRPL4.SA,Energia,ISA CTEEP PN,Ativo
2020-04,EGIE3.SA,Energia,Engie Brasil ON,Ativo
2020-04,CPLE6.SA,Energia,Copel PNB,Ativo
2020-04,ELET3.SA,Energia,Eletrobras ON,Ativo
2020-04,ELET6.SA,Energia,Eletrobras PNB,Ativo
2020-04,EQTL3.SA,Energia,Equatorial Energia ON,Ativo
2020-04,CMIG4.SA,Energia,Cemig PN,Ativo
2020-04,CPFE3.SA,Energia,CPFL Energia ON,Ativo
2020-04,ALUP11.SA,Energia,Alupar Unit,Ativo
2020-04,ENGI11.SA,Energia,Energisa Unit,Ativo
2020-04,ENBR3.SA,Energia,EDP Brasil ON (Deslistada),Ativo
2020-04,AESB3.SA,Energia,AES Brasil ON (Incorporada),Pre-IPO
2020-04,AURE3.SA,Energia,Auren Energia ON,Pre-IPO
2020-04,BBSE3.SA,Seguros,BB Seguridade ON,Ativo
2020-04,PSSA3.SA,Seguros,Porto Seguro ON,Ativo
2020-04,CXSE3.SA,Seguros,Caixa Seguridade ON,Pre-IPO
2020-04,WIZC3.SA,Seguros,Wiz Soluções ON,Ativo
2020-04,SULA11.SA,Seguros,SulAmérica Unit (Incorporada),Ativo
2020-04,SBSP3.SA,Saneamento,Sabesp ON,Ativo
2020-04,SAPR11.SA,Saneamento,Sanepar Unit,Ativo
2020-04,SAPR4.SA,Saneamento,Sanepar PN,Ativo
2020-04,CSMG3.SA,Saneamento,Copasa ON,Ativo
2020-05,ITUB4.SA,Bancos,Itaú Unibanco PN,Ativo
2020-05,BBDC4.SA,Bancos,Bradesco PN,Ativo
2020-05,BBAS3.SA,Bancos,Banco do Brasil ON,Ativo
2020-05,SANB11.SA,Bancos,Santander Brasil Unit,Ativo
2020-05,BPAC11.SA,Bancos,BTG Pactual Unit,Ativo
2020-05,ABCB4.SA,Bancos,Banco ABC Brasil PN,Ativo
2020-05,BRSR6.SA,Bancos,Banrisul PN,Ativo
2020-05,ITSA4.SA,Bancos,Itaúsa PN,Ativo
2020-05,TAEE11.SA,Energia,Taesa Unit,Ativo
2020-05,TRPL4.SA,Energia,ISA CTEEP PN,Ativo
2020-05,EGIE3.SA,Energia,Engie Brasil ON,Ativo
2020-05,CPLE6.SA,Energia,Copel PNB,Ativo
2020-05,ELET3.SA,Energia,Eletrobras ON,Ativo
2020-05,ELET6.SA,Energia,Eletrobras PNB,Ativo
2020-05,EQTL3.SA,Energia,Equatorial Energia ON,Ativo
2020-05,CMIG4.SA,Energia,Cemig PN,Ativo
2020-05,CPFE3.SA,Energia,CPFL Energia ON,Ativo
2020-05,ALUP11.SA,Energia,Alupar Unit,Ativo
2020-05,ENGI11.SA,Energia,Energisa Unit,Ativo
2020-05,ENBR3.SA,Energia,EDP Brasil ON (Deslistada),Ativo
2020-05,AESB3.SA,Energia,AES Brasil ON (Incorporada),Pre-IPO
2020-05,AURE3.SA,Energia,Auren Energia ON,Pre-IPO
2020-05,BBSE3.SA,Seguros,BB Seguridade ON,Ativo
2020-05,PSSA3.SA,Seguros,Porto Seguro ON,Ativo
2020-05,CXSE3.SA,Seguros,Caixa Seguridade ON,Pre-IPO
2020-05,WIZC3.SA,Seguros,Wiz Soluções ON,Ativo
2020-05,SULA11.SA,Seguros,SulAmérica Unit (Incorporada),Ativo
2020-05,SBSP3.SA,Saneamento,Sabesp ON,Ativo
2020-05,SAPR11.SA,Saneamento,Sanepar Unit,Ativo
2020-05,SAPR4.SA,Saneamento,Sanepar PN,Ativo
2020-05,CSMG3.SA,Saneamento,Copasa ON,Ativo
2020-06,ITUB4.SA,Bancos,Itaú Unibanco PN,Ativo
2020-06,BBDC4.SA,Bancos,Bradesco PN,Ativo
2020-06,BBAS3.SA,Bancos,Banco do Brasil ON,Ativo
2020-06,SANB11.SA,Bancos,Santander Brasil Unit,Ativo
2020-06,BPAC11.SA,Bancos,BTG Pactual Unit,Ativo
2020-06,ABCB4.SA,Bancos,Banco ABC Brasil PN,Ativo
2020-06,BRSR6.SA,Bancos,Banrisul PN,Ativo
2020-06,ITSA4.SA,Bancos,Itaúsa PN,Ativo
2020-06,TAEE11.SA,Energia,Taesa Unit,Ativo
2020-06,TRPL4.SA,Energia,ISA CTEEP PN,Ativo
2020-06,EGIE3.SA,Energia,Engie Brasil ON,Ativo
2020-06,CPLE6.SA,Energia,Copel PNB,Ativo
2020-06,ELET3.SA,Energia,Eletrobras ON,Ativo
2020-06,ELET6.SA,Energia,Eletrobras PNB,Ativo
2020-06,EQTL3.SA,Energia,Equatorial Energia ON,Ativo
2020-06,CMIG4.SA,Energia,Cemig PN,Ativo
2020-06,CPFE3.SA,Energia,CPFL Energia ON,Ativo
2020-06,ALUP11.SA,Energia,Alupar Unit,Ativo
2020-06,ENGI11.SA,Energia,Energisa Unit,Ativo
2020-06,ENBR3.SA,Energia,EDP Brasil ON (Deslistada),Ativo
2020-06,AESB3.SA,Energia,AES Brasil ON (Incorporada),Pre-IPO
2020-06,AURE3.SA,Energia,Auren Energia ON,Pre-IPO
2020-06,BBSE3.SA,Seguros,BB Seguridade ON,Ativo
2020-06,PSSA3.SA,Seguros,Porto Seguro ON,Ativo
2020-06,CXSE3.SA,Seguros,Caixa Seguridade ON,Pre-IPO
2020-06,WIZC3.SA,Seguros,Wiz Soluções ON,Ativo
2020-06,SULA11.SA,Seguros,SulAmérica Unit (Incorporada),Ativo
2020-06,SBSP3.SA,Saneamento,Sabesp ON,Ativo
2020-06,SAPR11.SA,Saneamento,Sanepar Unit,Ativo
2020-06,SAPR4.SA,Saneamento,Sanepar PN,Ativo
2020-06,CSMG3.SA,Saneamento,Copasa ON,Ativo
2020-07,ITUB4.SA,Bancos,Itaú Unibanco PN,Ativo
2020-07,BBDC4.SA,Bancos,Bradesco PN,Ativo
2020-07,BBAS3.SA,Bancos,Banco do Brasil ON,Ativo
2020-07,SANB11.SA,Bancos,Santander Brasil Unit,Ativo
2020-07,BPAC11.SA,Bancos,BTG Pactual Unit,Ativo
2020-07,ABCB4.SA,Bancos,Banco ABC Brasil PN,Ativo
2020-07,BRSR6.SA,Bancos,Banrisul PN,Ativo
2020-07,ITSA4.SA,Bancos,Itaúsa PN,Ativo
2020-07,TAEE11.SA,Energia,Taesa Unit,Ativo
2020-07,TRPL4.SA,Energia,ISA CTEEP PN,Ativo
2020-07,EGIE3.SA,Energia,Engie Brasil ON,Ativo
2020-07,CPLE6.SA,Energia,Copel PNB,Ativo
2020-07,ELET3.SA,Energia,Eletrobras ON,Ativo
2020-07,ELET6.SA,Energia,Eletrobras PNB,Ativo
2020-07,EQTL3.SA,Energia,Equatorial Energia ON,Ativo
2020-07,CMIG4.SA,Energia,Cemig PN,Ativo
2020-07,CPFE3.SA,Energia,CPFL Energia ON,Ativo
2020-07,ALUP11.SA,Energia,Alupar Unit,Ativo
2020-07,ENGI11.SA,Energia,Energisa Unit,Ativo
2020-07,ENBR3.SA,Energia,EDP Brasil ON (Deslistada),Ativo
2020-07,AESB3.SA,Energia,AES Brasil ON (Incorporada),Pre-IPO
2020-07,AURE3.SA,Energia,Auren Energia ON,Pre-IPO
2020-07,BBSE3.SA,Seguros,BB Seguridade ON,Ativo
2020-07,PSSA3.SA,Seguros,Porto Seguro ON,Ativo
2020-07,CXSE3.SA,Seguros,Caixa Seguridade ON,Pre-IPO
2020-07,WIZC3.SA,Seguros,Wiz Soluções ON,Ativo
2020-07,SULA11.SA,Seguros,SulAmérica Unit (Incorporada),Ativo
2020-07,SBSP3.SA,Saneamento,Sabesp ON,Ativo
2020-07,SAPR11.SA,Saneamento,Sanepar Unit,Ativo
2020-07,SAPR4.SA,Saneamento,Sanepar PN,Ativo
2020-07,CSMG3.SA,Saneamento,Copasa ON,Ativo
2020-08,ITUB4.SA,Bancos,Itaú Unibanco PN,Ativo
2020-08,BBDC4.SA,Bancos,Bradesco PN,Ativo
2020-08,BBAS3.SA,Bancos,Banco do Brasil ON,Ativo
2020-08,SANB11.SA,Bancos,Santander Brasil Unit,Ativo
2020-08,BPAC11.SA,Bancos,BTG Pactual Unit,Ativo
2020-08,ABCB4.SA,Bancos,Banco ABC Brasil PN,Ativo
2020-08,BRSR6.SA,Bancos,Banrisul PN,Ativo
2020-08,ITSA4.SA,Bancos,Itaúsa PN,Ativo
2020-08,TAEE11.SA,Energia,Taesa Unit,Ativo
2020-08,TRPL4.SA,Energia,ISA CTEEP PN,Ativo
2020-08,EGIE3.SA,Energia,Engie Brasil ON,Ativo
2020-08,CPLE6.SA,Energia,Copel PNB,Ativo
2020-08,ELET3.SA,Energia,Eletrobras ON,Ativo
2020-08,ELET6.SA,Energia,Eletrobras PNB,Ativo
2020-08,EQTL3.SA,Energia,Equatorial Energia ON,Ativo
2020-08,CMIG4.SA,Energia,Cemig PN,Ativo
2020-08,CPFE3.SA,Energia,CPFL Energia ON,Ativo
2020-08,ALUP11.SA,Energia,Alupar Unit,Ativo
2020-08,ENGI11.SA,Energia,Energisa Unit,Ativo
2020-08,ENBR3.SA,Energia,EDP Brasil ON (Deslistada),Ativo
2020-08,AESB3.SA,Energia,AES Brasil ON (Incorporada),Pre-IPO
2020-08,AURE3.SA,Energia,Auren Energia ON,Pre-IPO
2020-08,BBSE3.SA,Seguros,BB Seguridade ON,Ativo
2020-08,PSSA3.SA,Seguros,Porto Seguro ON,Ativo
2020-08,CXSE3.SA,Seguros,Caixa Seguridade ON,Pre-IPO
2020-08,WIZC3.SA,Seguros,Wiz Soluções ON,Ativo
2020-08,SULA11.SA,Seguros,SulAmérica Unit (Incorporada),Ativo
2020-08,SBSP3.SA,Saneamento,Sabesp ON,Ativo
2020-08,SAPR11.SA,Saneamento,Sanepar Unit,Ativo
2020-08,SAPR4.SA,Saneamento,Sanepar PN,Ativo
2020-08,CSMG3.SA,Saneamento,Copasa ON,Ativo
2020-09,ITUB4.SA,Bancos,Itaú Unibanco PN,Ativo
2020-09,BBDC4.SA,Bancos,Bradesco PN,Ativo
2020-09,BBAS3.SA,Bancos,Banco do Brasil ON,Ativo
2020-09,SANB11.SA,Bancos,Santander Brasil Unit,Ativo
2020-09,BPAC11.SA,Bancos,BTG Pactual Unit,Ativo
2020-09,ABCB4.SA,Bancos,Banco ABC Brasil PN,Ativo
2020-09,BRSR6.SA,Bancos,Banrisul PN,Ativo
2020-09,ITSA4.SA,Bancos,Itaúsa PN,Ativo
2020-09,TAEE11.SA,Energia,Taesa Unit,Ativo
2020-09,TRPL4.SA,Energia,ISA CTEEP PN,Ativo
2020-09,EGIE3.SA,Energia,Engie Brasil ON,Ativo
2020-09,CPLE6.SA,Energia,Copel PNB,Ativo
2020-09,ELET3.SA,Energia,Eletrobras ON,Ativo
2020-09,ELET6.SA,Energia,Eletrobras PNB,Ativo
2020-09,EQTL3.SA,Energia,Equatorial Energia ON,Ativo
2020-09,CMIG4.SA,Energia,Cemig PN,Ativo
2020-09,CPFE3.SA,Energia,CPFL Energia ON,Ativo
2020-09,ALUP11.SA,Energia,Alupar Unit,Ativo
2020-09,ENGI11.SA,Energia,Energisa Unit,Ativo
2020-09,ENBR3.SA,Energia,EDP Brasil ON (Deslistada),Ativo
2020-09,AESB3.SA,Energia,AES Brasil ON (Incorporada),Pre-IPO
2020-09,AURE3.SA,Energia,Auren Energia ON,Pre-IPO
2020-09,BBSE3.SA,Seguros,BB Seguridade ON,Ativo
2020-09,PSSA3.SA,Seguros,Porto Seguro ON,Ativo
2020-09,CXSE3.SA,Seguros,Caixa Seguridade ON,Pre-IPO
2020-09,WIZC3.SA,Seguros,Wiz Soluções ON,Ativo
2020-09,SULA11.SA,Seguros,SulAmérica Unit (Incorporada),Ativo
2020-09,SBSP3.SA,Saneamento,Sabesp ON,Ativo
2020-09,SAPR11.SA,Saneamento,Sanepar Unit,Ativo
2020-09,SAPR4.SA,Saneamento,Sanepar PN,Ativo
2020-09,CSMG3.SA,Saneamento,Copasa ON,Ativo
2020-10,ITUB4.SA,Bancos,Itaú Unibanco PN,Ativo
2020-10,BBDC4.SA,Bancos,Bradesco PN,Ativo
2020-10,BBAS3.SA,Bancos,Banco do Brasil ON,Ativo
2020-10,SANB11.SA,Bancos,Santander Brasil Unit,Ativo
2020-10,BPAC11.SA,Bancos,BTG Pactual Unit,Ativo
2020-10,ABCB4.SA,Bancos,Banco ABC Brasil PN,Ativo
2020-10,BRSR6.SA,Bancos,Banrisul PN,Ativo
2020-10,ITSA4.SA,Bancos,Itaúsa PN,Ativo
2020-10,TAEE11.SA,Energia,Taesa Unit,Ativo
2020-10,TRPL4.SA,Energia,ISA CTEEP PN,Ativo
2020-10,EGIE3.SA,Energia,Engie Brasil ON,Ativo
2020-10,CPLE6.SA,Energia,Copel PNB,Ativo
2020-10,ELET3.SA,Energia,Eletrobras ON,Ativo
2020-10,ELET6.SA,Energia,Eletrobras PNB,Ativo
2020-10,EQTL3.SA,Energia,Equatorial Energia ON,Ativo
2020-10,CMIG4.SA,Energia,Cemig PN,Ativo
2020-10,CPFE3.SA,Energia,CPFL Energia ON,Ativo
2020-10,ALUP11.SA,Energia,Alupar Unit,Ativo
2020-10,ENGI11.SA,Energia,Energisa Unit,Ativo
2020-10,ENBR3.SA,Energia,EDP Brasil ON (Deslistada),Ativo
2020-10,AESB3.SA,Energia,AES Brasil ON (Incorporada),Pre-IPO
2020-10,AURE3.SA,Energia,Auren Energia ON,Pre-IPO
2020-10,BBSE3.SA,Seguros,BB Seguridade ON,Ativo
2020-10,PSSA3.SA,Seguros,Porto Seguro ON,Ativo
2020-10,CXSE3.SA,Seguros,Caixa Seguridade ON,Pre-IPO
2020-10,WIZC3.SA,Seguros,Wiz Soluções ON,Ativo
2020-10,SULA11.SA,Seguros,SulAmérica Unit (Incorporada),Ativo
2020-10,SBSP3.SA,Saneamento,Sabesp ON,Ativo
2020-10,SAPR11.SA,Saneamento,Sanepar Unit,Ativo
2020-10,SAPR4.SA,Saneamento,Sanepar PN,Ativo
2020-10,CSMG3.SA,Saneamento,Copasa ON,Ativo
2020-11,ITUB4.SA,Bancos,Itaú Unibanco PN,Ativo
2020-11,BBDC4.SA,Bancos,Bradesco PN,Ativo
2020-11,BBAS3.SA,Bancos,Banco do Brasil ON,Ativo
2020-11,SANB11.SA,Bancos,Santander Brasil Unit,Ativo
2020-11,BPAC11.SA,Bancos,BTG Pactual Unit,Ativo
2020-11,ABCB4.SA,Bancos,Banco ABC Brasil PN,Ativo
2020-11,BRSR6.SA,Bancos,Banrisul PN,Ativo
2020-11,ITSA4.SA,Bancos,Itaúsa PN,Ativo
2020-11,TAEE11.SA,Energia,Taesa Unit,Ativo
2020-11,TRPL4.SA,Energia,ISA CTEEP PN,Ativo
2020-11,EGIE3.SA,Energia,Engie Brasil ON,Ativo
2020-11,CPLE6.SA,Energia,Copel PNB,Ativo
2020-11,ELET3.SA,Energia,Eletrobras ON,Ativo
2020-11,ELET6.SA,Energia,Eletrobras PNB,Ativo
2020-11,EQTL3.SA,Energia,Equatorial Energia ON,Ativo
2020-11,CMIG4.SA,Energia,Cemig PN,Ativo
2020-11,CPFE3.SA,Energia,CPFL Energia ON,Ativo
2020-11,ALUP11.SA,Energia,Alupar Unit,Ativo
2020-11,ENGI11.SA,Energia,Energisa Unit,Ativo
2020-11,ENBR3.SA,Energia,EDP Brasil ON (Deslistada),Ativo
2020-11,AESB3.SA,Energia,AES Brasil ON (Incorporada),Pre-IPO
2020-11,AURE3.SA,Energia,Auren Energia ON,Pre-IPO
2020-11,BBSE3.SA,Seguros,BB Seguridade ON,Ativo
2020-11,PSSA3.SA,Seguros,Porto Seguro ON,Ativo
2020-11,CXSE3.SA,Seguros,Caixa Seguridade ON,Pre-IPO
2020-11,WIZC3.SA,Seguros,Wiz Soluções ON,Ativo
2020-11,SULA11.SA,Seguros,SulAmérica Unit (Incorporada),Ativo
2020-11,SBSP3.SA,Saneamento,Sabesp ON,Ativo
2020-11,SAPR11.SA,Saneamento,Sanepar Unit,Ativo
2020-11,SAPR4.SA,Saneamento,Sanepar PN,Ativo
2020-11,CSMG3.SA,Saneamento,Copasa ON,Ativo
2020-12,ITUB4.SA,Bancos,Itaú Unibanco PN,Ativo
2020-12,BBDC4.SA,Bancos,Bradesco PN,Ativo
2020-12,BBAS3.SA,Bancos,Banco do Brasil ON,Ativo
2020-12,SANB11.SA,Bancos,Santander Brasil Unit,Ativo
2020-12,BPAC11.SA,Bancos,BTG Pactual Unit,Ativo
2020-12,ABCB4.SA,Bancos,Banco ABC Brasil PN,Ativo
2020-12,BRSR6.SA,Bancos,Banrisul PN,Ativo
2020-12,ITSA4.SA,Bancos,Itaúsa PN,Ativo
2020-12,TAEE11.SA,Energia,Taesa Unit,Ativo
2020-12,TRPL4.SA,Energia,ISA CTEEP PN,Ativo
2020-12,EGIE3.SA,Energia,Engie Brasil ON,Ativo
2020-12,CPLE6.SA,Energia,Copel PNB,Ativo
2020-12,ELET3.SA,Energia,Eletrobras ON,Ativo
2020-12,ELET6.SA,Energia,Eletrobras PNB,Ativo
2020-12,EQTL3.SA,Energia,Equatorial Energia ON,Ativo
2020-12,CMIG4.SA,Energia,Cemig PN,Ativo
2020-12,CPFE3.SA,Energia,CPFL Energia ON,Ativo
2020-12,ALUP11.SA,Energia,Alupar Unit,Ativo
2020-12,ENGI11.SA,Energia,Energisa Unit,Ativo
2020-12,ENBR3.SA,Energia,EDP Brasil ON (Deslistada),Ativo
2020-12,AESB3.SA,Energia,AES Brasil ON (Incorporada),Pre-IPO
2020-12,AURE3.SA,Energia,Auren Energia ON,Pre-IPO
2020-12,BBSE3.SA,Seguros,BB Seguridade ON,Ativo
2020-12,PSSA3.SA,Seguros,Porto Seguro ON,Ativo
2020-12,CXSE3.SA,Seguros,Caixa Seguridade ON,Pre-IPO
2020-12,WIZC3.SA,Seguros,Wiz Soluções ON,Ativo
2020-12,SULA11.SA,Seguros,SulAmérica Unit (Incorporada),Ativo
2020-12,SBSP3.SA,Saneamento,Sabesp ON,Ativo
2020-12,SAPR11.SA,Saneamento,Sanepar Unit,Ativo
2020-12,SAPR4.SA,Saneamento,Sanepar PN,Ativo
2020-12,CSMG3.SA,Saneamento,Copasa ON,Ativo
2021-01,ITUB4.SA,Bancos,Itaú Unibanco PN,Ativo
2021-01,BBDC4.SA,Bancos,Bradesco PN,Ativo
2021-01,BBAS3.SA,Bancos,Banco do Brasil ON,Ativo
2021-01,SANB11.SA,Bancos,Santander Brasil Unit,Ativo
2021-01,BPAC11.SA,Bancos,BTG Pactual Unit,Ativo
2021-01,ABCB4.SA,Bancos,Banco ABC Brasil PN,Ativo
2021-01,BRSR6.SA,Bancos,Banrisul PN,Ativo
2021-01,ITSA4.SA,Bancos,Itaúsa PN,Ativo
2021-01,TAEE11.SA,Energia,Taesa Unit,Ativo
2021-01,TRPL4.SA,Energia,ISA CTEEP PN,Ativo
2021-01,EGIE3.SA,Energia,Engie Brasil ON,Ativo
2021-01,CPLE6.SA,Energia,Copel PNB,Ativo
2021-01,ELET3.SA,Energia,Eletrobras ON,Ativo
2021-01,ELET6.SA,Energia,Eletrobras PNB,Ativo
2021-01,EQTL3.SA,Energia,Equatorial Energia ON,Ativo
2021-01,CMIG4.SA,Energia,Cemig PN,Ativo
2021-01,CPFE3.SA,Energia,CPFL Energia ON,Ativo
2021-01,ALUP11.SA,Energia,Alupar Unit,Ativo
2021-01,ENGI11.SA,Energia,Energisa Unit,Ativo
2021-01,ENBR3.SA,Energia,EDP Brasil ON (Deslistada),Ativo
2021-01,AESB3.SA,Energia,AES Brasil ON (Incorporada),Pre-IPO
2021-01,AURE3.SA,Energia,Auren Energia ON,Pre-IPO
2021-01,BBSE3.SA,Seguros,BB Seguridade ON,Ativo
2021-01,PSSA3.SA,Seguros,Porto Seguro ON,Ativo
2021-01,CXSE3.SA,Seguros,Caixa Seguridade ON,Pre-IPO
2021-01,WIZC3.SA,Seguros,Wiz Soluções ON,Ativo
2021-01,SULA11.SA,Seguros,SulAmérica Unit (Incorporada),Ativo
2021-01,SBSP3.SA,Saneamento,Sabesp ON,Ativo
2021-01,SAPR11.SA,Saneamento,Sanepar Unit,Ativo
2021-01,SAPR4.SA,Saneamento,Sanepar PN,Ativo
2021-01,CSMG3.SA,Saneamento,Copasa ON,Ativo
2021-02,ITUB4.SA,Bancos,Itaú Unibanco PN,Ativo
2021-02,BBDC4.SA,Bancos,Bradesco PN,Ativo
2021-02,BBAS3.SA,Bancos,Banco do Brasil ON,Ativo
2021-02,SANB11.SA,Bancos,Santander Brasil Unit,Ativo
2021-02,BPAC11.SA,Bancos,BTG Pactual Unit,Ativo
2021-02,ABCB4.SA,Bancos,Banco ABC Brasil PN,Ativo
2021-02,BRSR6.SA,Bancos,Banrisul PN,Ativo
2021-02,ITSA4.SA,Bancos,Itaúsa PN,Ativo
2021-02,TAEE11.SA,Energia,Taesa Unit,Ativo
2021-02,TRPL4.SA,Energia,ISA CTEEP PN,Ativo
2021-02,EGIE3.SA,Energia,Engie Brasil ON,Ativo
2021-02,CPLE6.SA,Energia,Copel PNB,Ativo
2021-02,ELET3.SA,Energia,Eletrobras ON,Ativo
2021-02,ELET6.SA,Energia,Eletrobras PNB,Ativo
2021-02,EQTL3.SA,Energia,Equatorial Energia ON,Ativo
2021-02,CMIG4.SA,Energia,Cemig PN,Ativo
2021-02,CPFE3.SA,Energia,CPFL Energia ON,Ativo
2021-02,ALUP11.SA,Energia,Alupar Unit,Ativo
2021-02,ENGI11.SA,Energia,Energisa Unit,Ativo
2021-02,ENBR3.SA,Energia,EDP Brasil ON (Deslistada),Ativo
2021-02,AESB3.SA,Energia,AES Brasil ON (Incorporada),Pre-IPO
2021-02,AURE3.SA,Energia,Auren Energia ON,Pre-IPO
2021-02,BBSE3.SA,Seguros,BB Seguridade ON,Ativo
2021-02,PSSA3.SA,Seguros,Porto Seguro ON,Ativo
2021-02,CXSE3.SA,Seguros,Caixa Seguridade ON,Pre-IPO
2021-02,WIZC3.SA,Seguros,Wiz Soluções ON,Ativo
2021-02,SULA11.SA,Seguros,SulAmérica Unit (Incorporada),Ativo
2021-02,SBSP3.SA,Saneamento,Sabesp ON,Ativo
2021-02,SAPR11.SA,Saneamento,Sanepar Unit,Ativo
2021-02,SAPR4.SA,Saneamento,Sanepar PN,Ativo
2021-02,CSMG3.SA,Saneamento,Copasa ON,Ativo
2021-03,ITUB4.SA,Bancos,Itaú Unibanco PN,Ativo
2021-03,BBDC4.SA,Bancos,Bradesco PN,Ativo
2021-03,BBAS3.SA,Bancos,Banco do Brasil ON,Ativo
2021-03,SANB11.SA,Bancos,Santander Brasil Unit,Ativo
2021-03,BPAC11.SA,Bancos,BTG Pactual Unit,Ativo
2021-03,ABCB4.SA,Bancos,Banco ABC Brasil PN,Ativo
2021-03,BRSR6.SA,Bancos,Banrisul PN,Ativo
2021-03,ITSA4.SA,Bancos,Itaúsa PN,Ativo
2021-03,TAEE11.SA,Energia,Taesa Unit,Ativo
2021-03,TRPL4.SA,Energia,ISA CTEEP PN,Ativo
2021-03,EGIE3.SA,Energia,Engie Brasil ON,Ativo
2021-03,CPLE6.SA,Energia,Copel PNB,Ativo
2021-03,ELET3.SA,Energia,Eletrobras ON,Ativo
2021-03,ELET6.SA,Energia,Eletrobras PNB,Ativo
2021-03,EQTL3.SA,Energia,Equatorial Energia ON,Ativo
2021-03,CMIG4.SA,Energia,Cemig PN,Ativo
2021-03,CPFE3.SA,Energia,CPFL Energia ON,Ativo
2021-03,ALUP11.SA,Energia,Alupar Unit,Ativo
2021-03,ENGI11.SA,Energia,Energisa Unit,Ativo
2021-03,ENBR3.SA,Energia,EDP Brasil ON (Deslistada),Ativo
2021-03,AESB3.SA,Energia,AES Brasil ON (Incorporada),Ativo
2021-03,AURE3.SA,Energia,Auren Energia ON,Pre-IPO
2021-03,BBSE3.SA,Seguros,BB Seguridade ON,Ativo
2021-03,PSSA3.SA,Seguros,Porto Seguro ON,Ativo
2021-03,CXSE3.SA,Seguros,Caixa Seguridade ON,Pre-IPO
2021-03,WIZC3.SA,Seguros,Wiz Soluções ON,Ativo
2021-03,SULA11.SA,Seguros,SulAmérica Unit (Incorporada),Ativo
2021-03,SBSP3.SA,Saneamento,Sabesp ON,Ativo
2021-03,SAPR11.SA,Saneamento,Sanepar Unit,Ativo
2021-03,SAPR4.SA,Saneamento,Sanepar PN,Ativo
2021-03,CSMG3.SA,Saneamento,Copasa ON,Ativo
2021-04,ITUB4.SA,Bancos,Itaú Unibanco PN,Ativo
2021-04,BBDC4.SA,Bancos,Bradesco PN,Ativo
2021-04,BBAS3.SA,Bancos,Banco do Brasil ON,Ativo
2021-04,SANB11.SA,Bancos,Santander Brasil Unit,Ativo
2021-04,BPAC11.SA,Bancos,BTG Pactual Unit,Ativo
2021-04,ABCB4.SA,Bancos,Banco ABC Brasil PN,Ativo
2021-04,BRSR6.SA,Bancos,Banrisul PN,Ativo
2021-04,ITSA4.SA,Bancos,Itaúsa PN,Ativo
2021-04,TAEE11.SA,Energia,Taesa Unit,Ativo
2021-04,TRPL4.SA,Energia,ISA CTEEP PN,Ativo
2021-04,EGIE3.SA,Energia,Engie Brasil ON,Ativo
2021-04,CPLE6.SA,Energia,Copel PNB,Ativo
2021-04,ELET3.SA,Energia,Eletrobras ON,Ativo
2021-04,ELET6.SA,Energia,Eletrobras PNB,Ativo
2021-04,EQTL3.SA,Energia,Equatorial Energia ON,Ativo
2021-04,CMIG4.SA,Energia,Cemig PN,Ativo
2021-04,CPFE3.SA,Energia,CPFL Energia ON,Ativo
2021-04,ALUP11.SA,Energia,Alupar Unit,Ativo
2021-04,ENGI11.SA,Energia,Energisa Unit,Ativo
2021-04,ENBR3.SA,Energia,EDP Brasil ON (Deslistada),Ativo
2021-04,AESB3.SA,Energia,AES Brasil ON (Incorporada),Ativo
2021-04,AURE3.SA,Energia,Auren Energia ON,Pre-IPO
2021-04,BBSE3.SA,Seguros,BB Seguridade ON,Ativo
2021-04,PSSA3.SA,Seguros,Porto Seguro ON,Ativo
2021-04,CXSE3.SA,Seguros,Caixa Seguridade ON,Ativo
2021-04,WIZC3.SA,Seguros,Wiz Soluções ON,Ativo
2021-04,SULA11.SA,Seguros,SulAmérica Unit (Incorporada),Ativo
2021-04,SBSP3.SA,Saneamento,Sabesp ON,Ativo
2021-04,SAPR11.SA,Saneamento,Sanepar Unit,Ativo
2021-04,SAPR4.SA,Saneamento,Sanepar PN,Ativo
2021-04,CSMG3.SA,Saneamento,Copasa ON,Ativo
2021-05,ITUB4.SA,Bancos,Itaú Unibanco PN,Ativo
2021-05,BBDC4.SA,Bancos,Bradesco PN,Ativo
2021-05,BBAS3.SA,Bancos,Banco do Brasil ON,Ativo
2021-05,SANB11.SA,Bancos,Santander Brasil Unit,Ativo
2021-05,BPAC11.SA,Bancos,BTG Pactual Unit,Ativo
2021-05,ABCB4.SA,Bancos,Banco ABC Brasil PN,Ativo
2021-05,BRSR6.SA,Bancos,Banrisul PN,Ativo
2021-05,ITSA4.SA,Bancos,Itaúsa PN,Ativo
2021-05,TAEE11.SA,Energia,Taesa Unit,Ativo
2021-05,TRPL4.SA,Energia,ISA CTEEP PN,Ativo
2021-05,EGIE3.SA,Energia,Engie Brasil ON,Ativo
2021-05,CPLE6.SA,Energia,Copel PNB,Ativo
2021-05,ELET3.SA,Energia,Eletrobras ON,Ativo
2021-05,ELET6.SA,Energia,Eletrobras PNB,Ativo
2021-05,EQTL3.SA,Energia,Equatorial Energia ON,Ativo
2021-05,CMIG4.SA,Energia,Cemig PN,Ativo
2021-05,CPFE3.SA,Energia,CPFL Energia ON,Ativo
2021-05,ALUP11.SA,Energia,Alupar Unit,Ativo
2021-05,ENGI11.SA,Energia,Energisa Unit,Ativo
2021-05,ENBR3.SA,Energia,EDP Brasil ON (Deslistada),Ativo
2021-05,AESB3.SA,Energia,AES Brasil ON (Incorporada),Ativo
2021-05,AURE3.SA,Energia,Auren Energia ON,Pre-IPO
2021-05,BBSE3.SA,Seguros,BB Seguridade ON,Ativo
2021-05,PSSA3.SA,Seguros,Porto Seguro ON,Ativo
2021-05,CXSE3.SA,Seguros,Caixa Seguridade ON,Ativo
2021-05,WIZC3.SA,Seguros,Wiz Soluções ON,Ativo
2021-05,SULA11.SA,Seguros,SulAmérica Unit (Incorporada),Ativo
2021-05,SBSP3.SA,Saneamento,Sabesp ON,Ativo
2021-05,SAPR11.SA,Saneamento,Sanepar Unit,Ativo
2021-05,SAPR4.SA,Saneamento,Sanepar PN,Ativo
2021-05,CSMG3.SA,Saneamento,Copasa ON,Ativo
2021-06,ITUB4.SA,Bancos,Itaú Unibanco PN,Ativo
2021-06,BBDC4.SA,Bancos,Bradesco PN,Ativo
2021-06,BBAS3.SA,Bancos,Banco do Brasil ON,Ativo
2021-06,SANB11.SA,Bancos,Santander Brasil Unit,Ativo
2021-06,BPAC11.SA,Bancos,BTG Pactual Unit,Ativo
2021-06,ABCB4.SA,Bancos,Banco ABC Brasil PN,Ativo
2021-06,BRSR6.SA,Bancos,Banrisul PN,Ativo
2021-06,ITSA4.SA,Bancos,Itaúsa PN,Ativo
2021-06,TAEE11.SA,Energia,Taesa Unit,Ativo
2021-06,TRPL4.SA,Energia,ISA CTEEP PN,Ativo
2021-06,EGIE3.SA,Energia,Engie Brasil ON,Ativo
2021-06,CPLE6.SA,Energia,Copel PNB,Ativo
2021-06,ELET3.SA,Energia,Eletrobras ON,Ativo
2021-06,ELET6.SA,Energia,Eletrobras PNB,Ativo
2021-06,EQTL3.SA,Energia,Equatorial Energia ON,Ativo
2021-06,CMIG4.SA,Energia,Cemig PN,Ativo
2021-06,CPFE3.SA,Energia,CPFL Energia ON,Ativo
2021-06,ALUP11.SA,Energia,Alupar Unit,Ativo
2021-06,ENGI11.SA,Energia,Energisa Unit,Ativo
2021-06,ENBR3.SA,Energia,EDP Brasil ON (Deslistada),Ativo
2021-06,AESB3.SA,Energia,AES Brasil ON (Incorporada),Ativo
2021-06,AURE3.SA,Energia,Auren Energia ON,Pre-IPO
2021-06,BBSE3.SA,Seguros,BB Seguridade ON,Ativo
2021-06,PSSA3.SA,Seguros,Porto Seguro ON,Ativo
2021-06,CXSE3.SA,Seguros,Caixa Seguridade ON,Ativo
2021-06,WIZC3.SA,Seguros,Wiz Soluções ON,Ativo
2021-06,SULA11.SA,Seguros,SulAmérica Unit (Incorporada),Ativo
2021-06,SBSP3.SA,Saneamento,Sabesp ON,Ativo
2021-06,SAPR11.SA,Saneamento,Sanepar Unit,Ativo
2021-06,SAPR4.SA,Saneamento,Sanepar PN,Ativo
2021-06,CSMG3.SA,Saneamento,Copasa ON,Ativo
2021-07,ITUB4.SA,Bancos,Itaú Unibanco PN,Ativo
2021-07,BBDC4.SA,Bancos,Bradesco PN,Ativo
2021-07,BBAS3.SA,Bancos,Banco do Brasil ON,Ativo
2021-07,SANB11.SA,Bancos,Santander Brasil Unit,Ativo
2021-07,BPAC11.SA,Bancos,BTG Pactual Unit,Ativo
2021-07,ABCB4.SA,Bancos,Banco ABC Brasil PN,Ativo
2021-07,BRSR6.SA,Bancos,Banrisul PN,Ativo
2021-07,ITSA4.SA,Bancos,Itaúsa PN,Ativo
2021-07,TAEE11.SA,Energia,Taesa Unit,Ativo
2021-07,TRPL4.SA,Energia,ISA CTEEP PN,Ativo
2021-07,EGIE3.SA,Energia,Engie Brasil ON,Ativo
2021-07,CPLE6.SA,Energia,Copel PNB,Ativo
2021-07,ELET3.SA,Energia,Eletrobras ON,Ativo
2021-07,ELET6.SA,Energia,Eletrobras PNB,Ativo
2021-07,EQTL3.SA,Energia,Equatorial Energia ON,Ativo
2021-07,CMIG4.SA,Energia,Cemig PN,Ativo
2021-07,CPFE3.SA,Energia,CPFL Energia ON,Ativo
2021-07,ALUP11.SA,Energia,Alupar Unit,Ativo
2021-07,ENGI11.SA,Energia,Energisa Unit,Ativo
2021-07,ENBR3.SA,Energia,EDP Brasil ON (Deslistada),Ativo
2021-07,AESB3.SA,Energia,AES Brasil ON (Incorporada),Ativo
2021-07,AURE3.SA,Energia,Auren Energia ON,Pre-IPO
2021-07,BBSE3.SA,Seguros,BB Seguridade ON,Ativo
2021-07,PSSA3.SA,Seguros,Porto Seguro ON,Ativo
2021-07,CXSE3.SA,Seguros,Caixa Seguridade ON,Ativo
2021-07,WIZC3.SA,Seguros,Wiz Soluções ON,Ativo
2021-07,SULA11.SA,Seguros,SulAmérica Unit (Incorporada),Ativo
2021-07,SBSP3.SA,Saneamento,Sabesp ON,Ativo
2021-07,SAPR11.SA,Saneamento,Sanepar Unit,Ativo
2021-07,SAPR4.SA,Saneamento,Sanepar PN,Ativo
2021-07,CSMG3.SA,Saneamento,Copasa ON,Ativo
2021-08,ITUB4.SA,Bancos,Itaú Unibanco PN,Ativo
2021-08,BBDC4.SA,Bancos,Bradesco PN,Ativo
2021-08,BBAS3.SA,Bancos,Banco do Brasil ON,Ativo
2021-08,SANB11.SA,Bancos,Santander Brasil Unit,Ativo
2021-08,BPAC11.SA,Bancos,BTG Pactual Unit,Ativo
2021-08,ABCB4.SA,Bancos,Banco ABC Brasil PN,Ativo
2021-08,BRSR6.SA,Bancos,Banrisul PN,Ativo
2021-08,ITSA4.SA,Bancos,Itaúsa PN,Ativo
2021-08,TAEE11.SA,Energia,Taesa Unit,Ativo
2021-08,TRPL4.SA,Energia,ISA CTEEP PN,Ativo
2021-08,EGIE3.SA,Energia,Engie Brasil ON,Ativo
2021-08,CPLE6.SA,Energia,Copel PNB,Ativo
2021-08,ELET3.SA,Energia,Eletrobras ON,Ativo
2021-08,ELET6.SA,Energia,Eletrobras PNB,Ativo
2021-08,EQTL3.SA,Energia,Equatorial Energia ON,Ativo
2021-08,CMIG4.SA,Energia,Cemig PN,Ativo
2021-08,CPFE3.SA,Energia,CPFL Energia ON,Ativo
2021-08,ALUP11.SA,Energia,Alupar Unit,Ativo
2021-08,ENGI11.SA,Energia,Energisa Unit,Ativo
2021-08,ENBR3.SA,Energia,EDP Brasil ON (Deslistada),Ativo
2021-08,AESB3.SA,Energia,AES Brasil ON (Incorporada),Ativo
2021-08,AURE3.SA,Energia,Auren Energia ON,Pre-IPO
2021-08,BBSE3.SA,Seguros,BB Seguridade ON,Ativo
2021-08,PSSA3.SA,Seguros,Porto Seguro ON,Ativo
2021-08,CXSE3.SA,Seguros,Caixa Seguridade ON,Ativo
2021-08,WIZC3.SA,Seguros,Wiz Soluções ON,Ativo
2021-08,SULA11.SA,Seguros,SulAmérica Unit (Incorporada),Ativo
2021-08,SBSP3.SA,Saneamento,Sabesp ON,Ativo
2021-08,SAPR11.SA,Saneamento,Sanepar Unit,Ativo
2021-08,SAPR4.SA,Saneamento,Sanepar PN,Ativo
2021-08,CSMG3.SA,Saneamento,Copasa ON,Ativo
2021-09,ITUB4.SA,Bancos,Itaú Unibanco PN,Ativo
2021-09,BBDC4.SA,Bancos,Bradesco PN,Ativo
2021-09,BBAS3.SA,Bancos,Banco do Brasil ON,Ativo
2021-09,SANB11.SA,Bancos,Santander Brasil Unit,Ativo
2021-09,BPAC11.SA,Bancos,BTG Pactual Unit,Ativo
2021-09,ABCB4.SA,Bancos,Banco ABC Brasil PN,Ativo
2021-09,BRSR6.SA,Bancos,Banrisul PN,Ativo
2021-09,ITSA4.SA,Bancos,Itaúsa PN,Ativo
2021-09,TAEE11.SA,Energia,Taesa Unit,Ativo
2021-09,TRPL4.SA,Energia,ISA CTEEP PN,Ativo
2021-09,EGIE3.SA,Energia,Engie Brasil ON,Ativo
2021-09,CPLE6.SA,Energia,Copel PNB,Ativo
2021-09,ELET3.SA,Energia,Eletrobras ON,Ativo
2021-09,ELET6.SA,Energia,Eletrobras PNB,Ativo
2021-09,EQTL3.SA,Energia,Equatorial Energia ON,Ativo
2021-09,CMIG4.SA,Energia,Cemig PN,Ativo
2021-09,CPFE3.SA,Energia,CPFL Energia ON,Ativo
2021-09,ALUP11.SA,Energia,Alupar Unit,Ativo
2021-09,ENGI11.SA,Energia,Energisa Unit,Ativo
2021-09,ENBR3.SA,Energia,EDP Brasil ON (Deslistada),Ativo
2021-09,AESB3.SA,Energia,AES Brasil ON (Incorporada),Ativo
2021-09,AURE3.SA,Energia,Auren Energia ON,Pre-IPO
2021-09,BBSE3.SA,Seguros,BB Seguridade ON,Ativo
2021-09,PSSA3.SA,Seguros,Porto Seguro ON,Ativo
2021-09,CXSE3.SA,Seguros,Caixa Seguridade ON,Ativo
2021-09,WIZC3.SA,Seguros,Wiz Soluções ON,Ativo
2021-09,SULA11.SA,Seguros,SulAmérica Unit (Incorporada),Ativo
2021-09,SBSP3.SA,Saneamento,Sabesp ON,Ativo
2021-09,SAPR11.SA,Saneamento,Sanepar Unit,Ativo
2021-09,SAPR4.SA,Saneamento,Sanepar PN,Ativo
2021-09,CSMG3.SA,Saneamento,Copasa ON,Ativo
2021-10,ITUB4.SA,Bancos,Itaú Unibanco PN,Ativo
2021-10,BBDC4.SA,Bancos,Bradesco PN,Ativo
2021-10,BBAS3.SA,Bancos,Banco do Brasil ON,Ativo
2021-10,SANB11.SA,Bancos,Santander Brasil Unit,Ativo
2021-10,BPAC11.SA,Bancos,BTG Pactual Unit,Ativo
2021-10,ABCB4.SA,Bancos,Banco ABC Brasil PN,Ativo
2021-10,BRSR6.SA,Bancos,Banrisul PN,Ativo
2021-10,ITSA4.SA,Bancos,Itaúsa PN,Ativo
2021-10,TAEE11.SA,Energia,Taesa Unit,Ativo
2021-10,TRPL4.SA,Energia,ISA CTEEP PN,Ativo
2021-10,EGIE3.SA,Energia,Engie Brasil ON,Ativo
2021-10,CPLE6.SA,Energia,Copel PNB,Ativo
2021-10,ELET3.SA,Energia,Eletrobras ON,Ativo
2021-10,ELET6.SA,Energia,Eletrobras PNB,Ativo
2021-10,EQTL3.SA,Energia,Equatorial Energia ON,Ativo
2021-10,CMIG4.SA,Energia,Cemig PN,Ativo
2021-10,CPFE3.SA,Energia,CPFL Energia ON,Ativo
2021-10,ALUP11.SA,Energia,Alupar Unit,Ativo
2021-10,ENGI11.SA,Energia,Energisa Unit,Ativo
2021-10,ENBR3.SA,Energia,EDP Brasil ON (Deslistada),Ativo
2021-10,AESB3.SA,Energia,AES Brasil ON (Incorporada),Ativo
2021-10,AURE3.SA,Energia,Auren Energia ON,Pre-IPO
2021-10,BBSE3.SA,Seguros,BB Seguridade ON,Ativo
2021-10,PSSA3.SA,Seguros,Porto Seguro ON,Ativo
2021-10,CXSE3.SA,Seguros,Caixa Seguridade ON,Ativo
2021-10,WIZC3.SA,Seguros,Wiz Soluções ON,Ativo
2021-10,SULA11.SA,Seguros,SulAmérica Unit (Incorporada),Ativo
2021-10,SBSP3.SA,Saneamento,Sabesp ON,Ativo
2021-10,SAPR11.SA,Saneamento,Sanepar Unit,Ativo
2021-10,SAPR4.SA,Saneamento,Sanepar PN,Ativo
2021-10,CSMG3.SA,Saneamento,Copasa ON,Ativo
2021-11,ITUB4.SA,Bancos,Itaú Unibanco PN,Ativo
2021-11,BBDC4.SA,Bancos,Bradesco PN,Ativo
2021-11,BBAS3.SA,Bancos,Banco do Brasil ON,Ativo
2021-11,SANB11.SA,Bancos,Santander Brasil Unit,Ativo
2021-11,BPAC11.SA,Bancos,BTG Pactual Unit,Ativo
2021-11,ABCB4.SA,Bancos,Banco ABC Brasil PN,Ativo
2021-11,BRSR6.SA,Bancos,Banrisul PN,Ativo
2021-11,ITSA4.SA,Bancos,Itaúsa PN,Ativo
2021-11,TAEE11.SA,Energia,Taesa Unit,Ativo
2021-11,TRPL4.SA,Energia,ISA CTEEP PN,Ativo
2021-11,EGIE3.SA,Energia,Engie Brasil ON,Ativo
2021-11,CPLE6.SA,Energia,Copel PNB,Ativo
2021-11,ELET3.SA,Energia,Eletrobras ON,Ativo
2021-11,ELET6.SA,Energia,Eletrobras PNB,Ativo
2021-11,EQTL3.SA,Energia,Equatorial Energia ON,Ativo
2021-11,CMIG4.SA,Energia,Cemig PN,Ativo
2021-11,CPFE3.SA,Energia,CPFL Energia ON,Ativo
2021-11,ALUP11.SA,Energia,Alupar Unit,Ativo
2021-11,ENGI11.SA,Energia,Energisa Unit,Ativo
2021-11,ENBR3.SA,Energia,EDP Brasil ON (Deslistada),Ativo
2021-11,AESB3.SA,Energia,AES Brasil ON (Incorporada),Ativo
2021-11,AURE3.SA,Energia,Auren Energia ON,Pre-IPO
2021-11,BBSE3.SA,Seguros,BB Seguridade ON,Ativo
2021-11,PSSA3.SA,Seguros,Porto Seguro ON,Ativo
2021-11,CXSE3.SA,Seguros,Caixa Seguridade ON,Ativo
2021-11,WIZC3.SA,Seguros,Wiz Soluções ON,Ativo
2021-11,SULA11.SA,Seguros,SulAmérica Unit (Incorporada),Ativo
2021-11,SBSP3.SA,Saneamento,Sabesp ON,Ativo
2021-11,SAPR11.SA,Saneamento,Sanepar Unit,Ativo
2021-11,SAPR4.SA,Saneamento,Sanepar PN,Ativo
2021-11,CSMG3.SA,Saneamento,Copasa ON,Ativo
2021-12,ITUB4.SA,Bancos,Itaú Unibanco PN,Ativo
2021-12,BBDC4.SA,Bancos,Bradesco PN,Ativo
2021-12,BBAS3.SA,Bancos,Banco do Brasil ON,Ativo
2021-12,SANB11.SA,Bancos,Santander Brasil Unit,Ativo
2021-12,BPAC11.SA,Bancos,BTG Pactual Unit,Ativo
2021-12,ABCB4.SA,Bancos,Banco ABC Brasil PN,Ativo
2021-12,BRSR6.SA,Bancos,Banrisul PN,Ativo
2021-12,ITSA4.SA,Bancos,Itaúsa PN,Ativo
2021-12,TAEE11.SA,Energia,Taesa Unit,Ativo
2021-12,TRPL4.SA,Energia,ISA CTEEP PN,Ativo
2021-12,EGIE3.SA,Energia,Engie Brasil ON,Ativo
2021-12,CPLE6.SA,Energia,Copel PNB,Ativo
2021-12,ELET3.SA,Energia,Eletrobras ON,Ativo
2021-12,ELET6.SA,Energia,Eletrobras PNB,Ativo
2021-12,EQTL3.SA,Energia,Equatorial Energia ON,Ativo
2021-12,CMIG4.SA,Energia,Cemig PN,Ativo
2021-12,CPFE3.SA,Energia,CPFL Energia ON,Ativo
2021-12,ALUP11.SA,Energia,Alupar Unit,Ativo
2021-12,ENGI11.SA,Energia,Energisa Unit,Ativo
2021-12,ENBR3.SA,Energia,EDP Brasil ON (Deslistada),Ativo
2021-12,AESB3.SA,Energia,AES Brasil ON (Incorporada),Ativo
2021-12,AURE3.SA,Energia,Auren Energia ON,Pre-IPO
2021-12,BBSE3.SA,Seguros,BB Seguridade ON,Ativo
2021-12,PSSA3.SA,Seguros,Porto Seguro ON,Ativo
2021-12,CXSE3.SA,Seguros,Caixa Seguridade ON,Ativo
2021-12,WIZC3.SA,Seguros,Wiz Soluções ON,Ativo
2021-12,SULA11.SA,Seguros,SulAmérica Unit (Incorporada),Ativo
2021-12,SBSP3.SA,Saneamento,Sabesp ON,Ativo
2021-12,SAPR11.SA,Saneamento,Sanepar Unit,Ativo
2021-12,SAPR4.SA,Saneamento,Sanepar PN,Ativo
2021-12,CSMG3.SA,Saneamento,Copasa ON,Ativo
2022-01,ITUB4.SA,Bancos,Itaú Unibanco PN,Ativo
2022-01,BBDC4.SA,Bancos,Bradesco PN,Ativo
2022-01,BBAS3.SA,Bancos,Banco do Brasil ON,Ativo
2022-01,SANB11.SA,Bancos,Santander Brasil Unit,Ativo
2022-01,BPAC11.SA,Bancos,BTG Pactual Unit,Ativo
2022-01,ABCB4.SA,Bancos,Banco ABC Brasil PN,Ativo
2022-01,BRSR6.SA,Bancos,Banrisul PN,Ativo
2022-01,ITSA4.SA,Bancos,Itaúsa PN,Ativo
2022-01,TAEE11.SA,Energia,Taesa Unit,Ativo
2022-01,TRPL4.SA,Energia,ISA CTEEP PN,Ativo
2022-01,EGIE3.SA,Energia,Engie Brasil ON,Ativo
2022-01,CPLE6.SA,Energia,Copel PNB,Ativo
2022-01,ELET3.SA,Energia,Eletrobras ON,Ativo
2022-01,ELET6.SA,Energia,Eletrobras PNB,Ativo
2022-01,EQTL3.SA,Energia,Equatorial Energia ON,Ativo
2022-01,CMIG4.SA,Energia,Cemig PN,Ativo
2022-01,CPFE3.SA,Energia,CPFL Energia ON,Ativo
2022-01,ALUP11.SA,Energia,Alupar Unit,Ativo
2022-01,ENGI11.SA,Energia,Energisa Unit,Ativo
2022-01,ENBR3.SA,Energia,EDP Brasil ON (Deslistada),Ativo
2022-01,AESB3.SA,Energia,AES Brasil ON (Incorporada),Ativo
2022-01,AURE3.SA,Energia,Auren Energia ON,Pre-IPO
2022-01,BBSE3.SA,Seguros,BB Seguridade ON,Ativo
2022-01,PSSA3.SA,Seguros,Porto Seguro ON,Ativo
2022-01,CXSE3.SA,Seguros,Caixa Seguridade ON,Ativo
2022-01,WIZC3.SA,Seguros,Wiz Soluções ON,Ativo
2022-01,SULA11.SA,Seguros,SulAmérica Unit (Incorporada),Ativo
2022-01,SBSP3.SA,Saneamento,Sabesp ON,Ativo
2022-01,SAPR11.SA,Saneamento,Sanepar Unit,Ativo
2022-01,SAPR4.SA,Saneamento,Sanepar PN,Ativo
2022-01,CSMG3.SA,Saneamento,Copasa ON,Ativo
2022-02,ITUB4.SA,Bancos,Itaú Unibanco PN,Ativo
2022-02,BBDC4.SA,Bancos,Bradesco PN,Ativo
2022-02,BBAS3.SA,Bancos,Banco do Brasil ON,Ativo
2022-02,SANB11.SA,Bancos,Santander Brasil Unit,Ativo
2022-02,BPAC11.SA,Bancos,BTG Pactual Unit,Ativo
2022-02,ABCB4.SA,Bancos,Banco ABC Brasil PN,Ativo
2022-02,BRSR6.SA,Bancos,Banrisul PN,Ativo
2022-02,ITSA4.SA,Bancos,Itaúsa PN,Ativo
2022-02,TAEE11.SA,Energia,Taesa Unit,Ativo
2022-02,TRPL4.SA,Energia,ISA CTEEP PN,Ativo
2022-02,EGIE3.SA,Energia,Engie Brasil ON,Ativo
2022-02,CPLE6.SA,Energia,Copel PNB,Ativo
2022-02,ELET3.SA,Energia,Eletrobras ON,Ativo
2022-02,ELET6.SA,Energia,Eletrobras PNB,Ativo
2022-02,EQTL3.SA,Energia,Equatorial Energia ON,Ativo
2022-02,CMIG4.SA,Energia,Cemig PN,Ativo
2022-02,CPFE3.SA,Energia,CPFL Energia ON,Ativo
2022-02,ALUP11.SA,Energia,Alupar Unit,Ativo
2022-02,ENGI11.SA,Energia,Energisa Unit,Ativo
2022-02,ENBR3.SA,Energia,EDP Brasil ON (Deslistada),Ativo
2022-02,AESB3.SA,Energia,AES Brasil ON (Incorporada),Ativo
2022-02,AURE3.SA,Energia,Auren Energia ON,Pre-IPO
2022-02,BBSE3.SA,Seguros,BB Seguridade ON,Ativo
2022-02,PSSA3.SA,Seguros,Porto Seguro ON,Ativo
2022-02,CXSE3.SA,Seguros,Caixa Seguridade ON,Ativo
2022-02,WIZC3.SA,Seguros,Wiz Soluções ON,Ativo
2022-02,SULA11.SA,Seguros,SulAmérica Unit (Incorporada),Ativo
2022-02,SBSP3.SA,Saneamento,Sabesp ON,Ativo
2022-02,SAPR11.SA,Saneamento,Sanepar Unit,Ativo
2022-02,SAPR4.SA,Saneamento,Sanepar PN,Ativo
2022-02,CSMG3.SA,Saneamento,Copasa ON,Ativo
2022-03,ITUB4.SA,Bancos,Itaú Unibanco PN,Ativo
2022-03,BBDC4.SA,Bancos,Bradesco PN,Ativo
2022-03,BBAS3.SA,Bancos,Banco do Brasil ON,Ativo
2022-03,SANB11.SA,Bancos,Santander Brasil Unit,Ativo
2022-03,BPAC11.SA,Bancos,BTG Pactual Unit,Ativo
2022-03,ABCB4.SA,Bancos,Banco ABC Brasil PN,Ativo
2022-03,BRSR6.SA,Bancos,Banrisul PN,Ativo
2022-03,ITSA4.SA,Bancos,Itaúsa PN,Ativo
2022-03,TAEE11.SA,Energia,Taesa Unit,Ativo
2022-03,TRPL4.SA,Energia,ISA CTEEP PN,Ativo
2022-03,EGIE3.SA,Energia,Engie Brasil ON,Ativo
2022-03,CPLE6.SA,Energia,Copel PNB,Ativo
2022-03,ELET3.SA,Energia,Eletrobras ON,Ativo
2022-03,ELET6.SA,Energia,Eletrobras PNB,Ativo
2022-03,EQTL3.SA,Energia,Equatorial Energia ON,Ativo
2022-03,CMIG4.SA,Energia,Cemig PN,Ativo
2022-03,CPFE3.SA,Energia,CPFL Energia ON,Ativo
2022-03,ALUP11.SA,Energia,Alupar Unit,Ativo
2022-03,ENGI11.SA,Energia,Energisa Unit,Ativo
2022-03,ENBR3.SA,Energia,EDP Brasil ON (Deslistada),Ativo
2022-03,AESB3.SA,Energia,AES Brasil ON (Incorporada),Ativo
2022-03,AURE3.SA,Energia,Auren Energia ON,Ativo
2022-03,BBSE3.SA,Seguros,BB Seguridade ON,Ativo
2022-03,PSSA3.SA,Seguros,Porto Seguro ON,Ativo
2022-03,CXSE3.SA,Seguros,Caixa Seguridade ON,Ativo
2022-03,WIZC3.SA,Seguros,Wiz Soluções ON,Ativo
2022-03,SULA11.SA,Seguros,SulAmérica Unit (Incorporada),Ativo
2022-03,SBSP3.SA,Saneamento,Sabesp ON,Ativo
2022-03,SAPR11.SA,Saneamento,Sanepar Unit,Ativo
2022-03,SAPR4.SA,Saneamento,Sanepar PN,Ativo
2022-03,CSMG3.SA,Saneamento,Copasa ON,Ativo
2022-04,ITUB4.SA,Bancos,Itaú Unibanco PN,Ativo
2022-04,BBDC4.SA,Bancos,Bradesco PN,Ativo
2022-04,BBAS3.SA,Bancos,Banco do Brasil ON,Ativo
2022-04,SANB11.SA,Bancos,Santander Brasil Unit,Ativo
2022-04,BPAC11.SA,Bancos,BTG Pactual Unit,Ativo
2022-04,ABCB4.SA,Bancos,Banco ABC Brasil PN,Ativo
2022-04,BRSR6.SA,Bancos,Banrisul PN,Ativo
2022-04,ITSA4.SA,Bancos,Itaúsa PN,Ativo
2022-04,TAEE11.SA,Energia,Taesa Unit,Ativo
2022-04,TRPL4.SA,Energia,ISA CTEEP PN,Ativo
2022-04,EGIE3.SA,Energia,Engie Brasil ON,Ativo
2022-04,CPLE6.SA,Energia,Copel PNB,Ativo
2022-04,ELET3.SA,Energia,Eletrobras ON,Ativo
2022-04,ELET6.SA,Energia,Eletrobras PNB,Ativo
2022-04,EQTL3.SA,Energia,Equatorial Energia ON,Ativo
2022-04,CMIG4.SA,Energia,Cemig PN,Ativo
2022-04,CPFE3.SA,Energia,CPFL Energia ON,Ativo
2022-04,ALUP11.SA,Energia,Alupar Unit,Ativo
2022-04,ENGI11.SA,Energia,Energisa Unit,Ativo
2022-04,ENBR3.SA,Energia,EDP Brasil ON (Deslistada),Ativo
2022-04,AESB3.SA,Energia,AES Brasil ON (Incorporada),Ativo
2022-04,AURE3.SA,Energia,Auren Energia ON,Ativo
2022-04,BBSE3.SA,Seguros,BB Seguridade ON,Ativo
2022-04,PSSA3.SA,Seguros,Porto Seguro ON,Ativo
2022-04,CXSE3.SA,Seguros,Caixa Seguridade ON,Ativo
2022-04,WIZC3.SA,Seguros,Wiz Soluções ON,Ativo
2022-04,SULA11.SA,Seguros,SulAmérica Unit (Incorporada),Ativo
2022-04,SBSP3.SA,Saneamento,Sabesp ON,Ativo
2022-04,SAPR11.SA,Saneamento,Sanepar Unit,Ativo
2022-04,SAPR4.SA,Saneamento,Sanepar PN,Ativo
2022-04,CSMG3.SA,Saneamento,Copasa ON,Ativo
2022-05,ITUB4.SA,Bancos,Itaú Unibanco PN,Ativo
2022-05,BBDC4.SA,Bancos,Bradesco PN,Ativo
2022-05,BBAS3.SA,Bancos,Banco do Brasil ON,Ativo
2022-05,SANB11.SA,Bancos,Santander Brasil Unit,Ativo
2022-05,BPAC11.SA,Bancos,BTG Pactual Unit,Ativo
2022-05,ABCB4.SA,Bancos,Banco ABC Brasil PN,Ativo
2022-05,BRSR6.SA,Bancos,Banrisul PN,Ativo
2022-05,ITSA4.SA,Bancos,Itaúsa PN,Ativo
2022-05,TAEE11.SA,Energia,Taesa Unit,Ativo
2022-05,TRPL4.SA,Energia,ISA CTEEP PN,Ativo
2022-05,EGIE3.SA,Energia,Engie Brasil ON,Ativo
2022-05,CPLE6.SA,Energia,Copel PNB,Ativo
2022-05,ELET3.SA,Energia,Eletrobras ON,Ativo
2022-05,ELET6.SA,Energia,Eletrobras PNB,Ativo
2022-05,EQTL3.SA,Energia,Equatorial Energia ON,Ativo
2022-05,CMIG4.SA,Energia,Cemig PN,Ativo
2022-05,CPFE3.SA,Energia,CPFL Energia ON,Ativo
2022-05,ALUP11.SA,Energia,Alupar Unit,Ativo
2022-05,ENGI11.SA,Energia,Energisa Unit,Ativo
2022-05,ENBR3.SA,Energia,EDP Brasil ON (Deslistada),Ativo
2022-05,AESB3.SA,Energia,AES Brasil ON (Incorporada),Ativo
2022-05,AURE3.SA,Energia,Auren Energia ON,Ativo
2022-05,BBSE3.SA,Seguros,BB Seguridade ON,Ativo
2022-05,PSSA3.SA,Seguros,Porto Seguro ON,Ativo
2022-05,CXSE3.SA,Seguros,Caixa Seguridade ON,Ativo
2022-05,WIZC3.SA,Seguros,Wiz Soluções ON,Ativo
2022-05,SULA11.SA,Seguros,SulAmérica Unit (Incorporada),Ativo
2022-05,SBSP3.SA,Saneamento,Sabesp ON,Ativo
2022-05,SAPR11.SA,Saneamento,Sanepar Unit,Ativo
2022-05,SAPR4.SA,Saneamento,Sanepar PN,Ativo
2022-05,CSMG3.SA,Saneamento,Copasa ON,Ativo
2022-06,ITUB4.SA,Bancos,Itaú Unibanco PN,Ativo
2022-06,BBDC4.SA,Bancos,Bradesco PN,Ativo
2022-06,BBAS3.SA,Bancos,Banco do Brasil ON,Ativo
2022-06,SANB11.SA,Bancos,Santander Brasil Unit,Ativo
2022-06,BPAC11.SA,Bancos,BTG Pactual Unit,Ativo
2022-06,ABCB4.SA,Bancos,Banco ABC Brasil PN,Ativo
2022-06,BRSR6.SA,Bancos,Banrisul PN,Ativo
2022-06,ITSA4.SA,Bancos,Itaúsa PN,Ativo
2022-06,TAEE11.SA,Energia,Taesa Unit,Ativo
2022-06,TRPL4.SA,Energia,ISA CTEEP PN,Ativo
2022-06,EGIE3.SA,Energia,Engie Brasil ON,Ativo
2022-06,CPLE6.SA,Energia,Copel PNB,Ativo
2022-06,ELET3.SA,Energia,Eletrobras ON,Ativo
2022-06,ELET6.SA,Energia,Eletrobras PNB,Ativo
2022-06,EQTL3.SA,Energia,Equatorial Energia ON,Ativo
2022-06,CMIG4.SA,Energia,Cemig PN,Ativo
2022-06,CPFE3.SA,Energia,CPFL Energia ON,Ativo
2022-06,ALUP11.SA,Energia,Alupar Unit,Ativo
2022-06,ENGI11.SA,Energia,Energisa Unit,Ativo
2022-06,ENBR3.SA,Energia,EDP Brasil ON (Deslistada),Ativo
2022-06,AESB3.SA,Energia,AES Brasil ON (Incorporada),Ativo
2022-06,AURE3.SA,Energia,Auren Energia ON,Ativo
2022-06,BBSE3.SA,Seguros,BB Seguridade ON,Ativo
2022-06,PSSA3.SA,Seguros,Porto Seguro ON,Ativo
2022-06,CXSE3.SA,Seguros,Caixa Seguridade ON,Ativo
2022-06,WIZC3.SA,Seguros,Wiz Soluções ON,Ativo
2022-06,SULA11.SA,Seguros,SulAmérica Unit (Incorporada),Ativo
2022-06,SBSP3.SA,Saneamento,Sabesp ON,Ativo
2022-06,SAPR11.SA,Saneamento,Sanepar Unit,Ativo
2022-06,SAPR4.SA,Saneamento,Sanepar PN,Ativo
2022-06,CSMG3.SA,Saneamento,Copasa ON,Ativo
2022-07,ITUB4.SA,Bancos,Itaú Unibanco PN,Ativo
2022-07,BBDC4.SA,Bancos,Bradesco PN,Ativo
2022-07,BBAS3.SA,Bancos,Banco do Brasil ON,Ativo
2022-07,SANB11.SA,Bancos,Santander Brasil Unit,Ativo
2022-07,BPAC11.SA,Bancos,BTG Pactual Unit,Ativo
2022-07,ABCB4.SA,Bancos,Banco ABC Brasil PN,Ativo
2022-07,BRSR6.SA,Bancos,Banrisul PN,Ativo
2022-07,ITSA4.SA,Bancos,Itaúsa PN,Ativo
2022-07,TAEE11.SA,Energia,Taesa Unit,Ativo
2022-07,TRPL4.SA,Energia,ISA CTEEP PN,Ativo
2022-07,EGIE3.SA,Energia,Engie Brasil ON,Ativo
2022-07,CPLE6.SA,Energia,Copel PNB,Ativo
2022-07,ELET3.SA,Energia,Eletrobras ON,Ativo
2022-07,ELET6.SA,Energia,Eletrobras PNB,Ativo
2022-07,EQTL3.SA,Energia,Equatorial Energia ON,Ativo
2022-07,CMIG4.SA,Energia,Cemig PN,Ativo
2022-07,CPFE3.SA,Energia,CPFL Energia ON,Ativo
2022-07,ALUP11.SA,Energia,Alupar Unit,Ativo
2022-07,ENGI11.SA,Energia,Energisa Unit,Ativo
2022-07,ENBR3.SA,Energia,EDP Brasil ON (Deslistada),Ativo
2022-07,AESB3.SA,Energia,AES Brasil ON (Incorporada),Ativo
2022-07,AURE3.SA,Energia,Auren Energia ON,Ativo
2022-07,BBSE3.SA,Seguros,BB Seguridade ON,Ativo
2022-07,PSSA3.SA,Seguros,Porto Seguro ON,Ativo
2022-07,CXSE3.SA,Seguros,Caixa Seguridade ON,Ativo
2022-07,WIZC3.SA,Seguros,Wiz Soluções ON,Ativo
2022-07,SULA11.SA,Seguros,SulAmérica Unit (Incorporada),Ativo
2022-07,SBSP3.SA,Saneamento,Sabesp ON,Ativo
2022-07,SAPR11.SA,Saneamento,Sanepar Unit,Ativo
2022-07,SAPR4.SA,Saneamento,Sanepar PN,Ativo
2022-07,CSMG3.SA,Saneamento,Copasa ON,Ativo
2022-08,ITUB4.SA,Bancos,Itaú Unibanco PN,Ativo
2022-08,BBDC4.SA,Bancos,Bradesco PN,Ativo
2022-08,BBAS3.SA,Bancos,Banco do Brasil ON,Ativo
2022-08,SANB11.SA,Bancos,Santander Brasil Unit,Ativo
2022-08,BPAC11.SA,Bancos,BTG Pactual Unit,Ativo
2022-08,ABCB4.SA,Bancos,Banco ABC Brasil PN,Ativo
2022-08,BRSR6.SA,Bancos,Banrisul PN,Ativo
2022-08,ITSA4.SA,Bancos,Itaúsa PN,Ativo
2022-08,TAEE11.SA,Energia,Taesa Unit,Ativo
2022-08,TRPL4.SA,Energia,ISA CTEEP PN,Ativo
2022-08,EGIE3.SA,Energia,Engie Brasil ON,Ativo
2022-08,CPLE6.SA,Energia,Copel PNB,Ativo
2022-08,ELET3.SA,Energia,Eletrobras ON,Ativo
2022-08,ELET6.SA,Energia,Eletrobras PNB,Ativo
2022-08,EQTL3.SA,Energia,Equatorial Energia ON,Ativo
2022-08,CMIG4.SA,Energia,Cemig PN,Ativo
2022-08,CPFE3.SA,Energia,CPFL Energia ON,Ativo
2022-08,ALUP11.SA,Energia,Alupar Unit,Ativo
2022-08,ENGI11.SA,Energia,Energisa Unit,Ativo
2022-08,ENBR3.SA,Energia,EDP Brasil ON (Deslistada),Ativo
2022-08,AESB3.SA,Energia,AES Brasil ON (Incorporada),Ativo
2022-08,AURE3.SA,Energia,Auren Energia ON,Ativo
2022-08,BBSE3.SA,Seguros,BB Seguridade ON,Ativo
2022-08,PSSA3.SA,Seguros,Porto Seguro ON,Ativo
2022-08,CXSE3.SA,Seguros,Caixa Seguridade ON,Ativo
2022-08,WIZC3.SA,Seguros,Wiz Soluções ON,Ativo
2022-08,SULA11.SA,Seguros,SulAmérica Unit (Incorporada),Ativo
2022-08,SBSP3.SA,Saneamento,Sabesp ON,Ativo
2022-08,SAPR11.SA,Saneamento,Sanepar Unit,Ativo
2022-08,SAPR4.SA,Saneamento,Sanepar PN,Ativo
2022-08,CSMG3.SA,Saneamento,Copasa ON,Ativo
2022-09,ITUB4.SA,Bancos,Itaú Unibanco PN,Ativo
2022-09,BBDC4.SA,Bancos,Bradesco PN,Ativo
2022-09,BBAS3.SA,Bancos,Banco do Brasil ON,Ativo
2022-09,SANB11.SA,Bancos,Santander Brasil Unit,Ativo
2022-09,BPAC11.SA,Bancos,BTG Pactual Unit,Ativo
2022-09,ABCB4.SA,Bancos,Banco ABC Brasil PN,Ativo
2022-09,BRSR6.SA,Bancos,Banrisul PN,Ativo
2022-09,ITSA4.SA,Bancos,Itaúsa PN,Ativo
2022-09,TAEE11.SA,Energia,Taesa Unit,Ativo
2022-09,TRPL4.SA,Energia,ISA CTEEP PN,Ativo
2022-09,EGIE3.SA,Energia,Engie Brasil ON,Ativo
2022-09,CPLE6.SA,Energia,Copel PNB,Ativo
2022-09,ELET3.SA,Energia,Eletrobras ON,Ativo
2022-09,ELET6.SA,Energia,Eletrobras PNB,Ativo
2022-09,EQTL3.SA,Energia,Equatorial Energia ON,Ativo
2022-09,CMIG4.SA,Energia,Cemig PN,Ativo
2022-09,CPFE3.SA,Energia,CPFL Energia ON,Ativo
2022-09,ALUP11.SA,Energia,Alupar Unit,Ativo
2022-09,ENGI11.SA,Energia,Energisa Unit,Ativo
2022-09,ENBR3.SA,Energia,EDP Brasil ON (Deslistada),Ativo
2022-09,AESB3.SA,Energia,AES Brasil ON (Incorporada),Ativo
2022-09,AURE3.SA,Energia,Auren Energia ON,Ativo
2022-09,BBSE3.SA,Seguros,BB Seguridade ON,Ativo
2022-09,PSSA3.SA,Seguros,Porto Seguro ON,Ativo
2022-09,CXSE3.SA,Seguros,Caixa Seguridade ON,Ativo
2022-09,WIZC3.SA,Seguros,Wiz Soluções ON,Ativo
2022-09,SULA11.SA,Seguros,SulAmérica Unit (Incorporada),Ativo
2022-09,SBSP3.SA,Saneamento,Sabesp ON,Ativo
2022-09,SAPR11.SA,Saneamento,Sanepar Unit,Ativo
2022-09,SAPR4.SA,Saneamento,Sanepar PN,Ativo
2022-09,CSMG3.SA,Saneamento,Copasa ON,Ativo
2022-10,ITUB4.SA,Bancos,Itaú Unibanco PN,Ativo
2022-10,BBDC4.SA,Bancos,Bradesco PN,Ativo
2022-10,BBAS3.SA,Bancos,Banco do Brasil ON,Ativo
2022-10,SANB11.SA,Bancos,Santander Brasil Unit,Ativo
2022-10,BPAC11.SA,Bancos,BTG Pactual Unit,Ativo
2022-10,ABCB4.SA,Bancos,Banco ABC Brasil PN,Ativo
2022-10,BRSR6.SA,Bancos,Banrisul PN,Ativo
2022-10,ITSA4.SA,Bancos,Itaúsa PN,Ativo
2022-10,TAEE11.SA,Energia,Taesa Unit,Ativo
2022-10,TRPL4.SA,Energia,ISA CTEEP PN,Ativo
2022-10,EGIE3.SA,Energia,Engie Brasil ON,Ativo
2022-10,CPLE6.SA,Energia,Copel PNB,Ativo
2022-10,ELET3.SA,Energia,Eletrobras ON,Ativo
2022-10,ELET6.SA,Energia,Eletrobras PNB,Ativo
2022-10,EQTL3.SA,Energia,Equatorial Energia ON,Ativo
2022-10,CMIG4.SA,Energia,Cemig PN,Ativo
2022-10,CPFE3.SA,Energia,CPFL Energia ON,Ativo
2022-10,ALUP11.SA,Energia,Alupar Unit,Ativo
2022-10,ENGI11.SA,Energia,Energisa Unit,Ativo
2022-10,ENBR3.SA,Energia,EDP Brasil ON (Deslistada),Ativo
2022-10,AESB3.SA,Energia,AES Brasil ON (Incorporada),Ativo
2022-10,AURE3.SA,Energia,Auren Energia ON,Ativo
2022-10,BBSE3.SA,Seguros,BB Seguridade ON,Ativo
2022-10,PSSA3.SA,Seguros,Porto Seguro ON,Ativo
2022-10,CXSE3.SA,Seguros,Caixa Seguridade ON,Ativo
2022-10,WIZC3.SA,Seguros,Wiz Soluções ON,Ativo
2022-10,SULA11.SA,Seguros,SulAmérica Unit (Incorporada),Ativo
2022-10,SBSP3.SA,Saneamento,Sabesp ON,Ativo
2022-10,SAPR11.SA,Saneamento,Sanepar Unit,Ativo
2022-10,SAPR4.SA,Saneamento,Sanepar PN,Ativo
2022-10,CSMG3.SA,Saneamento,Copasa ON,Ativo
2022-11,ITUB4.SA,Bancos,Itaú Unibanco PN,Ativo
2022-11,BBDC4.SA,Bancos,Bradesco PN,Ativo
2022-11,BBAS3.SA,Bancos,Banco do Brasil ON,Ativo
2022-11,SANB11.SA,Bancos,Santander Brasil Unit,Ativo
2022-11,BPAC11.SA,Bancos,BTG Pactual Unit,Ativo
2022-11,ABCB4.SA,Bancos,Banco ABC Brasil PN,Ativo
2022-11,BRSR6.SA,Bancos,Banrisul PN,Ativo
2022-11,ITSA4.SA,Bancos,Itaúsa PN,Ativo
2022-11,TAEE11.SA,Energia,Taesa Unit,Ativo
2022-11,TRPL4.SA,Energia,ISA CTEEP PN,Ativo
2022-11,EGIE3.SA,Energia,Engie Brasil ON,Ativo
2022-11,CPLE6.SA,Energia,Copel PNB,Ativo
2022-11,ELET3.SA,Energia,Eletrobras ON,Ativo
2022-11,ELET6.SA,Energia,Eletrobras PNB,Ativo
2022-11,EQTL3.SA,Energia,Equatorial Energia ON,Ativo
2022-11,CMIG4.SA,Energia,Cemig PN,Ativo
2022-11,CPFE3.SA,Energia,CPFL Energia ON,Ativo
2022-11,ALUP11.SA,Energia,Alupar Unit,Ativo
2022-11,ENGI11.SA,Energia,Energisa Unit,Ativo
2022-11,ENBR3.SA,Energia,EDP Brasil ON (Deslistada),Ativo
2022-11,AESB3.SA,Energia,AES Brasil ON (Incorporada),Ativo
2022-11,AURE3.SA,Energia,Auren Energia ON,Ativo
2022-11,BBSE3.SA,Seguros,BB Seguridade ON,Ativo
2022-11,PSSA3.SA,Seguros,Porto Seguro ON,Ativo
2022-11,CXSE3.SA,Seguros,Caixa Seguridade ON,Ativo
2022-11,WIZC3.SA,Seguros,Wiz Soluções ON,Ativo
2022-11,SULA11.SA,Seguros,SulAmérica Unit (Incorporada),Ativo
2022-11,SBSP3.SA,Saneamento,Sabesp ON,Ativo
2022-11,SAPR11.SA,Saneamento,Sanepar Unit,Ativo
2022-11,SAPR4.SA,Saneamento,Sanepar PN,Ativo
2022-11,CSMG3.SA,Saneamento,Copasa ON,Ativo
2022-12,ITUB4.SA,Bancos,Itaú Unibanco PN,Ativo
2022-12,BBDC4.SA,Bancos,Bradesco PN,Ativo
2022-12,BBAS3.SA,Bancos,Banco do Brasil ON,Ativo
2022-12,SANB11.SA,Bancos,Santander Brasil Unit,Ativo
2022-12,BPAC11.SA,Bancos,BTG Pactual Unit,Ativo
2022-12,ABCB4.SA,Bancos,Banco ABC Brasil PN,Ativo
2022-12,BRSR6.SA,Bancos,Banrisul PN,Ativo
2022-12,ITSA4.SA,Bancos,Itaúsa PN,Ativo
2022-12,TAEE11.SA,Energia,Taesa Unit,Ativo
2022-12,TRPL4.SA,Energia,ISA CTEEP PN,Ativo
2022-12,EGIE3.SA,Energia,Engie Brasil ON,Ativo
2022-12,CPLE6.SA,Energia,Copel PNB,Ativo
2022-12,ELET3.SA,Energia,Eletrobras ON,Ativo
2022-12,ELET6.SA,Energia,Eletrobras PNB,Ativo
2022-12,EQTL3.SA,Energia,Equatorial Energia ON,Ativo
2022-12,CMIG4.SA,Energia,Cemig PN,Ativo
2022-12,CPFE3.SA,Energia,CPFL Energia ON,Ativo
2022-12,ALUP11.SA,Energia,Alupar Unit,Ativo
2022-12,ENGI11.SA,Energia,Energisa Unit,Ativo
2022-12,ENBR3.SA,Energia,EDP Brasil ON (Deslistada),Ativo
2022-12,AESB3.SA,Energia,AES Brasil ON (Incorporada),Ativo
2022-12,AURE3.SA,Energia,Auren Energia ON,Ativo
2022-12,BBSE3.SA,Seguros,BB Seguridade ON,Ativo
2022-12,PSSA3.SA,Seguros,Porto Seguro ON,Ativo
2022-12,CXSE3.SA,Seguros,Caixa Seguridade ON,Ativo
2022-12,WIZC3.SA,Seguros,Wiz Soluções ON,Ativo
2022-12,SULA11.SA,Seguros,SulAmérica Unit (Incorporada),Deslistado/Incorporado
2022-12,SBSP3.SA,Saneamento,Sabesp ON,Ativo
2022-12,SAPR11.SA,Saneamento,Sanepar Unit,Ativo
2022-12,SAPR4.SA,Saneamento,Sanepar PN,Ativo
2022-12,CSMG3.SA,Saneamento,Copasa ON,Ativo
2023-01,ITUB4.SA,Bancos,Itaú Unibanco PN,Ativo
2023-01,BBDC4.SA,Bancos,Bradesco PN,Ativo
2023-01,BBAS3.SA,Bancos,Banco do Brasil ON,Ativo
2023-01,SANB11.SA,Bancos,Santander Brasil Unit,Ativo
2023-01,BPAC11.SA,Bancos,BTG Pactual Unit,Ativo
2023-01,ABCB4.SA,Bancos,Banco ABC Brasil PN,Ativo
2023-01,BRSR6.SA,Bancos,Banrisul PN,Ativo
2023-01,ITSA4.SA,Bancos,Itaúsa PN,Ativo
2023-01,TAEE11.SA,Energia,Taesa Unit,Ativo
2023-01,TRPL4.SA,Energia,ISA CTEEP PN,Ativo
2023-01,EGIE3.SA,Energia,Engie Brasil ON,Ativo
2023-01,CPLE6.SA,Energia,Copel PNB,Ativo
2023-01,ELET3.SA,Energia,Eletrobras ON,Ativo
2023-01,ELET6.SA,Energia,Eletrobras PNB,Ativo
2023-01,EQTL3.SA,Energia,Equatorial Energia ON,Ativo
2023-01,CMIG4.SA,Energia,Cemig PN,Ativo
2023-01,CPFE3.SA,Energia,CPFL Energia ON,Ativo
2023-01,ALUP11.SA,Energia,Alupar Unit,Ativo
2023-01,ENGI11.SA,Energia,Energisa Unit,Ativo
2023-01,ENBR3.SA,Energia,EDP Brasil ON (Deslistada),Ativo
2023-01,AESB3.SA,Energia,AES Brasil ON (Incorporada),Ativo
2023-01,AURE3.SA,Energia,Auren Energia ON,Ativo
2023-01,BBSE3.SA,Seguros,BB Seguridade ON,Ativo
2023-01,PSSA3.SA,Seguros,Porto Seguro ON,Ativo
2023-01,CXSE3.SA,Seguros,Caixa Seguridade ON,Ativo
2023-01,WIZC3.SA,Seguros,Wiz Soluções ON,Ativo
2023-01,SULA11.SA,Seguros,SulAmérica Unit (Incorporada),Deslistado/Incorporado
2023-01,SBSP3.SA,Saneamento,Sabesp ON,Ativo
2023-01,SAPR11.SA,Saneamento,Sanepar Unit,Ativo
2023-01,SAPR4.SA,Saneamento,Sanepar PN,Ativo
2023-01,CSMG3.SA,Saneamento,Copasa ON,Ativo
2023-02,ITUB4.SA,Bancos,Itaú Unibanco PN,Ativo
2023-02,BBDC4.SA,Bancos,Bradesco PN,Ativo
2023-02,BBAS3.SA,Bancos,Banco do Brasil ON,Ativo
2023-02,SANB11.SA,Bancos,Santander Brasil Unit,Ativo
2023-02,BPAC11.SA,Bancos,BTG Pactual Unit,Ativo
2023-02,ABCB4.SA,Bancos,Banco ABC Brasil PN,Ativo
2023-02,BRSR6.SA,Bancos,Banrisul PN,Ativo
2023-02,ITSA4.SA,Bancos,Itaúsa PN,Ativo
2023-02,TAEE11.SA,Energia,Taesa Unit,Ativo
2023-02,TRPL4.SA,Energia,ISA CTEEP PN,Ativo
2023-02,EGIE3.SA,Energia,Engie Brasil ON,Ativo
2023-02,CPLE6.SA,Energia,Copel PNB,Ativo
2023-02,ELET3.SA,Energia,Eletrobras ON,Ativo
2023-02,ELET6.SA,Energia,Eletrobras PNB,Ativo
2023-02,EQTL3.SA,Energia,Equatorial Energia ON,Ativo
2023-02,CMIG4.SA,Energia,Cemig PN,Ativo
2023-02,CPFE3.SA,Energia,CPFL Energia ON,Ativo
2023-02,ALUP11.SA,Energia,Alupar Unit,Ativo
2023-02,ENGI11.SA,Energia,Energisa Unit,Ativo
2023-02,ENBR3.SA,Energia,EDP Brasil ON (Deslistada),Ativo
2023-02,AESB3.SA,Energia,AES Brasil ON (Incorporada),Ativo
2023-02,AURE3.SA,Energia,Auren Energia ON,Ativo
2023-02,BBSE3.SA,Seguros,BB Seguridade ON,Ativo
2023-02,PSSA3.SA,Seguros,Porto Seguro ON,Ativo
2023-02,CXSE3.SA,Seguros,Caixa Seguridade ON,Ativo
2023-02,WIZC3.SA,Seguros,Wiz Soluções ON,Ativo
2023-02,SULA11.SA,Seguros,SulAmérica Unit (Incorporada),Deslistado/Incorporado
2023-02,SBSP3.SA,Saneamento,Sabesp ON,Ativo
2023-02,SAPR11.SA,Saneamento,Sanepar Unit,Ativo
2023-02,SAPR4.SA,Saneamento,Sanepar PN,Ativo
2023-02,CSMG3.SA,Saneamento,Copasa ON,Ativo
2023-03,ITUB4.SA,Bancos,Itaú Unibanco PN,Ativo
2023-03,BBDC4.SA,Bancos,Bradesco PN,Ativo
2023-03,BBAS3.SA,Bancos,Banco do Brasil ON,Ativo
2023-03,SANB11.SA,Bancos,Santander Brasil Unit,Ativo
2023-03,BPAC11.SA,Bancos,BTG Pactual Unit,Ativo
2023-03,ABCB4.SA,Bancos,Banco ABC Brasil PN,Ativo
2023-03,BRSR6.SA,Bancos,Banrisul PN,Ativo
2023-03,ITSA4.SA,Bancos,Itaúsa PN,Ativo
2023-03,TAEE11.SA,Energia,Taesa Unit,Ativo
2023-03,TRPL4.SA,Energia,ISA CTEEP PN,Ativo
2023-03,EGIE3.SA,Energia,Engie Brasil ON,Ativo
2023-03,CPLE6.SA,Energia,Copel PNB,Ativo
2023-03,ELET3.SA,Energia,Eletrobras ON,Ativo
2023-03,ELET6.SA,Energia,Eletrobras PNB,Ativo
2023-03,EQTL3.SA,Energia,Equatorial Energia ON,Ativo
2023-03,CMIG4.SA,Energia,Cemig PN,Ativo
2023-03,CPFE3.SA,Energia,CPFL Energia ON,Ativo
2023-03,ALUP11.SA,Energia,Alupar Unit,Ativo
2023-03,ENGI11.SA,Energia,Energisa Unit,Ativo
2023-03,ENBR3.SA,Energia,EDP Brasil ON (Deslistada),Ativo
2023-03,AESB3.SA,Energia,AES Brasil ON (Incorporada),Ativo
2023-03,AURE3.SA,Energia,Auren Energia ON,Ativo
2023-03,BBSE3.SA,Seguros,BB Seguridade ON,Ativo
2023-03,PSSA3.SA,Seguros,Porto Seguro ON,Ativo
2023-03,CXSE3.SA,Seguros,Caixa Seguridade ON,Ativo
2023-03,WIZC3.SA,Seguros,Wiz Soluções ON,Ativo
2023-03,SULA11.SA,Seguros,SulAmérica Unit (Incorporada),Deslistado/Incorporado
2023-03,SBSP3.SA,Saneamento,Sabesp ON,Ativo
2023-03,SAPR11.SA,Saneamento,Sanepar Unit,Ativo
2023-03,SAPR4.SA,Saneamento,Sanepar PN,Ativo
2023-03,CSMG3.SA,Saneamento,Copasa ON,Ativo
2023-04,ITUB4.SA,Bancos,Itaú Unibanco PN,Ativo
2023-04,BBDC4.SA,Bancos,Bradesco PN,Ativo
2023-04,BBAS3.SA,Bancos,Banco do Brasil ON,Ativo
2023-04,SANB11.SA,Bancos,Santander Brasil Unit,Ativo
2023-04,BPAC11.SA,Bancos,BTG Pactual Unit,Ativo
2023-04,ABCB4.SA,Bancos,Banco ABC Brasil PN,Ativo
2023-04,BRSR6.SA,Bancos,Banrisul PN,Ativo
2023-04,ITSA4.SA,Bancos,Itaúsa PN,Ativo
2023-04,TAEE11.SA,Energia,Taesa Unit,Ativo
2023-04,TRPL4.SA,Energia,ISA CTEEP PN,Ativo
2023-04,EGIE3.SA,Energia,Engie Brasil ON,Ativo
2023-04,CPLE6.SA,Energia,Copel PNB,Ativo
2023-04,ELET3.SA,Energia,Eletrobras ON,Ativo
2023-04,ELET6.SA,Energia,Eletrobras PNB,Ativo
2023-04,EQTL3.SA,Energia,Equatorial Energia ON,Ativo
2023-04,CMIG4.SA,Energia,Cemig PN,Ativo
2023-04,CPFE3.SA,Energia,CPFL Energia ON,Ativo
2023-04,ALUP11.SA,Energia,Alupar Unit,Ativo
2023-04,ENGI11.SA,Energia,Energisa Unit,Ativo
2023-04,ENBR3.SA,Energia,EDP Brasil ON (Deslistada),Ativo
2023-04,AESB3.SA,Energia,AES Brasil ON (Incorporada),Ativo
2023-04,AURE3.SA,Energia,Auren Energia ON,Ativo
2023-04,BBSE3.SA,Seguros,BB Seguridade ON,Ativo
2023-04,PSSA3.SA,Seguros,Porto Seguro ON,Ativo
2023-04,CXSE3.SA,Seguros,Caixa Seguridade ON,Ativo
2023-04,WIZC3.SA,Seguros,Wiz Soluções ON,Ativo
2023-04,SULA11.SA,Seguros,SulAmérica Unit (Incorporada),Deslistado/Incorporado
2023-04,SBSP3.SA,Saneamento,Sabesp ON,Ativo
2023-04,SAPR11.SA,Saneamento,Sanepar Unit,Ativo
2023-04,SAPR4.SA,Saneamento,Sanepar PN,Ativo
2023-04,CSMG3.SA,Saneamento,Copasa ON,Ativo
2023-05,ITUB4.SA,Bancos,Itaú Unibanco PN,Ativo
2023-05,BBDC4.SA,Bancos,Bradesco PN,Ativo
2023-05,BBAS3.SA,Bancos,Banco do Brasil ON,Ativo
2023-05,SANB11.SA,Bancos,Santander Brasil Unit,Ativo
2023-05,BPAC11.SA,Bancos,BTG Pactual Unit,Ativo
2023-05,ABCB4.SA,Bancos,Banco ABC Brasil PN,Ativo
2023-05,BRSR6.SA,Bancos,Banrisul PN,Ativo
2023-05,ITSA4.SA,Bancos,Itaúsa PN,Ativo
2023-05,TAEE11.SA,Energia,Taesa Unit,Ativo
2023-05,TRPL4.SA,Energia,ISA CTEEP PN,Ativo
2023-05,EGIE3.SA,Energia,Engie Brasil ON,Ativo
2023-05,CPLE6.SA,Energia,Copel PNB,Ativo
2023-05,ELET3.SA,Energia,Eletrobras ON,Ativo
2023-05,ELET6.SA,Energia,Eletrobras PNB,Ativo
2023-05,EQTL3.SA,Energia,Equatorial Energia ON,Ativo
2023-05,CMIG4.SA,Energia,Cemig PN,Ativo
2023-05,CPFE3.SA,Energia,CPFL Energia ON,Ativo
2023-05,ALUP11.SA,Energia,Alupar Unit,Ativo
2023-05,ENGI11.SA,Energia,Energisa Unit,Ativo
2023-05,ENBR3.SA,Energia,EDP Brasil ON (Deslistada),Ativo
2023-05,AESB3.SA,Energia,AES Brasil ON (Incorporada),Ativo
2023-05,AURE3.SA,Energia,Auren Energia ON,Ativo
2023-05,BBSE3.SA,Seguros,BB Seguridade ON,Ativo
2023-05,PSSA3.SA,Seguros,Porto Seguro ON,Ativo
2023-05,CXSE3.SA,Seguros,Caixa Seguridade ON,Ativo
2023-05,WIZC3.SA,Seguros,Wiz Soluções ON,Ativo
2023-05,SULA11.SA,Seguros,SulAmérica Unit (Incorporada),Deslistado/Incorporado
2023-05,SBSP3.SA,Saneamento,Sabesp ON,Ativo
2023-05,SAPR11.SA,Saneamento,Sanepar Unit,Ativo
2023-05,SAPR4.SA,Saneamento,Sanepar PN,Ativo
2023-05,CSMG3.SA,Saneamento,Copasa ON,Ativo
2023-06,ITUB4.SA,Bancos,Itaú Unibanco PN,Ativo
2023-06,BBDC4.SA,Bancos,Bradesco PN,Ativo
2023-06,BBAS3.SA,Bancos,Banco do Brasil ON,Ativo
2023-06,SANB11.SA,Bancos,Santander Brasil Unit,Ativo
2023-06,BPAC11.SA,Bancos,BTG Pactual Unit,Ativo
2023-06,ABCB4.SA,Bancos,Banco ABC Brasil PN,Ativo
2023-06,BRSR6.SA,Bancos,Banrisul PN,Ativo
2023-06,ITSA4.SA,Bancos,Itaúsa PN,Ativo
2023-06,TAEE11.SA,Energia,Taesa Unit,Ativo
2023-06,TRPL4.SA,Energia,ISA CTEEP PN,Ativo
2023-06,EGIE3.SA,Energia,Engie Brasil ON,Ativo
2023-06,CPLE6.SA,Energia,Copel PNB,Ativo
2023-06,ELET3.SA,Energia,Eletrobras ON,Ativo
2023-06,ELET6.SA,Energia,Eletrobras PNB,Ativo
2023-06,EQTL3.SA,Energia,Equatorial Energia ON,Ativo
2023-06,CMIG4.SA,Energia,Cemig PN,Ativo
2023-06,CPFE3.SA,Energia,CPFL Energia ON,Ativo
2023-06,ALUP11.SA,Energia,Alupar Unit,Ativo
2023-06,ENGI11.SA,Energia,Energisa Unit,Ativo
2023-06,ENBR3.SA,Energia,EDP Brasil ON (Deslistada),Ativo
2023-06,AESB3.SA,Energia,AES Brasil ON (Incorporada),Ativo
2023-06,AURE3.SA,Energia,Auren Energia ON,Ativo
2023-06,BBSE3.SA,Seguros,BB Seguridade ON,Ativo
2023-06,PSSA3.SA,Seguros,Porto Seguro ON,Ativo
2023-06,CXSE3.SA,Seguros,Caixa Seguridade ON,Ativo
2023-06,WIZC3.SA,Seguros,Wiz Soluções ON,Ativo
2023-06,SULA11.SA,Seguros,SulAmérica Unit (Incorporada),Deslistado/Incorporado
2023-06,SBSP3.SA,Saneamento,Sabesp ON,Ativo
2023-06,SAPR11.SA,Saneamento,Sanepar Unit,Ativo
2023-06,SAPR4.SA,Saneamento,Sanepar PN,Ativo
2023-06,CSMG3.SA,Saneamento,Copasa ON,Ativo
2023-07,ITUB4.SA,Bancos,Itaú Unibanco PN,Ativo
2023-07,BBDC4.SA,Bancos,Bradesco PN,Ativo
2023-07,BBAS3.SA,Bancos,Banco do Brasil ON,Ativo
2023-07,SANB11.SA,Bancos,Santander Brasil Unit,Ativo
2023-07,BPAC11.SA,Bancos,BTG Pactual Unit,Ativo
2023-07,ABCB4.SA,Bancos,Banco ABC Brasil PN,Ativo
2023-07,BRSR6.SA,Bancos,Banrisul PN,Ativo
2023-07,ITSA4.SA,Bancos,Itaúsa PN,Ativo
2023-07,TAEE11.SA,Energia,Taesa Unit,Ativo
2023-07,TRPL4.SA,Energia,ISA CTEEP PN,Ativo
2023-07,EGIE3.SA,Energia,Engie Brasil ON,Ativo
2023-07,CPLE6.SA,Energia,Copel PNB,Ativo
2023-07,ELET3.SA,Energia,Eletrobras ON,Ativo
2023-07,ELET6.SA,Energia,Eletrobras PNB,Ativo
2023-07,EQTL3.SA,Energia,Equatorial Energia ON,Ativo
2023-07,CMIG4.SA,Energia,Cemig PN,Ativo
2023-07,CPFE3.SA,Energia,CPFL Energia ON,Ativo
2023-07,ALUP11.SA,Energia,Alupar Unit,Ativo
2023-07,ENGI11.SA,Energia,Energisa Unit,Ativo
2023-07,ENBR3.SA,Energia,EDP Brasil ON (Deslistada),Ativo
2023-07,AESB3.SA,Energia,AES Brasil ON (Incorporada),Ativo
2023-07,AURE3.SA,Energia,Auren Energia ON,Ativo
2023-07,BBSE3.SA,Seguros,BB Seguridade ON,Ativo
2023-07,PSSA3.SA,Seguros,Porto Seguro ON,Ativo
2023-07,CXSE3.SA,Seguros,Caixa Seguridade ON,Ativo
2023-07,WIZC3.SA,Seguros,Wiz Soluções ON,Ativo
2023-07,SULA11.SA,Seguros,SulAmérica Unit (Incorporada),Deslistado/Incorporado
2023-07,SBSP3.SA,Saneamento,Sabesp ON,Ativo
2023-07,SAPR11.SA,Saneamento,Sanepar Unit,Ativo
2023-07,SAPR4.SA,Saneamento,Sanepar PN,Ativo
2023-07,CSMG3.SA,Saneamento,Copasa ON,Ativo
2023-08,ITUB4.SA,Bancos,Itaú Unibanco PN,Ativo
2023-08,BBDC4.SA,Bancos,Bradesco PN,Ativo
2023-08,BBAS3.SA,Bancos,Banco do Brasil ON,Ativo
2023-08,SANB11.SA,Bancos,Santander Brasil Unit,Ativo
2023-08,BPAC11.SA,Bancos,BTG Pactual Unit,Ativo
2023-08,ABCB4.SA,Bancos,Banco ABC Brasil PN,Ativo
2023-08,BRSR6.SA,Bancos,Banrisul PN,Ativo
2023-08,ITSA4.SA,Bancos,Itaúsa PN,Ativo
2023-08,TAEE11.SA,Energia,Taesa Unit,Ativo
2023-08,TRPL4.SA,Energia,ISA CTEEP PN,Ativo
2023-08,EGIE3.SA,Energia,Engie Brasil ON,Ativo
2023-08,CPLE6.SA,Energia,Copel PNB,Ativo
2023-08,ELET3.SA,Energia,Eletrobras ON,Ativo
2023-08,ELET6.SA,Energia,Eletrobras PNB,Ativo
2023-08,EQTL3.SA,Energia,Equatorial Energia ON,Ativo
2023-08,CMIG4.SA,Energia,Cemig PN,Ativo
2023-08,CPFE3.SA,Energia,CPFL Energia ON,Ativo
2023-08,ALUP11.SA,Energia,Alupar Unit,Ativo
2023-08,ENGI11.SA,Energia,Energisa Unit,Ativo
2023-08,ENBR3.SA,Energia,EDP Brasil ON (Deslistada),Deslistado/Incorporado
2023-08,AESB3.SA,Energia,AES Brasil ON (Incorporada),Ativo
2023-08,AURE3.SA,Energia,Auren Energia ON,Ativo
2023-08,BBSE3.SA,Seguros,BB Seguridade ON,Ativo
2023-08,PSSA3.SA,Seguros,Porto Seguro ON,Ativo
2023-08,CXSE3.SA,Seguros,Caixa Seguridade ON,Ativo
2023-08,WIZC3.SA,Seguros,Wiz Soluções ON,Ativo
2023-08,SULA11.SA,Seguros,SulAmérica Unit (Incorporada),Deslistado/Incorporado
2023-08,SBSP3.SA,Saneamento,Sabesp ON,Ativo
2023-08,SAPR11.SA,Saneamento,Sanepar Unit,Ativo
2023-08,SAPR4.SA,Saneamento,Sanepar PN,Ativo
2023-08,CSMG3.SA,Saneamento,Copasa ON,Ativo
2023-09,ITUB4.SA,Bancos,Itaú Unibanco PN,Ativo
2023-09,BBDC4.SA,Bancos,Bradesco PN,Ativo
2023-09,BBAS3.SA,Bancos,Banco do Brasil ON,Ativo
2023-09,SANB11.SA,Bancos,Santander Brasil Unit,Ativo
2023-09,BPAC11.SA,Bancos,BTG Pactual Unit,Ativo
2023-09,ABCB4.SA,Bancos,Banco ABC Brasil PN,Ativo
2023-09,BRSR6.SA,Bancos,Banrisul PN,Ativo
2023-09,ITSA4.SA,Bancos,Itaúsa PN,Ativo
2023-09,TAEE11.SA,Energia,Taesa Unit,Ativo
2023-09,TRPL4.SA,Energia,ISA CTEEP PN,Ativo
2023-09,EGIE3.SA,Energia,Engie Brasil ON,Ativo
2023-09,CPLE6.SA,Energia,Copel PNB,Ativo
2023-09,ELET3.SA,Energia,Eletrobras ON,Ativo
2023-09,ELET6.SA,Energia,Eletrobras PNB,Ativo
2023-09,EQTL3.SA,Energia,Equatorial Energia ON,Ativo
2023-09,CMIG4.SA,Energia,Cemig PN,Ativo
2023-09,CPFE3.SA,Energia,CPFL Energia ON,Ativo
2023-09,ALUP11.SA,Energia,Alupar Unit,Ativo
2023-09,ENGI11.SA,Energia,Energisa Unit,Ativo
2023-09,ENBR3.SA,Energia,EDP Brasil ON (Deslistada),Deslistado/Incorporado
2023-09,AESB3.SA,Energia,AES Brasil ON (Incorporada),Ativo
2023-09,AURE3.SA,Energia,Auren Energia ON,Ativo
2023-09,BBSE3.SA,Seguros,BB Seguridade ON,Ativo
2023-09,PSSA3.SA,Seguros,Porto Seguro ON,Ativo
2023-09,CXSE3.SA,Seguros,Caixa Seguridade ON,Ativo
2023-09,WIZC3.SA,Seguros,Wiz Soluções ON,Ativo
2023-09,SULA11.SA,Seguros,SulAmérica Unit (Incorporada),Deslistado/Incorporado
2023-09,SBSP3.SA,Saneamento,Sabesp ON,Ativo
2023-09,SAPR11.SA,Saneamento,Sanepar Unit,Ativo
2023-09,SAPR4.SA,Saneamento,Sanepar PN,Ativo
2023-09,CSMG3.SA,Saneamento,Copasa ON,Ativo
2023-10,ITUB4.SA,Bancos,Itaú Unibanco PN,Ativo
2023-10,BBDC4.SA,Bancos,Bradesco PN,Ativo
2023-10,BBAS3.SA,Bancos,Banco do Brasil ON,Ativo
2023-10,SANB11.SA,Bancos,Santander Brasil Unit,Ativo
2023-10,BPAC11.SA,Bancos,BTG Pactual Unit,Ativo
2023-10,ABCB4.SA,Bancos,Banco ABC Brasil PN,Ativo
2023-10,BRSR6.SA,Bancos,Banrisul PN,Ativo
2023-10,ITSA4.SA,Bancos,Itaúsa PN,Ativo
2023-10,TAEE11.SA,Energia,Taesa Unit,Ativo
2023-10,TRPL4.SA,Energia,ISA CTEEP PN,Ativo
2023-10,EGIE3.SA,Energia,Engie Brasil ON,Ativo
2023-10,CPLE6.SA,Energia,Copel PNB,Ativo
2023-10,ELET3.SA,Energia,Eletrobras ON,Ativo
2023-10,ELET6.SA,Energia,Eletrobras PNB,Ativo
2023-10,EQTL3.SA,Energia,Equatorial Energia ON,Ativo
2023-10,CMIG4.SA,Energia,Cemig PN,Ativo
2023-10,CPFE3.SA,Energia,CPFL Energia ON,Ativo
2023-10,ALUP11.SA,Energia,Alupar Unit,Ativo
2023-10,ENGI11.SA,Energia,Energisa Unit,Ativo
2023-10,ENBR3.SA,Energia,EDP Brasil ON (Deslistada),Deslistado/Incorporado
2023-10,AESB3.SA,Energia,AES Brasil ON (Incorporada),Ativo
2023-10,AURE3.SA,Energia,Auren Energia ON,Ativo
2023-10,BBSE3.SA,Seguros,BB Seguridade ON,Ativo
2023-10,PSSA3.SA,Seguros,Porto Seguro ON,Ativo
2023-10,CXSE3.SA,Seguros,Caixa Seguridade ON,Ativo
2023-10,WIZC3.SA,Seguros,Wiz Soluções ON,Ativo
2023-10,SULA11.SA,Seguros,SulAmérica Unit (Incorporada),Deslistado/Incorporado
2023-10,SBSP3.SA,Saneamento,Sabesp ON,Ativo
2023-10,SAPR11.SA,Saneamento,Sanepar Unit,Ativo
2023-10,SAPR4.SA,Saneamento,Sanepar PN,Ativo
2023-10,CSMG3.SA,Saneamento,Copasa ON,Ativo
2023-11,ITUB4.SA,Bancos,Itaú Unibanco PN,Ativo
2023-11,BBDC4.SA,Bancos,Bradesco PN,Ativo
2023-11,BBAS3.SA,Bancos,Banco do Brasil ON,Ativo
2023-11,SANB11.SA,Bancos,Santander Brasil Unit,Ativo
2023-11,BPAC11.SA,Bancos,BTG Pactual Unit,Ativo
2023-11,ABCB4.SA,Bancos,Banco ABC Brasil PN,Ativo
2023-11,BRSR6.SA,Bancos,Banrisul PN,Ativo
2023-11,ITSA4.SA,Bancos,Itaúsa PN,Ativo
2023-11,TAEE11.SA,Energia,Taesa Unit,Ativo
2023-11,TRPL4.SA,Energia,ISA CTEEP PN,Ativo
2023-11,EGIE3.SA,Energia,Engie Brasil ON,Ativo
2023-11,CPLE6.SA,Energia,Copel PNB,Ativo
2023-11,ELET3.SA,Energia,Eletrobras ON,Ativo
2023-11,ELET6.SA,Energia,Eletrobras PNB,Ativo
2023-11,EQTL3.SA,Energia,Equatorial Energia ON,Ativo
2023-11,CMIG4.SA,Energia,Cemig PN,Ativo
2023-11,CPFE3.SA,Energia,CPFL Energia ON,Ativo
2023-11,ALUP11.SA,Energia,Alupar Unit,Ativo
2023-11,ENGI11.SA,Energia,Energisa Unit,Ativo
2023-11,ENBR3.SA,Energia,EDP Brasil ON (Deslistada),Deslistado/Incorporado
2023-11,AESB3.SA,Energia,AES Brasil ON (Incorporada),Ativo
2023-11,AURE3.SA,Energia,Auren Energia ON,Ativo
2023-11,BBSE3.SA,Seguros,BB Seguridade ON,Ativo
2023-11,PSSA3.SA,Seguros,Porto Seguro ON,Ativo
2023-11,CXSE3.SA,Seguros,Caixa Seguridade ON,Ativo
2023-11,WIZC3.SA,Seguros,Wiz Soluções ON,Ativo
2023-11,SULA11.SA,Seguros,SulAmérica Unit (Incorporada),Deslistado/Incorporado
2023-11,SBSP3.SA,Saneamento,Sabesp ON,Ativo
2023-11,SAPR11.SA,Saneamento,Sanepar Unit,Ativo
2023-11,SAPR4.SA,Saneamento,Sanepar PN,Ativo
2023-11,CSMG3.SA,Saneamento,Copasa ON,Ativo
2023-12,ITUB4.SA,Bancos,Itaú Unibanco PN,Ativo
2023-12,BBDC4.SA,Bancos,Bradesco PN,Ativo
2023-12,BBAS3.SA,Bancos,Banco do Brasil ON,Ativo
2023-12,SANB11.SA,Bancos,Santander Brasil Unit,Ativo
2023-12,BPAC11.SA,Bancos,BTG Pactual Unit,Ativo
2023-12,ABCB4.SA,Bancos,Banco ABC Brasil PN,Ativo
2023-12,BRSR6.SA,Bancos,Banrisul PN,Ativo
2023-12,ITSA4.SA,Bancos,Itaúsa PN,Ativo
2023-12,TAEE11.SA,Energia,Taesa Unit,Ativo
2023-12,TRPL4.SA,Energia,ISA CTEEP PN,Ativo
2023-12,EGIE3.SA,Energia,Engie Brasil ON,Ativo
2023-12,CPLE6.SA,Energia,Copel PNB,Ativo
2023-12,ELET3.SA,Energia,Eletrobras ON,Ativo
2023-12,ELET6.SA,Energia,Eletrobras PNB,Ativo
2023-12,EQTL3.SA,Energia,Equatorial Energia ON,Ativo
2023-12,CMIG4.SA,Energia,Cemig PN,Ativo
2023-12,CPFE3.SA,Energia,CPFL Energia ON,Ativo
2023-12,ALUP11.SA,Energia,Alupar Unit,Ativo
2023-12,ENGI11.SA,Energia,Energisa Unit,Ativo
2023-12,ENBR3.SA,Energia,EDP Brasil ON (Deslistada),Deslistado/Incorporado
2023-12,AESB3.SA,Energia,AES Brasil ON (Incorporada),Ativo
2023-12,AURE3.SA,Energia,Auren Energia ON,Ativo
2023-12,BBSE3.SA,Seguros,BB Seguridade ON,Ativo
2023-12,PSSA3.SA,Seguros,Porto Seguro ON,Ativo
2023-12,CXSE3.SA,Seguros,Caixa Seguridade ON,Ativo
2023-12,WIZC3.SA,Seguros,Wiz Soluções ON,Ativo
2023-12,SULA11.SA,Seguros,SulAmérica Unit (Incorporada),Deslistado/Incorporado
2023-12,SBSP3.SA,Saneamento,Sabesp ON,Ativo
2023-12,SAPR11.SA,Saneamento,Sanepar Unit,Ativo
2023-12,SAPR4.SA,Saneamento,Sanepar PN,Ativo
2023-12,CSMG3.SA,Saneamento,Copasa ON,Ativo
2024-01,ITUB4.SA,Bancos,Itaú Unibanco PN,Ativo
2024-01,BBDC4.SA,Bancos,Bradesco PN,Ativo
2024-01,BBAS3.SA,Bancos,Banco do Brasil ON,Ativo
2024-01,SANB11.SA,Bancos,Santander Brasil Unit,Ativo
2024-01,BPAC11.SA,Bancos,BTG Pactual Unit,Ativo
2024-01,ABCB4.SA,Bancos,Banco ABC Brasil PN,Ativo
2024-01,BRSR6.SA,Bancos,Banrisul PN,Ativo
2024-01,ITSA4.SA,Bancos,Itaúsa PN,Ativo
2024-01,TAEE11.SA,Energia,Taesa Unit,Ativo
2024-01,TRPL4.SA,Energia,ISA CTEEP PN,Ativo
2024-01,EGIE3.SA,Energia,Engie Brasil ON,Ativo
2024-01,CPLE6.SA,Energia,Copel PNB,Ativo
2024-01,ELET3.SA,Energia,Eletrobras ON,Ativo
2024-01,ELET6.SA,Energia,Eletrobras PNB,Ativo
2024-01,EQTL3.SA,Energia,Equatorial Energia ON,Ativo
2024-01,CMIG4.SA,Energia,Cemig PN,Ativo
2024-01,CPFE3.SA,Energia,CPFL Energia ON,Ativo
2024-01,ALUP11.SA,Energia,Alupar Unit,Ativo
2024-01,ENGI11.SA,Energia,Energisa Unit,Ativo
2024-01,ENBR3.SA,Energia,EDP Brasil ON (Deslistada),Deslistado/Incorporado
2024-01,AESB3.SA,Energia,AES Brasil ON (Incorporada),Ativo
2024-01,AURE3.SA,Energia,Auren Energia ON,Ativo
2024-01,BBSE3.SA,Seguros,BB Seguridade ON,Ativo
2024-01,PSSA3.SA,Seguros,Porto Seguro ON,Ativo
2024-01,CXSE3.SA,Seguros,Caixa Seguridade ON,Ativo
2024-01,WIZC3.SA,Seguros,Wiz Soluções ON,Ativo
2024-01,SULA11.SA,Seguros,SulAmérica Unit (Incorporada),Deslistado/Incorporado
2024-01,SBSP3.SA,Saneamento,Sabesp ON,Ativo
2024-01,SAPR11.SA,Saneamento,Sanepar Unit,Ativo
2024-01,SAPR4.SA,Saneamento,Sanepar PN,Ativo
2024-01,CSMG3.SA,Saneamento,Copasa ON,Ativo
2024-02,ITUB4.SA,Bancos,Itaú Unibanco PN,Ativo
2024-02,BBDC4.SA,Bancos,Bradesco PN,Ativo
2024-02,BBAS3.SA,Bancos,Banco do Brasil ON,Ativo
2024-02,SANB11.SA,Bancos,Santander Brasil Unit,Ativo
2024-02,BPAC11.SA,Bancos,BTG Pactual Unit,Ativo
2024-02,ABCB4.SA,Bancos,Banco ABC Brasil PN,Ativo
2024-02,BRSR6.SA,Bancos,Banrisul PN,Ativo
2024-02,ITSA4.SA,Bancos,Itaúsa PN,Ativo
2024-02,TAEE11.SA,Energia,Taesa Unit,Ativo
2024-02,TRPL4.SA,Energia,ISA CTEEP PN,Ativo
2024-02,EGIE3.SA,Energia,Engie Brasil ON,Ativo
2024-02,CPLE6.SA,Energia,Copel PNB,Ativo
2024-02,ELET3.SA,Energia,Eletrobras ON,Ativo
2024-02,ELET6.SA,Energia,Eletrobras PNB,Ativo
2024-02,EQTL3.SA,Energia,Equatorial Energia ON,Ativo
2024-02,CMIG4.SA,Energia,Cemig PN,Ativo
2024-02,CPFE3.SA,Energia,CPFL Energia ON,Ativo
2024-02,ALUP11.SA,Energia,Alupar Unit,Ativo
2024-02,ENGI11.SA,Energia,Energisa Unit,Ativo
2024-02,ENBR3.SA,Energia,EDP Brasil ON (Deslistada),Deslistado/Incorporado
2024-02,AESB3.SA,Energia,AES Brasil ON (Incorporada),Ativo
2024-02,AURE3.SA,Energia,Auren Energia ON,Ativo
2024-02,BBSE3.SA,Seguros,BB Seguridade ON,Ativo
2024-02,PSSA3.SA,Seguros,Porto Seguro ON,Ativo
2024-02,CXSE3.SA,Seguros,Caixa Seguridade ON,Ativo
2024-02,WIZC3.SA,Seguros,Wiz Soluções ON,Ativo
2024-02,SULA11.SA,Seguros,SulAmérica Unit (Incorporada),Deslistado/Incorporado
2024-02,SBSP3.SA,Saneamento,Sabesp ON,Ativo
2024-02,SAPR11.SA,Saneamento,Sanepar Unit,Ativo
2024-02,SAPR4.SA,Saneamento,Sanepar PN,Ativo
2024-02,CSMG3.SA,Saneamento,Copasa ON,Ativo
2024-03,ITUB4.SA,Bancos,Itaú Unibanco PN,Ativo
2024-03,BBDC4.SA,Bancos,Bradesco PN,Ativo
2024-03,BBAS3.SA,Bancos,Banco do Brasil ON,Ativo
2024-03,SANB11.SA,Bancos,Santander Brasil Unit,Ativo
2024-03,BPAC11.SA,Bancos,BTG Pactual Unit,Ativo
2024-03,ABCB4.SA,Bancos,Banco ABC Brasil PN,Ativo
2024-03,BRSR6.SA,Bancos,Banrisul PN,Ativo
2024-03,ITSA4.SA,Bancos,Itaúsa PN,Ativo
2024-03,TAEE11.SA,Energia,Taesa Unit,Ativo
2024-03,TRPL4.SA,Energia,ISA CTEEP PN,Ativo
2024-03,EGIE3.SA,Energia,Engie Brasil ON,Ativo
2024-03,CPLE6.SA,Energia,Copel PNB,Ativo
2024-03,ELET3.SA,Energia,Eletrobras ON,Ativo
2024-03,ELET6.SA,Energia,Eletrobras PNB,Ativo
2024-03,EQTL3.SA,Energia,Equatorial Energia ON,Ativo
2024-03,CMIG4.SA,Energia,Cemig PN,Ativo
2024-03,CPFE3.SA,Energia,CPFL Energia ON,Ativo
2024-03,ALUP11.SA,Energia,Alupar Unit,Ativo
2024-03,ENGI11.SA,Energia,Energisa Unit,Ativo
2024-03,ENBR3.SA,Energia,EDP Brasil ON (Deslistada),Deslistado/Incorporado
2024-03,AESB3.SA,Energia,AES Brasil ON (Incorporada),Ativo
2024-03,AURE3.SA,Energia,Auren Energia ON,Ativo
2024-03,BBSE3.SA,Seguros,BB Seguridade ON,Ativo
2024-03,PSSA3.SA,Seguros,Porto Seguro ON,Ativo
2024-03,CXSE3.SA,Seguros,Caixa Seguridade ON,Ativo
2024-03,WIZC3.SA,Seguros,Wiz Soluções ON,Ativo
2024-03,SULA11.SA,Seguros,SulAmérica Unit (Incorporada),Deslistado/Incorporado
2024-03,SBSP3.SA,Saneamento,Sabesp ON,Ativo
2024-03,SAPR11.SA,Saneamento,Sanepar Unit,Ativo
2024-03,SAPR4.SA,Saneamento,Sanepar PN,Ativo
2024-03,CSMG3.SA,Saneamento,Copasa ON,Ativo
2024-04,ITUB4.SA,Bancos,Itaú Unibanco PN,Ativo
2024-04,BBDC4.SA,Bancos,Bradesco PN,Ativo
2024-04,BBAS3.SA,Bancos,Banco do Brasil ON,Ativo
2024-04,SANB11.SA,Bancos,Santander Brasil Unit,Ativo
2024-04,BPAC11.SA,Bancos,BTG Pactual Unit,Ativo
2024-04,ABCB4.SA,Bancos,Banco ABC Brasil PN,Ativo
2024-04,BRSR6.SA,Bancos,Banrisul PN,Ativo
2024-04,ITSA4.SA,Bancos,Itaúsa PN,Ativo
2024-04,TAEE11.SA,Energia,Taesa Unit,Ativo
2024-04,TRPL4.SA,Energia,ISA CTEEP PN,Ativo
2024-04,EGIE3.SA,Energia,Engie Brasil ON,Ativo
2024-04,CPLE6.SA,Energia,Copel PNB,Ativo
2024-04,ELET3.SA,Energia,Eletrobras ON,Ativo
2024-04,ELET6.SA,Energia,Eletrobras PNB,Ativo
2024-04,EQTL3.SA,Energia,Equatorial Energia ON,Ativo
2024-04,CMIG4.SA,Energia,Cemig PN,Ativo
2024-04,CPFE3.SA,Energia,CPFL Energia ON,Ativo
2024-04,ALUP11.SA,Energia,Alupar Unit,Ativo
2024-04,ENGI11.SA,Energia,Energisa Unit,Ativo
2024-04,ENBR3.SA,Energia,EDP Brasil ON (Deslistada),Deslistado/Incorporado
2024-04,AESB3.SA,Energia,AES Brasil ON (Incorporada),Ativo
2024-04,AURE3.SA,Energia,Auren Energia ON,Ativo
2024-04,BBSE3.SA,Seguros,BB Seguridade ON,Ativo
2024-04,PSSA3.SA,Seguros,Porto Seguro ON,Ativo
2024-04,CXSE3.SA,Seguros,Caixa Seguridade ON,Ativo
2024-04,WIZC3.SA,Seguros,Wiz Soluções ON,Ativo
2024-04,SULA11.SA,Seguros,SulAmérica Unit (Incorporada),Deslistado/Incorporado
2024-04,SBSP3.SA,Saneamento,Sabesp ON,Ativo
2024-04,SAPR11.SA,Saneamento,Sanepar Unit,Ativo
2024-04,SAPR4.SA,Saneamento,Sanepar PN,Ativo
2024-04,CSMG3.SA,Saneamento,Copasa ON,Ativo
2024-05,ITUB4.SA,Bancos,Itaú Unibanco PN,Ativo
2024-05,BBDC4.SA,Bancos,Bradesco PN,Ativo
2024-05,BBAS3.SA,Bancos,Banco do Brasil ON,Ativo
2024-05,SANB11.SA,Bancos,Santander Brasil Unit,Ativo
2024-05,BPAC11.SA,Bancos,BTG Pactual Unit,Ativo
2024-05,ABCB4.SA,Bancos,Banco ABC Brasil PN,Ativo
2024-05,BRSR6.SA,Bancos,Banrisul PN,Ativo
2024-05,ITSA4.SA,Bancos,Itaúsa PN,Ativo
2024-05,TAEE11.SA,Energia,Taesa Unit,Ativo
2024-05,TRPL4.SA,Energia,ISA CTEEP PN,Ativo
2024-05,EGIE3.SA,Energia,Engie Brasil ON,Ativo
2024-05,CPLE6.SA,Energia,Copel PNB,Ativo
2024-05,ELET3.SA,Energia,Eletrobras ON,Ativo
2024-05,ELET6.SA,Energia,Eletrobras PNB,Ativo
2024-05,EQTL3.SA,Energia,Equatorial Energia ON,Ativo
2024-05,CMIG4.SA,Energia,Cemig PN,Ativo
2024-05,CPFE3.SA,Energia,CPFL Energia ON,Ativo
2024-05,ALUP11.SA,Energia,Alupar Unit,Ativo
2024-05,ENGI11.SA,Energia,Energisa Unit,Ativo
2024-05,ENBR3.SA,Energia,EDP Brasil ON (Deslistada),Deslistado/Incorporado
2024-05,AESB3.SA,Energia,AES Brasil ON (Incorporada),Ativo
2024-05,AURE3.SA,Energia,Auren Energia ON,Ativo
2024-05,BBSE3.SA,Seguros,BB Seguridade ON,Ativo
2024-05,PSSA3.SA,Seguros,Porto Seguro ON,Ativo
2024-05,CXSE3.SA,Seguros,Caixa Seguridade ON,Ativo
2024-05,WIZC3.SA,Seguros,Wiz Soluções ON,Ativo
2024-05,SULA11.SA,Seguros,SulAmérica Unit (Incorporada),Deslistado/Incorporado
2024-05,SBSP3.SA,Saneamento,Sabesp ON,Ativo
2024-05,SAPR11.SA,Saneamento,Sanepar Unit,Ativo
2024-05,SAPR4.SA,Saneamento,Sanepar PN,Ativo
2024-05,CSMG3.SA,Saneamento,Copasa ON,Ativo
2024-06,ITUB4.SA,Bancos,Itaú Unibanco PN,Ativo
2024-06,BBDC4.SA,Bancos,Bradesco PN,Ativo
2024-06,BBAS3.SA,Bancos,Banco do Brasil ON,Ativo
2024-06,SANB11.SA,Bancos,Santander Brasil Unit,Ativo
2024-06,BPAC11.SA,Bancos,BTG Pactual Unit,Ativo
2024-06,ABCB4.SA,Bancos,Banco ABC Brasil PN,Ativo
2024-06,BRSR6.SA,Bancos,Banrisul PN,Ativo
2024-06,ITSA4.SA,Bancos,Itaúsa PN,Ativo
2024-06,TAEE11.SA,Energia,Taesa Unit,Ativo
2024-06,TRPL4.SA,Energia,ISA CTEEP PN,Ativo
2024-06,EGIE3.SA,Energia,Engie Brasil ON,Ativo
2024-06,CPLE6.SA,Energia,Copel PNB,Ativo
2024-06,ELET3.SA,Energia,Eletrobras ON,Ativo
2024-06,ELET6.SA,Energia,Eletrobras PNB,Ativo
2024-06,EQTL3.SA,Energia,Equatorial Energia ON,Ativo
2024-06,CMIG4.SA,Energia,Cemig PN,Ativo
2024-06,CPFE3.SA,Energia,CPFL Energia ON,Ativo
2024-06,ALUP11.SA,Energia,Alupar Unit,Ativo
2024-06,ENGI11.SA,Energia,Energisa Unit,Ativo
2024-06,ENBR3.SA,Energia,EDP Brasil ON (Deslistada),Deslistado/Incorporado
2024-06,AESB3.SA,Energia,AES Brasil ON (Incorporada),Ativo
2024-06,AURE3.SA,Energia,Auren Energia ON,Ativo
2024-06,BBSE3.SA,Seguros,BB Seguridade ON,Ativo
2024-06,PSSA3.SA,Seguros,Porto Seguro ON,Ativo
2024-06,CXSE3.SA,Seguros,Caixa Seguridade ON,Ativo
2024-06,WIZC3.SA,Seguros,Wiz Soluções ON,Ativo
2024-06,SULA11.SA,Seguros,SulAmérica Unit (Incorporada),Deslistado/Incorporado
2024-06,SBSP3.SA,Saneamento,Sabesp ON,Ativo
2024-06,SAPR11.SA,Saneamento,Sanepar Unit,Ativo
2024-06,SAPR4.SA,Saneamento,Sanepar PN,Ativo
2024-06,CSMG3.SA,Saneamento,Copasa ON,Ativo
2024-07,ITUB4.SA,Bancos,Itaú Unibanco PN,Ativo
2024-07,BBDC4.SA,Bancos,Bradesco PN,Ativo
2024-07,BBAS3.SA,Bancos,Banco do Brasil ON,Ativo
2024-07,SANB11.SA,Bancos,Santander Brasil Unit,Ativo
2024-07,BPAC11.SA,Bancos,BTG Pactual Unit,Ativo
2024-07,ABCB4.SA,Bancos,Banco ABC Brasil PN,Ativo
2024-07,BRSR6.SA,Bancos,Banrisul PN,Ativo
2024-07,ITSA4.SA,Bancos,Itaúsa PN,Ativo
2024-07,TAEE11.SA,Energia,Taesa Unit,Ativo
2024-07,TRPL4.SA,Energia,ISA CTEEP PN,Ativo
2024-07,EGIE3.SA,Energia,Engie Brasil ON,Ativo
2024-07,CPLE6.SA,Energia,Copel PNB,Ativo
2024-07,ELET3.SA,Energia,Eletrobras ON,Ativo
2024-07,ELET6.SA,Energia,Eletrobras PNB,Ativo
2024-07,EQTL3.SA,Energia,Equatorial Energia ON,Ativo
2024-07,CMIG4.SA,Energia,Cemig PN,Ativo
2024-07,CPFE3.SA,Energia,CPFL Energia ON,Ativo
2024-07,ALUP11.SA,Energia,Alupar Unit,Ativo
2024-07,ENGI11.SA,Energia,Energisa Unit,Ativo
2024-07,ENBR3.SA,Energia,EDP Brasil ON (Deslistada),Deslistado/Incorporado
2024-07,AESB3.SA,Energia,AES Brasil ON (Incorporada),Ativo
2024-07,AURE3.SA,Energia,Auren Energia ON,Ativo
2024-07,BBSE3.SA,Seguros,BB Seguridade ON,Ativo
2024-07,PSSA3.SA,Seguros,Porto Seguro ON,Ativo
2024-07,CXSE3.SA,Seguros,Caixa Seguridade ON,Ativo
2024-07,WIZC3.SA,Seguros,Wiz Soluções ON,Ativo
2024-07,SULA11.SA,Seguros,SulAmérica Unit (Incorporada),Deslistado/Incorporado
2024-07,SBSP3.SA,Saneamento,Sabesp ON,Ativo
2024-07,SAPR11.SA,Saneamento,Sanepar Unit,Ativo
2024-07,SAPR4.SA,Saneamento,Sanepar PN,Ativo
2024-07,CSMG3.SA,Saneamento,Copasa ON,Ativo
2024-08,ITUB4.SA,Bancos,Itaú Unibanco PN,Ativo
2024-08,BBDC4.SA,Bancos,Bradesco PN,Ativo
2024-08,BBAS3.SA,Bancos,Banco do Brasil ON,Ativo
2024-08,SANB11.SA,Bancos,Santander Brasil Unit,Ativo
2024-08,BPAC11.SA,Bancos,BTG Pactual Unit,Ativo
2024-08,ABCB4.SA,Bancos,Banco ABC Brasil PN,Ativo
2024-08,BRSR6.SA,Bancos,Banrisul PN,Ativo
2024-08,ITSA4.SA,Bancos,Itaúsa PN,Ativo
2024-08,TAEE11.SA,Energia,Taesa Unit,Ativo
2024-08,TRPL4.SA,Energia,ISA CTEEP PN,Ativo
2024-08,EGIE3.SA,Energia,Engie Brasil ON,Ativo
2024-08,CPLE6.SA,Energia,Copel PNB,Ativo
2024-08,ELET3.SA,Energia,Eletrobras ON,Ativo
2024-08,ELET6.SA,Energia,Eletrobras PNB,Ativo
2024-08,EQTL3.SA,Energia,Equatorial Energia ON,Ativo
2024-08,CMIG4.SA,Energia,Cemig PN,Ativo
2024-08,CPFE3.SA,Energia,CPFL Energia ON,Ativo
2024-08,ALUP11.SA,Energia,Alupar Unit,Ativo
2024-08,ENGI11.SA,Energia,Energisa Unit,Ativo
2024-08,ENBR3.SA,Energia,EDP Brasil ON (Deslistada),Deslistado/Incorporado
2024-08,AESB3.SA,Energia,AES Brasil ON (Incorporada),Ativo
2024-08,AURE3.SA,Energia,Auren Energia ON,Ativo
2024-08,BBSE3.SA,Seguros,BB Seguridade ON,Ativo
2024-08,PSSA3.SA,Seguros,Porto Seguro ON,Ativo
2024-08,CXSE3.SA,Seguros,Caixa Seguridade ON,Ativo
2024-08,WIZC3.SA,Seguros,Wiz Soluções ON,Ativo
2024-08,SULA11.SA,Seguros,SulAmérica Unit (Incorporada),Deslistado/Incorporado
2024-08,SBSP3.SA,Saneamento,Sabesp ON,Ativo
2024-08,SAPR11.SA,Saneamento,Sanepar Unit,Ativo
2024-08,SAPR4.SA,Saneamento,Sanepar PN,Ativo
2024-08,CSMG3.SA,Saneamento,Copasa ON,Ativo
2024-09,ITUB4.SA,Bancos,Itaú Unibanco PN,Ativo
2024-09,BBDC4.SA,Bancos,Bradesco PN,Ativo
2024-09,BBAS3.SA,Bancos,Banco do Brasil ON,Ativo
2024-09,SANB11.SA,Bancos,Santander Brasil Unit,Ativo
2024-09,BPAC11.SA,Bancos,BTG Pactual Unit,Ativo
2024-09,ABCB4.SA,Bancos,Banco ABC Brasil PN,Ativo
2024-09,BRSR6.SA,Bancos,Banrisul PN,Ativo
2024-09,ITSA4.SA,Bancos,Itaúsa PN,Ativo
2024-09,TAEE11.SA,Energia,Taesa Unit,Ativo
2024-09,TRPL4.SA,Energia,ISA CTEEP PN,Ativo
2024-09,EGIE3.SA,Energia,Engie Brasil ON,Ativo
2024-09,CPLE6.SA,Energia,Copel PNB,Ativo
2024-09,ELET3.SA,Energia,Eletrobras ON,Ativo
2024-09,ELET6.SA,Energia,Eletrobras PNB,Ativo
2024-09,EQTL3.SA,Energia,Equatorial Energia ON,Ativo
2024-09,CMIG4.SA,Energia,Cemig PN,Ativo
2024-09,CPFE3.SA,Energia,CPFL Energia ON,Ativo
2024-09,ALUP11.SA,Energia,Alupar Unit,Ativo
2024-09,ENGI11.SA,Energia,Energisa Unit,Ativo
2024-09,ENBR3.SA,Energia,EDP Brasil ON (Deslistada),Deslistado/Incorporado
2024-09,AESB3.SA,Energia,AES Brasil ON (Incorporada),Ativo
2024-09,AURE3.SA,Energia,Auren Energia ON,Ativo
2024-09,BBSE3.SA,Seguros,BB Seguridade ON,Ativo
2024-09,PSSA3.SA,Seguros,Porto Seguro ON,Ativo
2024-09,CXSE3.SA,Seguros,Caixa Seguridade ON,Ativo
2024-09,WIZC3.SA,Seguros,Wiz Soluções ON,Ativo
2024-09,SULA11.SA,Seguros,SulAmérica Unit (Incorporada),Deslistado/Incorporado
2024-09,SBSP3.SA,Saneamento,Sabesp ON,Ativo
2024-09,SAPR11.SA,Saneamento,Sanepar Unit,Ativo
2024-09,SAPR4.SA,Saneamento,Sanepar PN,Ativo
2024-09,CSMG3.SA,Saneamento,Copasa ON,Ativo
2024-10,ITUB4.SA,Bancos,Itaú Unibanco PN,Ativo
2024-10,BBDC4.SA,Bancos,Bradesco PN,Ativo
2024-10,BBAS3.SA,Bancos,Banco do Brasil ON,Ativo
2024-10,SANB11.SA,Bancos,Santander Brasil Unit,Ativo
2024-10,BPAC11.SA,Bancos,BTG Pactual Unit,Ativo
2024-10,ABCB4.SA,Bancos,Banco ABC Brasil PN,Ativo
2024-10,BRSR6.SA,Bancos,Banrisul PN,Ativo
2024-10,ITSA4.SA,Bancos,Itaúsa PN,Ativo
2024-10,TAEE11.SA,Energia,Taesa Unit,Ativo
2024-10,TRPL4.SA,Energia,ISA CTEEP PN,Ativo
2024-10,EGIE3.SA,Energia,Engie Brasil ON,Ativo
2024-10,CPLE6.SA,Energia,Copel PNB,Ativo
2024-10,ELET3.SA,Energia,Eletrobras ON,Ativo
2024-10,ELET6.SA,Energia,Eletrobras PNB,Ativo
2024-10,EQTL3.SA,Energia,Equatorial Energia ON,Ativo
2024-10,CMIG4.SA,Energia,Cemig PN,Ativo
2024-10,CPFE3.SA,Energia,CPFL Energia ON,Ativo
2024-10,ALUP11.SA,Energia,Alupar Unit,Ativo
2024-10,ENGI11.SA,Energia,Energisa Unit,Ativo
2024-10,ENBR3.SA,Energia,EDP Brasil ON (Deslistada),Deslistado/Incorporado
2024-10,AESB3.SA,Energia,AES Brasil ON (Incorporada),Ativo
2024-10,AURE3.SA,Energia,Auren Energia ON,Ativo
2024-10,BBSE3.SA,Seguros,BB Seguridade ON,Ativo
2024-10,PSSA3.SA,Seguros,Porto Seguro ON,Ativo
2024-10,CXSE3.SA,Seguros,Caixa Seguridade ON,Ativo
2024-10,WIZC3.SA,Seguros,Wiz Soluções ON,Ativo
2024-10,SULA11.SA,Seguros,SulAmérica Unit (Incorporada),Deslistado/Incorporado
2024-10,SBSP3.SA,Saneamento,Sabesp ON,Ativo
2024-10,SAPR11.SA,Saneamento,Sanepar Unit,Ativo
2024-10,SAPR4.SA,Saneamento,Sanepar PN,Ativo
2024-10,CSMG3.SA,Saneamento,Copasa ON,Ativo
2024-11,ITUB4.SA,Bancos,Itaú Unibanco PN,Ativo
2024-11,BBDC4.SA,Bancos,Bradesco PN,Ativo
2024-11,BBAS3.SA,Bancos,Banco do Brasil ON,Ativo
2024-11,SANB11.SA,Bancos,Santander Brasil Unit,Ativo
2024-11,BPAC11.SA,Bancos,BTG Pactual Unit,Ativo
2024-11,ABCB4.SA,Bancos,Banco ABC Brasil PN,Ativo
2024-11,BRSR6.SA,Bancos,Banrisul PN,Ativo
2024-11,ITSA4.SA,Bancos,Itaúsa PN,Ativo
2024-11,TAEE11.SA,Energia,Taesa Unit,Ativo
2024-11,TRPL4.SA,Energia,ISA CTEEP PN,Ativo
2024-11,EGIE3.SA,Energia,Engie Brasil ON,Ativo
2024-11,CPLE6.SA,Energia,Copel PNB,Ativo
2024-11,ELET3.SA,Energia,Eletrobras ON,Ativo
2024-11,ELET6.SA,Energia,Eletrobras PNB,Ativo
2024-11,EQTL3.SA,Energia,Equatorial Energia ON,Ativo
2024-11,CMIG4.SA,Energia,Cemig PN,Ativo
2024-11,CPFE3.SA,Energia,CPFL Energia ON,Ativo
2024-11,ALUP11.SA,Energia,Alupar Unit,Ativo
2024-11,ENGI11.SA,Energia,Energisa Unit,Ativo
2024-11,ENBR3.SA,Energia,EDP Brasil ON (Deslistada),Deslistado/Incorporado
2024-11,AESB3.SA,Energia,AES Brasil ON (Incorporada),Deslistado/Incorporado
2024-11,AURE3.SA,Energia,Auren Energia ON,Ativo
2024-11,BBSE3.SA,Seguros,BB Seguridade ON,Ativo
2024-11,PSSA3.SA,Seguros,Porto Seguro ON,Ativo
2024-11,CXSE3.SA,Seguros,Caixa Seguridade ON,Ativo
2024-11,WIZC3.SA,Seguros,Wiz Soluções ON,Ativo
2024-11,SULA11.SA,Seguros,SulAmérica Unit (Incorporada),Deslistado/Incorporado
2024-11,SBSP3.SA,Saneamento,Sabesp ON,Ativo
2024-11,SAPR11.SA,Saneamento,Sanepar Unit,Ativo
2024-11,SAPR4.SA,Saneamento,Sanepar PN,Ativo
2024-11,CSMG3.SA,Saneamento,Copasa ON,Ativo
2024-12,ITUB4.SA,Bancos,Itaú Unibanco PN,Ativo
2024-12,BBDC4.SA,Bancos,Bradesco PN,Ativo
2024-12,BBAS3.SA,Bancos,Banco do Brasil ON,Ativo
2024-12,SANB11.SA,Bancos,Santander Brasil Unit,Ativo
2024-12,BPAC11.SA,Bancos,BTG Pactual Unit,Ativo
2024-12,ABCB4.SA,Bancos,Banco ABC Brasil PN,Ativo
2024-12,BRSR6.SA,Bancos,Banrisul PN,Ativo
2024-12,ITSA4.SA,Bancos,Itaúsa PN,Ativo
2024-12,TAEE11.SA,Energia,Taesa Unit,Ativo
2024-12,TRPL4.SA,Energia,ISA CTEEP PN,Ativo
2024-12,EGIE3.SA,Energia,Engie Brasil ON,Ativo
2024-12,CPLE6.SA,Energia,Copel PNB,Ativo
2024-12,ELET3.SA,Energia,Eletrobras ON,Ativo
2024-12,ELET6.SA,Energia,Eletrobras PNB,Ativo
2024-12,EQTL3.SA,Energia,Equatorial Energia ON,Ativo
2024-12,CMIG4.SA,Energia,Cemig PN,Ativo
2024-12,CPFE3.SA,Energia,CPFL Energia ON,Ativo
2024-12,ALUP11.SA,Energia,Alupar Unit,Ativo
2024-12,ENGI11.SA,Energia,Energisa Unit,Ativo
2024-12,ENBR3.SA,Energia,EDP Brasil ON (Deslistada),Deslistado/Incorporado
2024-12,AESB3.SA,Energia,AES Brasil ON (Incorporada),Deslistado/Incorporado
2024-12,AURE3.SA,Energia,Auren Energia ON,Ativo
2024-12,BBSE3.SA,Seguros,BB Seguridade ON,Ativo
2024-12,PSSA3.SA,Seguros,Porto Seguro ON,Ativo
2024-12,CXSE3.SA,Seguros,Caixa Seguridade ON,Ativo
2024-12,WIZC3.SA,Seguros,Wiz Soluções ON,Ativo
2024-12,SULA11.SA,Seguros,SulAmérica Unit (Incorporada),Deslistado/Incorporado
2024-12,SBSP3.SA,Saneamento,Sabesp ON,Ativo
2024-12,SAPR11.SA,Saneamento,Sanepar Unit,Ativo
2024-12,SAPR4.SA,Saneamento,Sanepar PN,Ativo
2024-12,CSMG3.SA,Saneamento,Copasa ON,Ativo
2025-01,ITUB4.SA,Bancos,Itaú Unibanco PN,Ativo
2025-01,BBDC4.SA,Bancos,Bradesco PN,Ativo
2025-01,BBAS3.SA,Bancos,Banco do Brasil ON,Ativo
2025-01,SANB11.SA,Bancos,Santander Brasil Unit,Ativo
2025-01,BPAC11.SA,Bancos,BTG Pactual Unit,Ativo
2025-01,ABCB4.SA,Bancos,Banco ABC Brasil PN,Ativo
2025-01,BRSR6.SA,Bancos,Banrisul PN,Ativo
2025-01,ITSA4.SA,Bancos,Itaúsa PN,Ativo
2025-01,TAEE11.SA,Energia,Taesa Unit,Ativo
2025-01,TRPL4.SA,Energia,ISA CTEEP PN,Ativo
2025-01,EGIE3.SA,Energia,Engie Brasil ON,Ativo
2025-01,CPLE6.SA,Energia,Copel PNB,Ativo
2025-01,ELET3.SA,Energia,Eletrobras ON,Ativo
2025-01,ELET6.SA,Energia,Eletrobras PNB,Ativo
2025-01,EQTL3.SA,Energia,Equatorial Energia ON,Ativo
2025-01,CMIG4.SA,Energia,Cemig PN,Ativo
2025-01,CPFE3.SA,Energia,CPFL Energia ON,Ativo
2025-01,ALUP11.SA,Energia,Alupar Unit,Ativo
2025-01,ENGI11.SA,Energia,Energisa Unit,Ativo
2025-01,ENBR3.SA,Energia,EDP Brasil ON (Deslistada),Deslistado/Incorporado
2025-01,AESB3.SA,Energia,AES Brasil ON (Incorporada),Deslistado/Incorporado
2025-01,AURE3.SA,Energia,Auren Energia ON,Ativo
2025-01,BBSE3.SA,Seguros,BB Seguridade ON,Ativo
2025-01,PSSA3.SA,Seguros,Porto Seguro ON,Ativo
2025-01,CXSE3.SA,Seguros,Caixa Seguridade ON,Ativo
2025-01,WIZC3.SA,Seguros,Wiz Soluções ON,Ativo
2025-01,SULA11.SA,Seguros,SulAmérica Unit (Incorporada),Deslistado/Incorporado
2025-01,SBSP3.SA,Saneamento,Sabesp ON,Ativo
2025-01,SAPR11.SA,Saneamento,Sanepar Unit,Ativo
2025-01,SAPR4.SA,Saneamento,Sanepar PN,Ativo
2025-01,CSMG3.SA,Saneamento,Copasa ON,Ativo
2025-02,ITUB4.SA,Bancos,Itaú Unibanco PN,Ativo
2025-02,BBDC4.SA,Bancos,Bradesco PN,Ativo
2025-02,BBAS3.SA,Bancos,Banco do Brasil ON,Ativo
2025-02,SANB11.SA,Bancos,Santander Brasil Unit,Ativo
2025-02,BPAC11.SA,Bancos,BTG Pactual Unit,Ativo
2025-02,ABCB4.SA,Bancos,Banco ABC Brasil PN,Ativo
2025-02,BRSR6.SA,Bancos,Banrisul PN,Ativo
2025-02,ITSA4.SA,Bancos,Itaúsa PN,Ativo
2025-02,TAEE11.SA,Energia,Taesa Unit,Ativo
2025-02,TRPL4.SA,Energia,ISA CTEEP PN,Ativo
2025-02,EGIE3.SA,Energia,Engie Brasil ON,Ativo
2025-02,CPLE6.SA,Energia,Copel PNB,Ativo
2025-02,ELET3.SA,Energia,Eletrobras ON,Ativo
2025-02,ELET6.SA,Energia,Eletrobras PNB,Ativo
2025-02,EQTL3.SA,Energia,Equatorial Energia ON,Ativo
2025-02,CMIG4.SA,Energia,Cemig PN,Ativo
2025-02,CPFE3.SA,Energia,CPFL Energia ON,Ativo
2025-02,ALUP11.SA,Energia,Alupar Unit,Ativo
2025-02,ENGI11.SA,Energia,Energisa Unit,Ativo
2025-02,ENBR3.SA,Energia,EDP Brasil ON (Deslistada),Deslistado/Incorporado
2025-02,AESB3.SA,Energia,AES Brasil ON (Incorporada),Deslistado/Incorporado
2025-02,AURE3.SA,Energia,Auren Energia ON,Ativo
2025-02,BBSE3.SA,Seguros,BB Seguridade ON,Ativo
2025-02,PSSA3.SA,Seguros,Porto Seguro ON,Ativo
2025-02,CXSE3.SA,Seguros,Caixa Seguridade ON,Ativo
2025-02,WIZC3.SA,Seguros,Wiz Soluções ON,Ativo
2025-02,SULA11.SA,Seguros,SulAmérica Unit (Incorporada),Deslistado/Incorporado
2025-02,SBSP3.SA,Saneamento,Sabesp ON,Ativo
2025-02,SAPR11.SA,Saneamento,Sanepar Unit,Ativo
2025-02,SAPR4.SA,Saneamento,Sanepar PN,Ativo
2025-02,CSMG3.SA,Saneamento,Copasa ON,Ativo
2025-03,ITUB4.SA,Bancos,Itaú Unibanco PN,Ativo
2025-03,BBDC4.SA,Bancos,Bradesco PN,Ativo
2025-03,BBAS3.SA,Bancos,Banco do Brasil ON,Ativo
2025-03,SANB11.SA,Bancos,Santander Brasil Unit,Ativo
2025-03,BPAC11.SA,Bancos,BTG Pactual Unit,Ativo
2025-03,ABCB4.SA,Bancos,Banco ABC Brasil PN,Ativo
2025-03,BRSR6.SA,Bancos,Banrisul PN,Ativo
2025-03,ITSA4.SA,Bancos,Itaúsa PN,Ativo
2025-03,TAEE11.SA,Energia,Taesa Unit,Ativo
2025-03,TRPL4.SA,Energia,ISA CTEEP PN,Ativo
2025-03,EGIE3.SA,Energia,Engie Brasil ON,Ativo
2025-03,CPLE6.SA,Energia,Copel PNB,Ativo
2025-03,ELET3.SA,Energia,Eletrobras ON,Ativo
2025-03,ELET6.SA,Energia,Eletrobras PNB,Ativo
2025-03,EQTL3.SA,Energia,Equatorial Energia ON,Ativo
2025-03,CMIG4.SA,Energia,Cemig PN,Ativo
2025-03,CPFE3.SA,Energia,CPFL Energia ON,Ativo
2025-03,ALUP11.SA,Energia,Alupar Unit,Ativo
2025-03,ENGI11.SA,Energia,Energisa Unit,Ativo
2025-03,ENBR3.SA,Energia,EDP Brasil ON (Deslistada),Deslistado/Incorporado
2025-03,AESB3.SA,Energia,AES Brasil ON (Incorporada),Deslistado/Incorporado
2025-03,AURE3.SA,Energia,Auren Energia ON,Ativo
2025-03,BBSE3.SA,Seguros,BB Seguridade ON,Ativo
2025-03,PSSA3.SA,Seguros,Porto Seguro ON,Ativo
2025-03,CXSE3.SA,Seguros,Caixa Seguridade ON,Ativo
2025-03,WIZC3.SA,Seguros,Wiz Soluções ON,Ativo
2025-03,SULA11.SA,Seguros,SulAmérica Unit (Incorporada),Deslistado/Incorporado
2025-03,SBSP3.SA,Saneamento,Sabesp ON,Ativo
2025-03,SAPR11.SA,Saneamento,Sanepar Unit,Ativo
2025-03,SAPR4.SA,Saneamento,Sanepar PN,Ativo
2025-03,CSMG3.SA,Saneamento,Copasa ON,Ativo
2025-04,ITUB4.SA,Bancos,Itaú Unibanco PN,Ativo
2025-04,BBDC4.SA,Bancos,Bradesco PN,Ativo
2025-04,BBAS3.SA,Bancos,Banco do Brasil ON,Ativo
2025-04,SANB11.SA,Bancos,Santander Brasil Unit,Ativo
2025-04,BPAC11.SA,Bancos,BTG Pactual Unit,Ativo
2025-04,ABCB4.SA,Bancos,Banco ABC Brasil PN,Ativo
2025-04,BRSR6.SA,Bancos,Banrisul PN,Ativo
2025-04,ITSA4.SA,Bancos,Itaúsa PN,Ativo
2025-04,TAEE11.SA,Energia,Taesa Unit,Ativo
2025-04,TRPL4.SA,Energia,ISA CTEEP PN,Ativo
2025-04,EGIE3.SA,Energia,Engie Brasil ON,Ativo
2025-04,CPLE6.SA,Energia,Copel PNB,Ativo
2025-04,ELET3.SA,Energia,Eletrobras ON,Ativo
2025-04,ELET6.SA,Energia,Eletrobras PNB,Ativo
2025-04,EQTL3.SA,Energia,Equatorial Energia ON,Ativo
2025-04,CMIG4.SA,Energia,Cemig PN,Ativo
2025-04,CPFE3.SA,Energia,CPFL Energia ON,Ativo
2025-04,ALUP11.SA,Energia,Alupar Unit,Ativo
2025-04,ENGI11.SA,Energia,Energisa Unit,Ativo
2025-04,ENBR3.SA,Energia,EDP Brasil ON (Deslistada),Deslistado/Incorporado
2025-04,AESB3.SA,Energia,AES Brasil ON (Incorporada),Deslistado/Incorporado
2025-04,AURE3.SA,Energia,Auren Energia ON,Ativo
2025-04,BBSE3.SA,Seguros,BB Seguridade ON,Ativo
2025-04,PSSA3.SA,Seguros,Porto Seguro ON,Ativo
2025-04,CXSE3.SA,Seguros,Caixa Seguridade ON,Ativo
2025-04,WIZC3.SA,Seguros,Wiz Soluções ON,Ativo
2025-04,SULA11.SA,Seguros,SulAmérica Unit (Incorporada),Deslistado/Incorporado
2025-04,SBSP3.SA,Saneamento,Sabesp ON,Ativo
2025-04,SAPR11.SA,Saneamento,Sanepar Unit,Ativo
2025-04,SAPR4.SA,Saneamento,Sanepar PN,Ativo
2025-04,CSMG3.SA,Saneamento,Copasa ON,Ativo
2025-05,ITUB4.SA,Bancos,Itaú Unibanco PN,Ativo
2025-05,BBDC4.SA,Bancos,Bradesco PN,Ativo
2025-05,BBAS3.SA,Bancos,Banco do Brasil ON,Ativo
2025-05,SANB11.SA,Bancos,Santander Brasil Unit,Ativo
2025-05,BPAC11.SA,Bancos,BTG Pactual Unit,Ativo
2025-05,ABCB4.SA,Bancos,Banco ABC Brasil PN,Ativo
2025-05,BRSR6.SA,Bancos,Banrisul PN,Ativo
2025-05,ITSA4.SA,Bancos,Itaúsa PN,Ativo
2025-05,TAEE11.SA,Energia,Taesa Unit,Ativo
2025-05,TRPL4.SA,Energia,ISA CTEEP PN,Ativo
2025-05,EGIE3.SA,Energia,Engie Brasil ON,Ativo
2025-05,CPLE6.SA,Energia,Copel PNB,Ativo
2025-05,ELET3.SA,Energia,Eletrobras ON,Ativo
2025-05,ELET6.SA,Energia,Eletrobras PNB,Ativo
2025-05,EQTL3.SA,Energia,Equatorial Energia ON,Ativo
2025-05,CMIG4.SA,Energia,Cemig PN,Ativo
2025-05,CPFE3.SA,Energia,CPFL Energia ON,Ativo
2025-05,ALUP11.SA,Energia,Alupar Unit,Ativo
2025-05,ENGI11.SA,Energia,Energisa Unit,Ativo
2025-05,ENBR3.SA,Energia,EDP Brasil ON (Deslistada),Deslistado/Incorporado
2025-05,AESB3.SA,Energia,AES Brasil ON (Incorporada),Deslistado/Incorporado
2025-05,AURE3.SA,Energia,Auren Energia ON,Ativo
2025-05,BBSE3.SA,Seguros,BB Seguridade ON,Ativo
2025-05,PSSA3.SA,Seguros,Porto Seguro ON,Ativo
2025-05,CXSE3.SA,Seguros,Caixa Seguridade ON,Ativo
2025-05,WIZC3.SA,Seguros,Wiz Soluções ON,Ativo
2025-05,SULA11.SA,Seguros,SulAmérica Unit (Incorporada),Deslistado/Incorporado
2025-05,SBSP3.SA,Saneamento,Sabesp ON,Ativo
2025-05,SAPR11.SA,Saneamento,Sanepar Unit,Ativo
2025-05,SAPR4.SA,Saneamento,Sanepar PN,Ativo
2025-05,CSMG3.SA,Saneamento,Copasa ON,Ativo
2025-06,ITUB4.SA,Bancos,Itaú Unibanco PN,Ativo
2025-06,BBDC4.SA,Bancos,Bradesco PN,Ativo
2025-06,BBAS3.SA,Bancos,Banco do Brasil ON,Ativo
2025-06,SANB11.SA,Bancos,Santander Brasil Unit,Ativo
2025-06,BPAC11.SA,Bancos,BTG Pactual Unit,Ativo
2025-06,ABCB4.SA,Bancos,Banco ABC Brasil PN,Ativo
2025-06,BRSR6.SA,Bancos,Banrisul PN,Ativo
2025-06,ITSA4.SA,Bancos,Itaúsa PN,Ativo
2025-06,TAEE11.SA,Energia,Taesa Unit,Ativo
2025-06,TRPL4.SA,Energia,ISA CTEEP PN,Ativo
2025-06,EGIE3.SA,Energia,Engie Brasil ON,Ativo
2025-06,CPLE6.SA,Energia,Copel PNB,Ativo
2025-06,ELET3.SA,Energia,Eletrobras ON,Ativo
2025-06,ELET6.SA,Energia,Eletrobras PNB,Ativo
2025-06,EQTL3.SA,Energia,Equatorial Energia ON,Ativo
2025-06,CMIG4.SA,Energia,Cemig PN,Ativo
2025-06,CPFE3.SA,Energia,CPFL Energia ON,Ativo
2025-06,ALUP11.SA,Energia,Alupar Unit,Ativo
2025-06,ENGI11.SA,Energia,Energisa Unit,Ativo
2025-06,ENBR3.SA,Energia,EDP Brasil ON (Deslistada),Deslistado/Incorporado
2025-06,AESB3.SA,Energia,AES Brasil ON (Incorporada),Deslistado/Incorporado
2025-06,AURE3.SA,Energia,Auren Energia ON,Ativo
2025-06,BBSE3.SA,Seguros,BB Seguridade ON,Ativo
2025-06,PSSA3.SA,Seguros,Porto Seguro ON,Ativo
2025-06,CXSE3.SA,Seguros,Caixa Seguridade ON,Ativo
2025-06,WIZC3.SA,Seguros,Wiz Soluções ON,Ativo
2025-06,SULA11.SA,Seguros,SulAmérica Unit (Incorporada),Deslistado/Incorporado
2025-06,SBSP3.SA,Saneamento,Sabesp ON,Ativo
2025-06,SAPR11.SA,Saneamento,Sanepar Unit,Ativo
2025-06,SAPR4.SA,Saneamento,Sanepar PN,Ativo
2025-06,CSMG3.SA,Saneamento,Copasa ON,Ativo
2025-07,ITUB4.SA,Bancos,Itaú Unibanco PN,Ativo
2025-07,BBDC4.SA,Bancos,Bradesco PN,Ativo
2025-07,BBAS3.SA,Bancos,Banco do Brasil ON,Ativo
2025-07,SANB11.SA,Bancos,Santander Brasil Unit,Ativo
2025-07,BPAC11.SA,Bancos,BTG Pactual Unit,Ativo
2025-07,ABCB4.SA,Bancos,Banco ABC Brasil PN,Ativo
2025-07,BRSR6.SA,Bancos,Banrisul PN,Ativo
2025-07,ITSA4.SA,Bancos,Itaúsa PN,Ativo
2025-07,TAEE11.SA,Energia,Taesa Unit,Ativo
2025-07,TRPL4.SA,Energia,ISA CTEEP PN,Ativo
2025-07,EGIE3.SA,Energia,Engie Brasil ON,Ativo
2025-07,CPLE6.SA,Energia,Copel PNB,Ativo
2025-07,ELET3.SA,Energia,Eletrobras ON,Ativo
2025-07,ELET6.SA,Energia,Eletrobras PNB,Ativo
2025-07,EQTL3.SA,Energia,Equatorial Energia ON,Ativo
2025-07,CMIG4.SA,Energia,Cemig PN,Ativo
2025-07,CPFE3.SA,Energia,CPFL Energia ON,Ativo
2025-07,ALUP11.SA,Energia,Alupar Unit,Ativo
2025-07,ENGI11.SA,Energia,Energisa Unit,Ativo
2025-07,ENBR3.SA,Energia,EDP Brasil ON (Deslistada),Deslistado/Incorporado
2025-07,AESB3.SA,Energia,AES Brasil ON (Incorporada),Deslistado/Incorporado
2025-07,AURE3.SA,Energia,Auren Energia ON,Ativo
2025-07,BBSE3.SA,Seguros,BB Seguridade ON,Ativo
2025-07,PSSA3.SA,Seguros,Porto Seguro ON,Ativo
2025-07,CXSE3.SA,Seguros,Caixa Seguridade ON,Ativo
2025-07,WIZC3.SA,Seguros,Wiz Soluções ON,Ativo
2025-07,SULA11.SA,Seguros,SulAmérica Unit (Incorporada),Deslistado/Incorporado
2025-07,SBSP3.SA,Saneamento,Sabesp ON,Ativo
2025-07,SAPR11.SA,Saneamento,Sanepar Unit,Ativo
2025-07,SAPR4.SA,Saneamento,Sanepar PN,Ativo
2025-07,CSMG3.SA,Saneamento,Copasa ON,Ativo
2025-08,ITUB4.SA,Bancos,Itaú Unibanco PN,Ativo
2025-08,BBDC4.SA,Bancos,Bradesco PN,Ativo
2025-08,BBAS3.SA,Bancos,Banco do Brasil ON,Ativo
2025-08,SANB11.SA,Bancos,Santander Brasil Unit,Ativo
2025-08,BPAC11.SA,Bancos,BTG Pactual Unit,Ativo
2025-08,ABCB4.SA,Bancos,Banco ABC Brasil PN,Ativo
2025-08,BRSR6.SA,Bancos,Banrisul PN,Ativo
2025-08,ITSA4.SA,Bancos,Itaúsa PN,Ativo
2025-08,TAEE11.SA,Energia,Taesa Unit,Ativo
2025-08,TRPL4.SA,Energia,ISA CTEEP PN,Ativo
2025-08,EGIE3.SA,Energia,Engie Brasil ON,Ativo
2025-08,CPLE6.SA,Energia,Copel PNB,Ativo
2025-08,ELET3.SA,Energia,Eletrobras ON,Ativo
2025-08,ELET6.SA,Energia,Eletrobras PNB,Ativo
2025-08,EQTL3.SA,Energia,Equatorial Energia ON,Ativo
2025-08,CMIG4.SA,Energia,Cemig PN,Ativo
2025-08,CPFE3.SA,Energia,CPFL Energia ON,Ativo
2025-08,ALUP11.SA,Energia,Alupar Unit,Ativo
2025-08,ENGI11.SA,Energia,Energisa Unit,Ativo
2025-08,ENBR3.SA,Energia,EDP Brasil ON (Deslistada),Deslistado/Incorporado
2025-08,AESB3.SA,Energia,AES Brasil ON (Incorporada),Deslistado/Incorporado
2025-08,AURE3.SA,Energia,Auren Energia ON,Ativo
2025-08,BBSE3.SA,Seguros,BB Seguridade ON,Ativo
2025-08,PSSA3.SA,Seguros,Porto Seguro ON,Ativo
2025-08,CXSE3.SA,Seguros,Caixa Seguridade ON,Ativo
2025-08,WIZC3.SA,Seguros,Wiz Soluções ON,Ativo
2025-08,SULA11.SA,Seguros,SulAmérica Unit (Incorporada),Deslistado/Incorporado
2025-08,SBSP3.SA,Saneamento,Sabesp ON,Ativo
2025-08,SAPR11.SA,Saneamento,Sanepar Unit,Ativo
2025-08,SAPR4.SA,Saneamento,Sanepar PN,Ativo
2025-08,CSMG3.SA,Saneamento,Copasa ON,Ativo
2025-09,ITUB4.SA,Bancos,Itaú Unibanco PN,Ativo
2025-09,BBDC4.SA,Bancos,Bradesco PN,Ativo
2025-09,BBAS3.SA,Bancos,Banco do Brasil ON,Ativo
2025-09,SANB11.SA,Bancos,Santander Brasil Unit,Ativo
2025-09,BPAC11.SA,Bancos,BTG Pactual Unit,Ativo
2025-09,ABCB4.SA,Bancos,Banco ABC Brasil PN,Ativo
2025-09,BRSR6.SA,Bancos,Banrisul PN,Ativo
2025-09,ITSA4.SA,Bancos,Itaúsa PN,Ativo
2025-09,TAEE11.SA,Energia,Taesa Unit,Ativo
2025-09,TRPL4.SA,Energia,ISA CTEEP PN,Ativo
2025-09,EGIE3.SA,Energia,Engie Brasil ON,Ativo
2025-09,CPLE6.SA,Energia,Copel PNB,Ativo
2025-09,ELET3.SA,Energia,Eletrobras ON,Ativo
2025-09,ELET6.SA,Energia,Eletrobras PNB,Ativo
2025-09,EQTL3.SA,Energia,Equatorial Energia ON,Ativo
2025-09,CMIG4.SA,Energia,Cemig PN,Ativo
2025-09,CPFE3.SA,Energia,CPFL Energia ON,Ativo
2025-09,ALUP11.SA,Energia,Alupar Unit,Ativo
2025-09,ENGI11.SA,Energia,Energisa Unit,Ativo
2025-09,ENBR3.SA,Energia,EDP Brasil ON (Deslistada),Deslistado/Incorporado
2025-09,AESB3.SA,Energia,AES Brasil ON (Incorporada),Deslistado/Incorporado
2025-09,AURE3.SA,Energia,Auren Energia ON,Ativo
2025-09,BBSE3.SA,Seguros,BB Seguridade ON,Ativo
2025-09,PSSA3.SA,Seguros,Porto Seguro ON,Ativo
2025-09,CXSE3.SA,Seguros,Caixa Seguridade ON,Ativo
2025-09,WIZC3.SA,Seguros,Wiz Soluções ON,Ativo
2025-09,SULA11.SA,Seguros,SulAmérica Unit (Incorporada),Deslistado/Incorporado
2025-09,SBSP3.SA,Saneamento,Sabesp ON,Ativo
2025-09,SAPR11.SA,Saneamento,Sanepar Unit,Ativo
2025-09,SAPR4.SA,Saneamento,Sanepar PN,Ativo
2025-09,CSMG3.SA,Saneamento,Copasa ON,Ativo
2025-10,ITUB4.SA,Bancos,Itaú Unibanco PN,Ativo
2025-10,BBDC4.SA,Bancos,Bradesco PN,Ativo
2025-10,BBAS3.SA,Bancos,Banco do Brasil ON,Ativo
2025-10,SANB11.SA,Bancos,Santander Brasil Unit,Ativo
2025-10,BPAC11.SA,Bancos,BTG Pactual Unit,Ativo
2025-10,ABCB4.SA,Bancos,Banco ABC Brasil PN,Ativo
2025-10,BRSR6.SA,Bancos,Banrisul PN,Ativo
2025-10,ITSA4.SA,Bancos,Itaúsa PN,Ativo
2025-10,TAEE11.SA,Energia,Taesa Unit,Ativo
2025-10,TRPL4.SA,Energia,ISA CTEEP PN,Ativo
2025-10,EGIE3.SA,Energia,Engie Brasil ON,Ativo
2025-10,CPLE6.SA,Energia,Copel PNB,Ativo
2025-10,ELET3.SA,Energia,Eletrobras ON,Ativo
2025-10,ELET6.SA,Energia,Eletrobras PNB,Ativo
2025-10,EQTL3.SA,Energia,Equatorial Energia ON,Ativo
2025-10,CMIG4.SA,Energia,Cemig PN,Ativo
2025-10,CPFE3.SA,Energia,CPFL Energia ON,Ativo
2025-10,ALUP11.SA,Energia,Alupar Unit,Ativo
2025-10,ENGI11.SA,Energia,Energisa Unit,Ativo
2025-10,ENBR3.SA,Energia,EDP Brasil ON (Deslistada),Deslistado/Incorporado
2025-10,AESB3.SA,Energia,AES Brasil ON (Incorporada),Deslistado/Incorporado
2025-10,AURE3.SA,Energia,Auren Energia ON,Ativo
2025-10,BBSE3.SA,Seguros,BB Seguridade ON,Ativo
2025-10,PSSA3.SA,Seguros,Porto Seguro ON,Ativo
2025-10,CXSE3.SA,Seguros,Caixa Seguridade ON,Ativo
2025-10,WIZC3.SA,Seguros,Wiz Soluções ON,Ativo
2025-10,SULA11.SA,Seguros,SulAmérica Unit (Incorporada),Deslistado/Incorporado
2025-10,SBSP3.SA,Saneamento,Sabesp ON,Ativo
2025-10,SAPR11.SA,Saneamento,Sanepar Unit,Ativo
2025-10,SAPR4.SA,Saneamento,Sanepar PN,Ativo
2025-10,CSMG3.SA,Saneamento,Copasa ON,Ativo
2025-11,ITUB4.SA,Bancos,Itaú Unibanco PN,Ativo
2025-11,BBDC4.SA,Bancos,Bradesco PN,Ativo
2025-11,BBAS3.SA,Bancos,Banco do Brasil ON,Ativo
2025-11,SANB11.SA,Bancos,Santander Brasil Unit,Ativo
2025-11,BPAC11.SA,Bancos,BTG Pactual Unit,Ativo
2025-11,ABCB4.SA,Bancos,Banco ABC Brasil PN,Ativo
2025-11,BRSR6.SA,Bancos,Banrisul PN,Ativo
2025-11,ITSA4.SA,Bancos,Itaúsa PN,Ativo
2025-11,TAEE11.SA,Energia,Taesa Unit,Ativo
2025-11,TRPL4.SA,Energia,ISA CTEEP PN,Ativo
2025-11,EGIE3.SA,Energia,Engie Brasil ON,Ativo
2025-11,CPLE6.SA,Energia,Copel PNB,Ativo
2025-11,ELET3.SA,Energia,Eletrobras ON,Ativo
2025-11,ELET6.SA,Energia,Eletrobras PNB,Ativo
2025-11,EQTL3.SA,Energia,Equatorial Energia ON,Ativo
2025-11,CMIG4.SA,Energia,Cemig PN,Ativo
2025-11,CPFE3.SA,Energia,CPFL Energia ON,Ativo
2025-11,ALUP11.SA,Energia,Alupar Unit,Ativo
2025-11,ENGI11.SA,Energia,Energisa Unit,Ativo
2025-11,ENBR3.SA,Energia,EDP Brasil ON (Deslistada),Deslistado/Incorporado
2025-11,AESB3.SA,Energia,AES Brasil ON (Incorporada),Deslistado/Incorporado
2025-11,AURE3.SA,Energia,Auren Energia ON,Ativo
2025-11,BBSE3.SA,Seguros,BB Seguridade ON,Ativo
2025-11,PSSA3.SA,Seguros,Porto Seguro ON,Ativo
2025-11,CXSE3.SA,Seguros,Caixa Seguridade ON,Ativo
2025-11,WIZC3.SA,Seguros,Wiz Soluções ON,Ativo
2025-11,SULA11.SA,Seguros,SulAmérica Unit (Incorporada),Deslistado/Incorporado
2025-11,SBSP3.SA,Saneamento,Sabesp ON,Ativo
2025-11,SAPR11.SA,Saneamento,Sanepar Unit,Ativo
2025-11,SAPR4.SA,Saneamento,Sanepar PN,Ativo
2025-11,CSMG3.SA,Saneamento,Copasa ON,Ativo
2025-12,ITUB4.SA,Bancos,Itaú Unibanco PN,Ativo
2025-12,BBDC4.SA,Bancos,Bradesco PN,Ativo
2025-12,BBAS3.SA,Bancos,Banco do Brasil ON,Ativo
2025-12,SANB11.SA,Bancos,Santander Brasil Unit,Ativo
2025-12,BPAC11.SA,Bancos,BTG Pactual Unit,Ativo
2025-12,ABCB4.SA,Bancos,Banco ABC Brasil PN,Ativo
2025-12,BRSR6.SA,Bancos,Banrisul PN,Ativo
2025-12,ITSA4.SA,Bancos,Itaúsa PN,Ativo
2025-12,TAEE11.SA,Energia,Taesa Unit,Ativo
2025-12,TRPL4.SA,Energia,ISA CTEEP PN,Ativo
2025-12,EGIE3.SA,Energia,Engie Brasil ON,Ativo
2025-12,CPLE6.SA,Energia,Copel PNB,Ativo
2025-12,ELET3.SA,Energia,Eletrobras ON,Ativo
2025-12,ELET6.SA,Energia,Eletrobras PNB,Ativo
2025-12,EQTL3.SA,Energia,Equatorial Energia ON,Ativo
2025-12,CMIG4.SA,Energia,Cemig PN,Ativo
2025-12,CPFE3.SA,Energia,CPFL Energia ON,Ativo
2025-12,ALUP11.SA,Energia,Alupar Unit,Ativo
2025-12,ENGI11.SA,Energia,Energisa Unit,Ativo
2025-12,ENBR3.SA,Energia,EDP Brasil ON (Deslistada),Deslistado/Incorporado
2025-12,AESB3.SA,Energia,AES Brasil ON (Incorporada),Deslistado/Incorporado
2025-12,AURE3.SA,Energia,Auren Energia ON,Ativo
2025-12,BBSE3.SA,Seguros,BB Seguridade ON,Ativo
2025-12,PSSA3.SA,Seguros,Porto Seguro ON,Ativo
2025-12,CXSE3.SA,Seguros,Caixa Seguridade ON,Ativo
2025-12,WIZC3.SA,Seguros,Wiz Soluções ON,Ativo
2025-12,SULA11.SA,Seguros,SulAmérica Unit (Incorporada),Deslistado/Incorporado
2025-12,SBSP3.SA,Saneamento,Sabesp ON,Ativo
2025-12,SAPR11.SA,Saneamento,Sanepar Unit,Ativo
2025-12,SAPR4.SA,Saneamento,Sanepar PN,Ativo
2025-12,CSMG3.SA,Saneamento,Copasa ON,Ativo
2026-01,ITUB4.SA,Bancos,Itaú Unibanco PN,Ativo
2026-01,BBDC4.SA,Bancos,Bradesco PN,Ativo
2026-01,BBAS3.SA,Bancos,Banco do Brasil ON,Ativo
2026-01,SANB11.SA,Bancos,Santander Brasil Unit,Ativo
2026-01,BPAC11.SA,Bancos,BTG Pactual Unit,Ativo
2026-01,ABCB4.SA,Bancos,Banco ABC Brasil PN,Ativo
2026-01,BRSR6.SA,Bancos,Banrisul PN,Ativo
2026-01,ITSA4.SA,Bancos,Itaúsa PN,Ativo
2026-01,TAEE11.SA,Energia,Taesa Unit,Ativo
2026-01,TRPL4.SA,Energia,ISA CTEEP PN,Ativo
2026-01,EGIE3.SA,Energia,Engie Brasil ON,Ativo
2026-01,CPLE6.SA,Energia,Copel PNB,Ativo
2026-01,ELET3.SA,Energia,Eletrobras ON,Ativo
2026-01,ELET6.SA,Energia,Eletrobras PNB,Ativo
2026-01,EQTL3.SA,Energia,Equatorial Energia ON,Ativo
2026-01,CMIG4.SA,Energia,Cemig PN,Ativo
2026-01,CPFE3.SA,Energia,CPFL Energia ON,Ativo
2026-01,ALUP11.SA,Energia,Alupar Unit,Ativo
2026-01,ENGI11.SA,Energia,Energisa Unit,Ativo
2026-01,ENBR3.SA,Energia,EDP Brasil ON (Deslistada),Deslistado/Incorporado
2026-01,AESB3.SA,Energia,AES Brasil ON (Incorporada),Deslistado/Incorporado
2026-01,AURE3.SA,Energia,Auren Energia ON,Ativo
2026-01,BBSE3.SA,Seguros,BB Seguridade ON,Ativo
2026-01,PSSA3.SA,Seguros,Porto Seguro ON,Ativo
2026-01,CXSE3.SA,Seguros,Caixa Seguridade ON,Ativo
2026-01,WIZC3.SA,Seguros,Wiz Soluções ON,Ativo
2026-01,SULA11.SA,Seguros,SulAmérica Unit (Incorporada),Deslistado/Incorporado
2026-01,SBSP3.SA,Saneamento,Sabesp ON,Ativo
2026-01,SAPR11.SA,Saneamento,Sanepar Unit,Ativo
2026-01,SAPR4.SA,Saneamento,Sanepar PN,Ativo
2026-01,CSMG3.SA,Saneamento,Copasa ON,Ativo
2026-02,ITUB4.SA,Bancos,Itaú Unibanco PN,Ativo
2026-02,BBDC4.SA,Bancos,Bradesco PN,Ativo
2026-02,BBAS3.SA,Bancos,Banco do Brasil ON,Ativo
2026-02,SANB11.SA,Bancos,Santander Brasil Unit,Ativo
2026-02,BPAC11.SA,Bancos,BTG Pactual Unit,Ativo
2026-02,ABCB4.SA,Bancos,Banco ABC Brasil PN,Ativo
2026-02,BRSR6.SA,Bancos,Banrisul PN,Ativo
2026-02,ITSA4.SA,Bancos,Itaúsa PN,Ativo
2026-02,TAEE11.SA,Energia,Taesa Unit,Ativo
2026-02,TRPL4.SA,Energia,ISA CTEEP PN,Ativo
2026-02,EGIE3.SA,Energia,Engie Brasil ON,Ativo
2026-02,CPLE6.SA,Energia,Copel PNB,Ativo
2026-02,ELET3.SA,Energia,Eletrobras ON,Ativo
2026-02,ELET6.SA,Energia,Eletrobras PNB,Ativo
2026-02,EQTL3.SA,Energia,Equatorial Energia ON,Ativo
2026-02,CMIG4.SA,Energia,Cemig PN,Ativo
2026-02,CPFE3.SA,Energia,CPFL Energia ON,Ativo
2026-02,ALUP11.SA,Energia,Alupar Unit,Ativo
2026-02,ENGI11.SA,Energia,Energisa Unit,Ativo
2026-02,ENBR3.SA,Energia,EDP Brasil ON (Deslistada),Deslistado/Incorporado
2026-02,AESB3.SA,Energia,AES Brasil ON (Incorporada),Deslistado/Incorporado
2026-02,AURE3.SA,Energia,Auren Energia ON,Ativo
2026-02,BBSE3.SA,Seguros,BB Seguridade ON,Ativo
2026-02,PSSA3.SA,Seguros,Porto Seguro ON,Ativo
2026-02,CXSE3.SA,Seguros,Caixa Seguridade ON,Ativo
2026-02,WIZC3.SA,Seguros,Wiz Soluções ON,Ativo
2026-02,SULA11.SA,Seguros,SulAmérica Unit (Incorporada),Deslistado/Incorporado
2026-02,SBSP3.SA,Saneamento,Sabesp ON,Ativo
2026-02,SAPR11.SA,Saneamento,Sanepar Unit,Ativo
2026-02,SAPR4.SA,Saneamento,Sanepar PN,Ativo
2026-02,CSMG3.SA,Saneamento,Copasa ON,Ativo
2026-03,ITUB4.SA,Bancos,Itaú Unibanco PN,Ativo
2026-03,BBDC4.SA,Bancos,Bradesco PN,Ativo
2026-03,BBAS3.SA,Bancos,Banco do Brasil ON,Ativo
2026-03,SANB11.SA,Bancos,Santander Brasil Unit,Ativo
2026-03,BPAC11.SA,Bancos,BTG Pactual Unit,Ativo
2026-03,ABCB4.SA,Bancos,Banco ABC Brasil PN,Ativo
2026-03,BRSR6.SA,Bancos,Banrisul PN,Ativo
2026-03,ITSA4.SA,Bancos,Itaúsa PN,Ativo
2026-03,TAEE11.SA,Energia,Taesa Unit,Ativo
2026-03,TRPL4.SA,Energia,ISA CTEEP PN,Ativo
2026-03,EGIE3.SA,Energia,Engie Brasil ON,Ativo
2026-03,CPLE6.SA,Energia,Copel PNB,Ativo
2026-03,ELET3.SA,Energia,Eletrobras ON,Ativo
2026-03,ELET6.SA,Energia,Eletrobras PNB,Ativo
2026-03,EQTL3.SA,Energia,Equatorial Energia ON,Ativo
2026-03,CMIG4.SA,Energia,Cemig PN,Ativo
2026-03,CPFE3.SA,Energia,CPFL Energia ON,Ativo
2026-03,ALUP11.SA,Energia,Alupar Unit,Ativo
2026-03,ENGI11.SA,Energia,Energisa Unit,Ativo
2026-03,ENBR3.SA,Energia,EDP Brasil ON (Deslistada),Deslistado/Incorporado
2026-03,AESB3.SA,Energia,AES Brasil ON (Incorporada),Deslistado/Incorporado
2026-03,AURE3.SA,Energia,Auren Energia ON,Ativo
2026-03,BBSE3.SA,Seguros,BB Seguridade ON,Ativo
2026-03,PSSA3.SA,Seguros,Porto Seguro ON,Ativo
2026-03,CXSE3.SA,Seguros,Caixa Seguridade ON,Ativo
2026-03,WIZC3.SA,Seguros,Wiz Soluções ON,Ativo
2026-03,SULA11.SA,Seguros,SulAmérica Unit (Incorporada),Deslistado/Incorporado
2026-03,SBSP3.SA,Saneamento,Sabesp ON,Ativo
2026-03,SAPR11.SA,Saneamento,Sanepar Unit,Ativo
2026-03,SAPR4.SA,Saneamento,Sanepar PN,Ativo
2026-03,CSMG3.SA,Saneamento,Copasa ON,Ativo
2026-04,ITUB4.SA,Bancos,Itaú Unibanco PN,Ativo
2026-04,BBDC4.SA,Bancos,Bradesco PN,Ativo
2026-04,BBAS3.SA,Bancos,Banco do Brasil ON,Ativo
2026-04,SANB11.SA,Bancos,Santander Brasil Unit,Ativo
2026-04,BPAC11.SA,Bancos,BTG Pactual Unit,Ativo
2026-04,ABCB4.SA,Bancos,Banco ABC Brasil PN,Ativo
2026-04,BRSR6.SA,Bancos,Banrisul PN,Ativo
2026-04,ITSA4.SA,Bancos,Itaúsa PN,Ativo
2026-04,TAEE11.SA,Energia,Taesa Unit,Ativo
2026-04,TRPL4.SA,Energia,ISA CTEEP PN,Ativo
2026-04,EGIE3.SA,Energia,Engie Brasil ON,Ativo
2026-04,CPLE6.SA,Energia,Copel PNB,Ativo
2026-04,ELET3.SA,Energia,Eletrobras ON,Ativo
2026-04,ELET6.SA,Energia,Eletrobras PNB,Ativo
2026-04,EQTL3.SA,Energia,Equatorial Energia ON,Ativo
2026-04,CMIG4.SA,Energia,Cemig PN,Ativo
2026-04,CPFE3.SA,Energia,CPFL Energia ON,Ativo
2026-04,ALUP11.SA,Energia,Alupar Unit,Ativo
2026-04,ENGI11.SA,Energia,Energisa Unit,Ativo
2026-04,ENBR3.SA,Energia,EDP Brasil ON (Deslistada),Deslistado/Incorporado
2026-04,AESB3.SA,Energia,AES Brasil ON (Incorporada),Deslistado/Incorporado
2026-04,AURE3.SA,Energia,Auren Energia ON,Ativo
2026-04,BBSE3.SA,Seguros,BB Seguridade ON,Ativo
2026-04,PSSA3.SA,Seguros,Porto Seguro ON,Ativo
2026-04,CXSE3.SA,Seguros,Caixa Seguridade ON,Ativo
2026-04,WIZC3.SA,Seguros,Wiz Soluções ON,Ativo
2026-04,SULA11.SA,Seguros,SulAmérica Unit (Incorporada),Deslistado/Incorporado
2026-04,SBSP3.SA,Saneamento,Sabesp ON,Ativo
2026-04,SAPR11.SA,Saneamento,Sanepar Unit,Ativo
2026-04,SAPR4.SA,Saneamento,Sanepar PN,Ativo
2026-04,CSMG3.SA,Saneamento,Copasa ON,Ativo
2026-05,ITUB4.SA,Bancos,Itaú Unibanco PN,Ativo
2026-05,BBDC4.SA,Bancos,Bradesco PN,Ativo
2026-05,BBAS3.SA,Bancos,Banco do Brasil ON,Ativo
2026-05,SANB11.SA,Bancos,Santander Brasil Unit,Ativo
2026-05,BPAC11.SA,Bancos,BTG Pactual Unit,Ativo
2026-05,ABCB4.SA,Bancos,Banco ABC Brasil PN,Ativo
2026-05,BRSR6.SA,Bancos,Banrisul PN,Ativo
2026-05,ITSA4.SA,Bancos,Itaúsa PN,Ativo
2026-05,TAEE11.SA,Energia,Taesa Unit,Ativo
2026-05,TRPL4.SA,Energia,ISA CTEEP PN,Ativo
2026-05,EGIE3.SA,Energia,Engie Brasil ON,Ativo
2026-05,CPLE6.SA,Energia,Copel PNB,Ativo
2026-05,ELET3.SA,Energia,Eletrobras ON,Ativo
2026-05,ELET6.SA,Energia,Eletrobras PNB,Ativo
2026-05,EQTL3.SA,Energia,Equatorial Energia ON,Ativo
2026-05,CMIG4.SA,Energia,Cemig PN,Ativo
2026-05,CPFE3.SA,Energia,CPFL Energia ON,Ativo
2026-05,ALUP11.SA,Energia,Alupar Unit,Ativo
2026-05,ENGI11.SA,Energia,Energisa Unit,Ativo
2026-05,ENBR3.SA,Energia,EDP Brasil ON (Deslistada),Deslistado/Incorporado
2026-05,AESB3.SA,Energia,AES Brasil ON (Incorporada),Deslistado/Incorporado
2026-05,AURE3.SA,Energia,Auren Energia ON,Ativo
2026-05,BBSE3.SA,Seguros,BB Seguridade ON,Ativo
2026-05,PSSA3.SA,Seguros,Porto Seguro ON,Ativo
2026-05,CXSE3.SA,Seguros,Caixa Seguridade ON,Ativo
2026-05,WIZC3.SA,Seguros,Wiz Soluções ON,Ativo
2026-05,SULA11.SA,Seguros,SulAmérica Unit (Incorporada),Deslistado/Incorporado
2026-05,SBSP3.SA,Saneamento,Sabesp ON,Ativo
2026-05,SAPR11.SA,Saneamento,Sanepar Unit,Ativo
2026-05,SAPR4.SA,Saneamento,Sanepar PN,Ativo
2026-05,CSMG3.SA,Saneamento,Copasa ON,Ativo
2026-06,ITUB4.SA,Bancos,Itaú Unibanco PN,Ativo
2026-06,BBDC4.SA,Bancos,Bradesco PN,Ativo
2026-06,BBAS3.SA,Bancos,Banco do Brasil ON,Ativo
2026-06,SANB11.SA,Bancos,Santander Brasil Unit,Ativo
2026-06,BPAC11.SA,Bancos,BTG Pactual Unit,Ativo
2026-06,ABCB4.SA,Bancos,Banco ABC Brasil PN,Ativo
2026-06,BRSR6.SA,Bancos,Banrisul PN,Ativo
2026-06,ITSA4.SA,Bancos,Itaúsa PN,Ativo
2026-06,TAEE11.SA,Energia,Taesa Unit,Ativo
2026-06,TRPL4.SA,Energia,ISA CTEEP PN,Ativo
2026-06,EGIE3.SA,Energia,Engie Brasil ON,Ativo
2026-06,CPLE6.SA,Energia,Copel PNB,Ativo
2026-06,ELET3.SA,Energia,Eletrobras ON,Ativo
2026-06,ELET6.SA,Energia,Eletrobras PNB,Ativo
2026-06,EQTL3.SA,Energia,Equatorial Energia ON,Ativo
2026-06,CMIG4.SA,Energia,Cemig PN,Ativo
2026-06,CPFE3.SA,Energia,CPFL Energia ON,Ativo
2026-06,ALUP11.SA,Energia,Alupar Unit,Ativo
2026-06,ENGI11.SA,Energia,Energisa Unit,Ativo
2026-06,ENBR3.SA,Energia,EDP Brasil ON (Deslistada),Deslistado/Incorporado
2026-06,AESB3.SA,Energia,AES Brasil ON (Incorporada),Deslistado/Incorporado
2026-06,AURE3.SA,Energia,Auren Energia ON,Ativo
2026-06,BBSE3.SA,Seguros,BB Seguridade ON,Ativo
2026-06,PSSA3.SA,Seguros,Porto Seguro ON,Ativo
2026-06,CXSE3.SA,Seguros,Caixa Seguridade ON,Ativo
2026-06,WIZC3.SA,Seguros,Wiz Soluções ON,Ativo
2026-06,SULA11.SA,Seguros,SulAmérica Unit (Incorporada),Deslistado/Incorporado
2026-06,SBSP3.SA,Saneamento,Sabesp ON,Ativo
2026-06,SAPR11.SA,Saneamento,Sanepar Unit,Ativo
2026-06,SAPR4.SA,Saneamento,Sanepar PN,Ativo
2026-06,CSMG3.SA,Saneamento,Copasa ON,Ativo
2026-07,ITUB4.SA,Bancos,Itaú Unibanco PN,Ativo
2026-07,BBDC4.SA,Bancos,Bradesco PN,Ativo
2026-07,BBAS3.SA,Bancos,Banco do Brasil ON,Ativo
2026-07,SANB11.SA,Bancos,Santander Brasil Unit,Ativo
2026-07,BPAC11.SA,Bancos,BTG Pactual Unit,Ativo
2026-07,ABCB4.SA,Bancos,Banco ABC Brasil PN,Ativo
2026-07,BRSR6.SA,Bancos,Banrisul PN,Ativo
2026-07,ITSA4.SA,Bancos,Itaúsa PN,Ativo
2026-07,TAEE11.SA,Energia,Taesa Unit,Ativo
2026-07,TRPL4.SA,Energia,ISA CTEEP PN,Ativo
2026-07,EGIE3.SA,Energia,Engie Brasil ON,Ativo
2026-07,CPLE6.SA,Energia,Copel PNB,Ativo
2026-07,ELET3.SA,Energia,Eletrobras ON,Ativo
2026-07,ELET6.SA,Energia,Eletrobras PNB,Ativo
2026-07,EQTL3.SA,Energia,Equatorial Energia ON,Ativo
2026-07,CMIG4.SA,Energia,Cemig PN,Ativo
2026-07,CPFE3.SA,Energia,CPFL Energia ON,Ativo
2026-07,ALUP11.SA,Energia,Alupar Unit,Ativo
2026-07,ENGI11.SA,Energia,Energisa Unit,Ativo
2026-07,ENBR3.SA,Energia,EDP Brasil ON (Deslistada),Deslistado/Incorporado
2026-07,AESB3.SA,Energia,AES Brasil ON (Incorporada),Deslistado/Incorporado
2026-07,AURE3.SA,Energia,Auren Energia ON,Ativo
2026-07,BBSE3.SA,Seguros,BB Seguridade ON,Ativo
2026-07,PSSA3.SA,Seguros,Porto Seguro ON,Ativo
2026-07,CXSE3.SA,Seguros,Caixa Seguridade ON,Ativo
2026-07,WIZC3.SA,Seguros,Wiz Soluções ON,Ativo
2026-07,SULA11.SA,Seguros,SulAmérica Unit (Incorporada),Deslistado/Incorporado
2026-07,SBSP3.SA,Saneamento,Sabesp ON,Ativo
2026-07,SAPR11.SA,Saneamento,Sanepar Unit,Ativo
2026-07,SAPR4.SA,Saneamento,Sanepar PN,Ativo
2026-07,CSMG3.SA,Saneamento,Copasa ON,Ativo
